ID,attestedName,romanized_name,nameLanguage
1,Гатницы,Gatnitsy,Russian (Old Orthography)
2,Павшино,Pavshino,Russian (Old Orthography)
3,Змѣевѣ,Zmeeve,Russian (Old Orthography)
4,Ховань,Khovan',Russian (Old Orthography)
5,Лиской,Liskoi,Russian (Old Orthography)
6,Лаишевъ,"Laishev""",Russian (Old Orthography)
7,Мостки,Mostki,Russian (Old Orthography)
8,Новоезерской Кириловъ,"Novoezerskoi Kirilov""",Russian (Old Orthography)
9,Іосифовъ,"Іosifov""",Russian (Old Orthography)
10,Корсунь,Korsun',Russian (Old Orthography)
11,Воронцовка,Vorontsovka,Russian (Old Orthography)
12,Кіата,Kіata,Russian (Old Orthography)
13,Макарово,Makarovo,Russian (Old Orthography)
14,Тверь,Tver',Russian (Old Orthography)
15,Устье,Ust'e,Russian (Old Orthography)
16,Свирской Александровской,Svirskoi Aleksandrovskoi,Russian (Old Orthography)
17,Кимры,Kimry,Russian (Old Orthography)
18,Кромы,Kromy,Russian (Old Orthography)
19,Комлички,Komlichki,Russian (Old Orthography)
20,Голтва,Goltva,Russian (Old Orthography)
21,Городня,Gorodnia,Russian (Old Orthography)
22,Городницкъ,"Gorodnitsk""",Russian (Old Orthography)
23,Гремячь,Gremiach',Russian (Old Orthography)
24,Молога,Mologa,Russian (Old Orthography)
25,Грязовецъ,"Griazovets""",Russian (Old Orthography)
26,Хомутцы,Khomuttsy,Russian (Old Orthography)
27,Кременной,Kremennoi,Russian (Old Orthography)
28,Инжавенье,Inzhaven'e,Russian (Old Orthography)
29,Чечерскъ,"Chechersk""",Russian (Old Orthography)
30,Галяни,Galiani,Russian (Old Orthography)
31,Елатма,Elatma,Russian (Old Orthography)
32,Петровская,Petrovskaia,Russian (Old Orthography)
33,Басань,Basan',Russian (Old Orthography)
34,Парское,Parskoe,Russian (Old Orthography)
35,Мещовскъ,"Meshchovsk""",Russian (Old Orthography)
36,Высокое,Vysokoe,Russian (Old Orthography)
37,Нельянской,Nel'ianskoi,Russian (Old Orthography)
38,Макалово,Makalovo,Russian (Old Orthography)
39,Петровскъ,"Petrovsk""",Russian (Old Orthography)
40,Одоевъ,"Odoev""",Russian (Old Orthography)
41,Роменъ,"Romen""",Russian (Old Orthography)
42,Новой Миргородъ,"Novoi Mirgorod""",Russian (Old Orthography)
43,Осташковъ,"Ostashkov""",Russian (Old Orthography)
44,Хоперскъ,"Khopersk""",Russian (Old Orthography)
45,Горки,Gorki,Russian (Old Orthography)
46,Михайловка,Mikhailovka,Russian (Old Orthography)
47,Полтава,Poltava,Russian (Old Orthography)
48,Игумново,Igumnovo,Russian (Old Orthography)
49,Яблуновъ,"Iablunov""",Russian (Old Orthography)
50,Красное,Krasnoe,Russian (Old Orthography)
51,Рѣзыцы,Rezytsy,Russian (Old Orthography)
52,Инсара,Insara,Russian (Old Orthography)
53,Бѣлой,Beloi,Russian (Old Orthography)
54,Бѣжецкъ,"Bezhetsk""",Russian (Old Orthography)
55,Алатырь,Alatyr',Russian (Old Orthography)
56,Гагарино,Gagarino,Russian (Old Orthography)
57,Ефремовъ,"Efremov""",Russian (Old Orthography)
58,Козловъ,"Kozlov""",Russian (Old Orthography)
59,Клинъ,"Klin""",Russian (Old Orthography)
60,Козловка,Kozlovka,Russian (Old Orthography)
61,Ярославль,Iaroslavl',Russian (Old Orthography)
62,Пирятинъ,"Piriatin""",Russian (Old Orthography)
63,Мижиричь,Mizhirich',Russian (Old Orthography)
64,Куреньки,Kuren'ki,Russian (Old Orthography)
65,Калинкино,Kalinkino,Russian (Old Orthography)
66,Мринъ,"Mrin""",Russian (Old Orthography)
67,Динабургъ,"Dinaburg""",Russian (Old Orthography)
68,Кошира,Koshira,Russian (Old Orthography)
69,Кадомъ,"Kadom""",Russian (Old Orthography)
70,Черниговъ,"Chernigov""",Russian (Old Orthography)
71,Петровская,Petrovskaia,Russian (Old Orthography)
72,Ропскъ,"Ropsk""",Russian (Old Orthography)
73,Козельскъ,"Kozel'sk""",Russian (Old Orthography)
74,Мурзынка,Murzynka,Russian (Old Orthography)
75,Окуневскъ,"Okunevsk""",Russian (Old Orthography)
76,Малино,Malino,Russian (Old Orthography)
77,Потокъ,"Potok""",Russian (Old Orthography)
78,Феллинъ,"Fellin""",Russian (Old Orthography)
79,Арзамасъ,"Arzamas""",Russian (Old Orthography)
80,Ямская,Iamskaia,Russian (Old Orthography)
81,Великое,Velikoe,Russian (Old Orthography)
82,Ивица,Ivitsa,Russian (Old Orthography)
83,Носовка,Nosovka,Russian (Old Orthography)
84,Рогачево,Rogachevo,Russian (Old Orthography)
85,Спасъ,"Spas""",Russian (Old Orthography)
86,Алексѣевская,Alekseevskaia,Russian (Old Orthography)
87,Чернавскъ,"Chernavsk""",Russian (Old Orthography)
88,Кожино,Kozhino,Russian (Old Orthography)
89,Лохвица,Lokhvitsa,Russian (Old Orthography)
90,Гремячевъ,"Gremiachev""",Russian (Old Orthography)
91,Чугуевъ,"Chuguev""",Russian (Old Orthography)
92,Щигры,Shchigry,Russian (Old Orthography)
93,Льговъ,"L'gov""",Russian (Old Orthography)
94,Опошное,Oposhnoe,Russian (Old Orthography)
95,Павлоградъ,"Pavlograd""",Russian (Old Orthography)
96,Гаврилова,Gavrilova,Russian (Old Orthography)
97,Троицкое,Troitskoe,Russian (Old Orthography)
98,Переяславль,Pereiaslavl',Russian (Old Orthography)
99,Лазовица,Lazovitsa,Russian (Old Orthography)
100,Соколъ,"Sokol""",Russian (Old Orthography)
101,Дунилово,Dunilovo,Russian (Old Orthography)
102,Ямполь,Iampol',Russian (Old Orthography)
103,Краснокаменской,Krasnokamenskoi,Russian (Old Orthography)
104,Маркушевская,Markushevskaia,Russian (Old Orthography)
105,Іосифовъ,"Іosifov""",Russian (Old Orthography)
106,Митякинская,Mitiakinskaia,Russian (Old Orthography)
107,Звенигородъ,"Zvenigorod""",Russian (Old Orthography)
108,Володимерецъ,"Volodimerets""",Russian (Old Orthography)
109,Пупки,Pupki,Russian (Old Orthography)
110,Чериковъ,"Cherikov""",Russian (Old Orthography)
111,Бѣлозерской Кириловъ,"Belozerskoi Kirilov""",Russian (Old Orthography)
112,Романовъ,"Romanov""",Russian (Old Orthography)
113,Кирилоео,Kiriloeo,Russian (Old Orthography)
114,Анаево,Anaevo,Russian (Old Orthography)
115,Переславль Залѣской,Pereslavl' Zaleskoi,Russian (Old Orthography)
116,Цариченка,Tsarichenka,Russian (Old Orthography)
117,Богатищебо,Bogatishchebo,Russian (Old Orthography)
118,Сердобскъ,"Serdobsk""",Russian (Old Orthography)
119,Андреевка,Andreevka,Russian (Old Orthography)
120,Уральскъ,"Ural'sk""",Russian (Old Orthography)
121,Олишевка,Olishevka,Russian (Old Orthography)
122,Прилуки,Priluki,Russian (Old Orthography)
123,Борятино,Boriatino,Russian (Old Orthography)
124,Свинской,Svinskoi,Russian (Old Orthography)
125,Вашка,Vashka,Russian (Old Orthography)
126,Китай - Городокъ,"Kitai - Gorodok""",Russian (Old Orthography)
127,Фатежъ,"Fatezh""",Russian (Old Orthography)
128,Темниковъ,"Temnikov""",Russian (Old Orthography)
129,Муромъ,"Murom""",Russian (Old Orthography)
130,Рязань,Riazan',Russian (Old Orthography)
131,Мишуринъ Рогъ,"Mishurin"" Rog""",Russian (Old Orthography)
132,Сухари,Sukhari,Russian (Old Orthography)
133,Гжать,Gzhat',Russian (Old Orthography)
134,Каменка,Kamenka,Russian (Old Orthography)
135,Роловское,Rolovskoe,Russian (Old Orthography)
136,Кодинское,Kodinskoe,Russian (Old Orthography)
137,Хаяча,Khaiacha,Russian (Old Orthography)
138,Лукомля,Lukomlia,Russian (Old Orthography)
139,Мстиславль,Mstislavl',Russian (Old Orthography)
140,Дмитровка,Dmitrovka,Russian (Old Orthography)
141,Ольшанка,Ol'shanka,Russian (Old Orthography)
142,Спаскъ,"Spask""",Russian (Old Orthography)
143,Острамьево,Ostram'evo,Russian (Old Orthography)
144,Сенкова,Senkova,Russian (Old Orthography)
145,Ряжскъ,"Riazhsk""",Russian (Old Orthography)
146,Выборгъ,"Vyborg""",Russian (Old Orthography)
147,Соль-Вычегодскъ,"Sol'-Vychegodsk""",Russian (Old Orthography)
148,Ляудера,Liaudera,Russian (Old Orthography)
149,Турецкая,Turetskaia,Russian (Old Orthography)
150,Миргородъ,"Mirgorod""",Russian (Old Orthography)
151,Олонецъ,"Olonets""",Russian (Old Orthography)
152,Фридрихсгамъ,"Fridrikhsgam""",Russian (Old Orthography)
153,Изюмъ,"Izium""",Russian (Old Orthography)
154,Елецъ,"Elets""",Russian (Old Orthography)
155,Шумячи,Shumiachi,Russian (Old Orthography)
156,Бѣлыничи,Belynichi,Russian (Old Orthography)
157,Кунгуръ,"Kungur""",Russian (Old Orthography)
158,Ростовъ,"Rostov""",Russian (Old Orthography)
159,Теплогорская Богородицкая,Teplogorskaia Bogoroditskaia,Russian (Old Orthography)
160,Артемоновка,Artemonovka,Russian (Old Orthography)
161,Мирополье,Miropol'e,Russian (Old Orthography)
162,Исетская,Isetskaia,Russian (Old Orthography)
163,Зарубино,Zarubino,Russian (Old Orthography)
164,Глѣбово,Glebovo,Russian (Old Orthography)
165,Ивангородъ,"Ivangorod""",Russian (Old Orthography)
166,Перновъ,"Pernov""",Russian (Old Orthography)
167,Шунгской,Shungskoi,Russian (Old Orthography)
168,Ратсбургъ,"Ratsburg""",Russian (Old Orthography)
169,Исталена,Istalena,Russian (Old Orthography)
170,Сасово,Sasovo,Russian (Old Orthography)
171,Торжокъ,"Torzhok""",Russian (Old Orthography)
172,Городище,Gorodishche,Russian (Old Orthography)
173,Вычуга,Vychuga,Russian (Old Orthography)
174,Опушка,Opushka,Russian (Old Orthography)
175,Козелецъ,"Kozelets""",Russian (Old Orthography)
176,Маячка,Maiachka,Russian (Old Orthography)
177,Милославичи,Miloslavichi,Russian (Old Orthography)
178,Замошье,Zamosh'e,Russian (Old Orthography)
179,Шишаки,Shishaki,Russian (Old Orthography)
180,Халчь,Khalch',Russian (Old Orthography)
181,Михайловъ,"Mikhailov""",Russian (Old Orthography)
182,Еске,Eske,Russian (Old Orthography)
183,Мангазея,Mangazeia,Russian (Old Orthography)
184,Туруханскъ,"Turukhansk""",Russian (Old Orthography)
185,Лапстрандъ,"Lapstrand""",Russian (Old Orthography)
186,Кишенька,Kishen'ka,Russian (Old Orthography)
187,Шуя,Shuia,Russian (Old Orthography)
188,Ункосова,Unkosova,Russian (Old Orthography)
189,Авраміевъ,"Avramіev""",Russian (Old Orthography)
190,Петровское,Petrovskoe,Russian (Old Orthography)
191,Иса,Isa,Russian (Old Orthography)
192,Баевка,Baevka,Russian (Old Orthography)
193,Сапожокъ,"Sapozhok""",Russian (Old Orthography)
194,Богодуховъ,"Bogodukhov""",Russian (Old Orthography)
195,Дмитровская,Dmitrovskaia,Russian (Old Orthography)
196,Флорищева,Florishcheva,Russian (Old Orthography)
197,Нейшлотъ,"Neishlot""",Russian (Old Orthography)
198,Домницкой,Domnitskoi,Russian (Old Orthography)
199,Коропъ,"Korop""",Russian (Old Orthography)
200,Молоково,Molokovo,Russian (Old Orthography)
201,Березовца,Berezovtsa,Russian (Old Orthography)
202,Архангельскъ,"Arkhangel'sk""",Russian (Old Orthography)
203,Журавичи,Zhuravichi,Russian (Old Orthography)
204,Починки,Pochinki,Russian (Old Orthography)
205,Сорочинцы,Sorochintsy,Russian (Old Orthography)
206,Протопопова,Protopopova,Russian (Old Orthography)
207,Енисейскъ,"Eniseisk""",Russian (Old Orthography)
208,Яшъ,"Iash""",Russian (Old Orthography)
209,Махоново,Makhonovo,Russian (Old Orthography)
210,Зинковъ,"Zinkov""",Russian (Old Orthography)
211,Зѣнковъ,"Zenkov""",Russian (Old Orthography)
212,Юрьевецъ Поволгскій,"Iur'evets"" Povolgskіi",Russian (Old Orthography)
213,Кузнецкъ,"Kuznetsk""",Russian (Old Orthography)
214,Конобѣево,Konobeevo,Russian (Old Orthography)
215,Крюковъ,"Kriukov""",Russian (Old Orthography)
216,Барковъ,"Barkov""",Russian (Old Orthography)
217,Бронницы,Bronnitsy,Russian (Old Orthography)
218,Старой Быховъ,"Staroi Bykhov""",Russian (Old Orthography)
219,Савиницы,Savinitsy,Russian (Old Orthography)
220,Писцово,Pistsovo,Russian (Old Orthography)
221,Еремѣевка,Eremeevka,Russian (Old Orthography)
222,Стоянцы,Stoiantsy,Russian (Old Orthography)
223,Святое Мѣсто,Sviatoe Mesto,Russian (Old Orthography)
224,Адоватово,Adovatovo,Russian (Old Orthography)
225,Обрубъ,"Obrub""",Russian (Old Orthography)
226,Сребное,Srebnoe,Russian (Old Orthography)
227,Тенгушева,Tengusheva,Russian (Old Orthography)
228,Славгородка,Slavgorodka,Russian (Old Orthography)
229,Костюковичи,Kostiukovichi,Russian (Old Orthography)
230,Кубенское,Kubenskoe,Russian (Old Orthography)
231,Кириловъ,"Kirilov""",Russian (Old Orthography)
232,Покровское,Pokrovskoe,Russian (Old Orthography)
233,Ковымское,Kovymskoe,Russian (Old Orthography)
234,Колымское,Kolymskoe,Russian (Old Orthography)
235,Аткарскъ,"Atkarsk""",Russian (Old Orthography)
236,Цевля,Tsevlia,Russian (Old Orthography)
237,Шарапаво,Sharapavo,Russian (Old Orthography)
238,Семеновское,Semenovskoe,Russian (Old Orthography)
239,Александровское,Aleksandrovskoe,Russian (Old Orthography)
240,Черкаское,Cherkaskoe,Russian (Old Orthography)
241,Донковъ,"Donkov""",Russian (Old Orthography)
242,Псковъ,"Pskov""",Russian (Old Orthography)
243,Ична,Ichna,Russian (Old Orthography)
244,Челябинскъ,"Cheliabinsk""",Russian (Old Orthography)
245,Рѣпки,Repki,Russian (Old Orthography)
246,Подворгальское,Podvorgal'skoe,Russian (Old Orthography)
247,Дукштилагъ,"Dukshtilag""",Russian (Old Orthography)
248,Вольная,Vol'naia,Russian (Old Orthography)
249,Мерехва,Merekhva,Russian (Old Orthography)
250,Архангельское,Arkhangel'skoe,Russian (Old Orthography)
251,Змѣевка,Zmeevka,Russian (Old Orthography)
252,Кирсановъ,"Kirsanov""",Russian (Old Orthography)
253,Гомля,Gomlia,Russian (Old Orthography)
254,Гороховецъ,"Gorokhovets""",Russian (Old Orthography)
255,Стародубъ,"Starodub""",Russian (Old Orthography)
256,Набдинъ,"Nabdin""",Russian (Old Orthography)
257,Иваново,Ivanovo,Russian (Old Orthography)
258,Новой Осколъ,"Novoi Oskol""",Russian (Old Orthography)
259,Краснополь,Krasnopol',Russian (Old Orthography)
260,Рушона,Rushona,Russian (Old Orthography)
261,Березовъ,"Berezov""",Russian (Old Orthography)
262,Кашинъ,"Kashin""",Russian (Old Orthography)
263,Сямской,Siamskoi,Russian (Old Orthography)
264,Богородицкъ,"Bogoroditsk""",Russian (Old Orthography)
265,Стрѣлица,Strelitsa,Russian (Old Orthography)
266,Аксель,Aksel',Russian (Old Orthography)
267,Слободской,Slobodskoi,Russian (Old Orthography)
268,Курьяново,Kur'ianovo,Russian (Old Orthography)
269,Уломъ,"Ulom""",Russian (Old Orthography)
270,Пронскъ,"Pronsk""",Russian (Old Orthography)
271,Чигиринъ-Дуброва,"Chigirin""-Dubrova",Russian (Old Orthography)
272,Измайлово,Izmailovo,Russian (Old Orthography)
273,Опочка,Opochka,Russian (Old Orthography)
274,Петровскъ,"Petrovsk""",Russian (Old Orthography)
275,Порѣчье,Porech'e,Russian (Old Orthography)
276,Алешня,Aleshnia,Russian (Old Orthography)
277,Городище,Gorodishche,Russian (Old Orthography)
278,Терешково,Tereshkovo,Russian (Old Orthography)
279,Бѣлополье,Belopol'e,Russian (Old Orthography)
280,Кострома,Kostroma,Russian (Old Orthography)
281,Алексѣевка,Alekseevka,Russian (Old Orthography)
282,Воронежъ,"Voronezh""",Russian (Old Orthography)
283,Кармъ,"Karm""",Russian (Old Orthography)
284,Суздаль,Suzdal',Russian (Old Orthography)
285,Будичь,Budich',Russian (Old Orthography)
286,Острогожскъ,"Ostrogozhsk""",Russian (Old Orthography)
287,Горицы,Goritsy,Russian (Old Orthography)
288,Рызнъ,"Ryzn""",Russian (Old Orthography)
289,Жовнинъ,"Zhovnin""",Russian (Old Orthography)
290,Бѣлгородъ,"Belgorod""",Russian (Old Orthography)
291,Парѳеньева,Parѳen'eva,Russian (Old Orthography)
292,Вознесенской,Voznesenskoi,Russian (Old Orthography)
293,Пятницкое,Piatnitskoe,Russian (Old Orthography)
294,Борисполь,Borispol',Russian (Old Orthography)
295,Перекопецъ,"Perekopets""",Russian (Old Orthography)
296,Серевка,Serevka,Russian (Old Orthography)
297,Ярески,Iareski,Russian (Old Orthography)
298,Краснокутскъ,"Krasnokutsk""",Russian (Old Orthography)
299,Черлянково,Cherliankovo,Russian (Old Orthography)
300,Валуйки,Valuiki,Russian (Old Orthography)
301,Онофріево,Onofrіevo,Russian (Old Orthography)
302,Липцы,Liptsy,Russian (Old Orthography)
303,Миротино,Mirotino,Russian (Old Orthography)
304,Лухъ,"Lukh""",Russian (Old Orthography)
305,Цыбулевъ,"Tsybulev""",Russian (Old Orthography)
306,Хоролъ,"Khorol""",Russian (Old Orthography)
307,Цурухатаевской,Tsurukhataevskoi,Russian (Old Orthography)
308,Верея,Vereia,Russian (Old Orthography)
309,Чаусы,Chausy,Russian (Old Orthography)
310,Бора,Bora,Russian (Old Orthography)
311,Торопецъ,"Toropets""",Russian (Old Orthography)
312,Татарскъ,"Tatarsk""",Russian (Old Orthography)
313,Муриково,Murikovo,Russian (Old Orthography)
314,Левкіевъ,"Levkіev""",Russian (Old Orthography)
315,Ахтырка,Akhtyrka,Russian (Old Orthography)
316,Тихонова,Tikhonova,Russian (Old Orthography)
317,Троицкъ,"Troitsk""",Russian (Old Orthography)
318,Шартолинской Николаевской,Shartolinskoi Nikolaevskoi,Russian (Old Orthography)
319,Красноборскъ,"Krasnoborsk""",Russian (Old Orthography)
320,Богородскъ,"Bogorodsk""",Russian (Old Orthography)
321,Веневской Николаевской,Venevskoi Nikolaevskoi,Russian (Old Orthography)
322,Орликъ,"Orlik""",Russian (Old Orthography)
323,Мценскъ,"Mtsensk""",Russian (Old Orthography)
324,Кадинъ,"Kadin""",Russian (Old Orthography)
325,Константиновское,Konstantinovskoe,Russian (Old Orthography)
326,Вѣтка,Vetka,Russian (Old Orthography)
327,Сталеровчизна,Stalerovchizna,Russian (Old Orthography)
328,Благовѣщенской Приходъ,"Blagoveshchenskoi Prikhod""",Russian (Old Orthography)
329,Аргамачья,Argamach'ia,Russian (Old Orthography)
330,Оквадская,Okvadskaia,Russian (Old Orthography)
331,Орѣховка,Orekhovka,Russian (Old Orthography)
332,Варва,Varva,Russian (Old Orthography)
333,Тула,Tula,Russian (Old Orthography)
334,Безгиновка,Bezginovka,Russian (Old Orthography)
335,Краснополье,Krasnopol'e,Russian (Old Orthography)
336,Недригайловъ,"Nedrigailov""",Russian (Old Orthography)
337,Тихонова,Tikhonova,Russian (Old Orthography)
338,Даймино,Daimino,Russian (Old Orthography)
339,Даймикъ,"Daimik""",Russian (Old Orthography)
340,Олекминскъ,"Olekminsk""",Russian (Old Orthography)
341,Тискады,Tiskady,Russian (Old Orthography)
342,Масленская,Maslenskaia,Russian (Old Orthography)
343,Усть-Сысольскъ,"Ust'-Sysol'sk""",Russian (Old Orthography)
344,Стешки,Steshki,Russian (Old Orthography)
345,Ивановское,Ivanovskoe,Russian (Old Orthography)
346,Боромдя,Boromdia,Russian (Old Orthography)
347,Нерехта,Nerekhta,Russian (Old Orthography)
348,Духовщина,Dukhovshchina,Russian (Old Orthography)
349,Густиново,Gustinovo,Russian (Old Orthography)
350,Купенка,Kupenka,Russian (Old Orthography)
351,Верхній Удинскъ,"Verkhnіi Udinsk""",Russian (Old Orthography)
352,Коквино,Kokvino,Russian (Old Orthography)
353,Коковино,Kokovino,Russian (Old Orthography)
354,Тресвятское,Tresviatskoe,Russian (Old Orthography)
355,Урень,Uren',Russian (Old Orthography)
356,Чернь,Chern',Russian (Old Orthography)
357,Глемязовъ,"Glemiazov""",Russian (Old Orthography)
358,Смоленскъ,"Smolensk""",Russian (Old Orthography)
359,Якутскъ,"Iakutsk""",Russian (Old Orthography)
360,Мшага,Mshaga,Russian (Old Orthography)
361,Мшажской,Mshazhskoi,Russian (Old Orthography)
362,Глинскъ,"Glinsk""",Russian (Old Orthography)
363,Муратова,Muratova,Russian (Old Orthography)
364,Порѣчье,Porech'e,Russian (Old Orthography)
365,Ляды,Liady,Russian (Old Orthography)
366,Переволочна,Perevolochna,Russian (Old Orthography)
367,Крыловъ,"Krylov""",Russian (Old Orthography)
368,Далматовъ,"Dalmatov""",Russian (Old Orthography)
369,Бѣлокурина,Belokurina,Russian (Old Orthography)
370,Бойня,Boinia,Russian (Old Orthography)
371,Малыкова,Malykova,Russian (Old Orthography)
372,Дубовое,Dubovoe,Russian (Old Orthography)
373,Асаково,Asakovo,Russian (Old Orthography)
374,Моцына,Motsyna,Russian (Old Orthography)
375,Сердоболь,Serdobol',Russian (Old Orthography)
376,Серпуховъ,"Serpukhov""",Russian (Old Orthography)
377,Сватова Лучка,Svatova Luchka,Russian (Old Orthography)
378,Таруса,Tarusa,Russian (Old Orthography)
379,Дубровки,Dubrovki,Russian (Old Orthography)
380,Ирбитъ,"Irbit""",Russian (Old Orthography)
381,Плесъ,"Ples""",Russian (Old Orthography)
382,Яренскъ,"Iarensk""",Russian (Old Orthography)
383,Ольховатка,Ol'khovatka,Russian (Old Orthography)
384,Кочелаево,Kochelaevo,Russian (Old Orthography)
385,Тимъ,"Tim""",Russian (Old Orthography)
386,Валдай,Valdai,Russian (Old Orthography)
387,Китайской,Kitaiskoi,Russian (Old Orthography)
388,Путятино,Putiatino,Russian (Old Orthography)
389,Часовня Св. Духа,Chasovnia Sv. Dukha,Russian (Old Orthography)
390,Деркулъ,"Derkul""",Russian (Old Orthography)
391,Сергачь,Sergach',Russian (Old Orthography)
392,Оберъ - Паленъ,"Ober"" - Palen""",Russian (Old Orthography)
393,Писаревка,Pisarevka,Russian (Old Orthography)
394,Ливны,Livny,Russian (Old Orthography)
395,Калиберда,Kaliberda,Russian (Old Orthography)
396,Келеберда,Keleberda,Russian (Old Orthography)
397,Семеновъ,"Semenov""",Russian (Old Orthography)
398,Красной Колядинъ,"Krasnoi Koliadin""",Russian (Old Orthography)
399,Сумская Ворожба,Sumskaia Vorozhba,Russian (Old Orthography)
400,Шокино,Shokino,Russian (Old Orthography)
401,Полотскъ,"Polotsk""",Russian (Old Orthography)
402,Масловичи,Maslovichi,Russian (Old Orthography)
403,Камышня,Kamyshnia,Russian (Old Orthography)
404,Комышня,Komyshnia,Russian (Old Orthography)
405,Ильинское,Il'inskoe,Russian (Old Orthography)
406,Дубковъ,"Dubkov""",Russian (Old Orthography)
407,Новоникольское,Novonikol'skoe,Russian (Old Orthography)
408,Самодуровка,Samodurovka,Russian (Old Orthography)
409,Дергачи,Dergachi,Russian (Old Orthography)
410,Воронковъ,"Voronkov""",Russian (Old Orthography)
411,Глушицкой,Glushitskoi,Russian (Old Orthography)
412,Кистеръ,"Kister""",Russian (Old Orthography)
413,Березники,Berezniki,Russian (Old Orthography)
414,Липовское,Lipovskoe,Russian (Old Orthography)
415,Коренная,Korennaia,Russian (Old Orthography)
416,Ядринъ,"Iadrin""",Russian (Old Orthography)
417,Сызрань,Syzran',Russian (Old Orthography)
418,Лубны,Lubny,Russian (Old Orthography)
419,Александрова Пустыня,Aleksandrova Pustynia,Russian (Old Orthography)
420,Сѣвскъ,"Sevsk""",Russian (Old Orthography)
421,Раменье,Ramen'e,Russian (Old Orthography)
422,Малой Архангельскъ,"Maloi Arkhangel'sk""",Russian (Old Orthography)
423,Ивановка,Ivanovka,Russian (Old Orthography)
424,Троицкая Сергіева,Troitskaia Sergіeva,Russian (Old Orthography)
425,Мглинъ,"Mglin""",Russian (Old Orthography)
426,Серпейскъ,"Serpeisk""",Russian (Old Orthography)
427,Екатерининская,Ekaterininskaia,Russian (Old Orthography)
428,Халань,Khalan',Russian (Old Orthography)
429,Слольца Колесная,Slol'tsa Kolesnaia,Russian (Old Orthography)
430,Подолъ,"Podol""",Russian (Old Orthography)
431,Коломна,Kolomna,Russian (Old Orthography)
432,Берники,Berniki,Russian (Old Orthography)
433,Городокъ,"Gorodok""",Russian (Old Orthography)
434,Весіегонскъ,"Vesіegonsk""",Russian (Old Orthography)
435,Высокое,Vysokoe,Russian (Old Orthography)
436,Ладога Новая,Ladoga Novaia,Russian (Old Orthography)
437,Воронежъ,"Voronezh""",Russian (Old Orthography)
438,Рожественское,Rozhestvenskoe,Russian (Old Orthography)
439,Нѣжинъ,"Nezhin""",Russian (Old Orthography)
440,Крылѣево,Kryleevo,Russian (Old Orthography)
441,Поводнево,Povodnevo,Russian (Old Orthography)
442,Лебединъ,"Lebedin""",Russian (Old Orthography)
443,Билярскъ,"Biliarsk""",Russian (Old Orthography)
444,Вышній Волочокъ,"Vyshnіi Volochok""",Russian (Old Orthography)
445,Новосиль,Novosil',Russian (Old Orthography)
446,Остеръ,"Oster""",Russian (Old Orthography)
447,Чухлома,Chukhloma,Russian (Old Orthography)
448,Атемаръ,"Atemar""",Russian (Old Orthography)
449,Понорница,Ponornitsa,Russian (Old Orthography)
450,Рубежная,Rubezhnaia,Russian (Old Orthography)
451,Сарбаево,Sarbaevo,Russian (Old Orthography)
452,Лежнево,Lezhnevo,Russian (Old Orthography)
453,Добрая,Dobraia,Russian (Old Orthography)
454,Бурецкой,Buretskoi,Russian (Old Orthography)
455,Сумы,Sumy,Russian (Old Orthography)
456,Котельничь,Kotel'nich',Russian (Old Orthography)
457,Германова,Germanova,Russian (Old Orthography)
458,Устюжна Желѣзопольская,Ustiuzhna Zhelezopol'skaia,Russian (Old Orthography)
459,Тешевской,Teshevskoi,Russian (Old Orthography)
460,Прели,Preli,Russian (Old Orthography)
461,Утѣшевъ,"Uteshev""",Russian (Old Orthography)
462,Машевъ,"Mashev""",Russian (Old Orthography)
463,Дѣдиловъ,"Dedilov""",Russian (Old Orthography)
464,Шкловъ,"Shklov""",Russian (Old Orthography)
465,Свіажскъ,"Svіazhsk""",Russian (Old Orthography)
466,Волынцы,Volyntsy,Russian (Old Orthography)
467,Олышаная,Olyshanaia,Russian (Old Orthography)
468,Лужки,Luzhki,Russian (Old Orthography)
469,Верховажской,Verkhovazhskoi,Russian (Old Orthography)
470,Ивановское,Ivanovskoe,Russian (Old Orthography)
471,Новые Млины,Novye Mliny,Russian (Old Orthography)
472,Соль-Галицкая,Sol'-Galitskaia,Russian (Old Orthography)
473,Одринъ Николаевской,"Odrin"" Nikolaevskoi",Russian (Old Orthography)
474,Туринскъ,"Turinsk""",Russian (Old Orthography)
475,Змѣтневъ,"Zmetnev""",Russian (Old Orthography)
476,Плоское,Ploskoe,Russian (Old Orthography)
477,Гадячь,Gadiach',Russian (Old Orthography)
478,Дорогобужъ,"Dorogobuzh""",Russian (Old Orthography)
479,Шулгинскъ,"Shulginsk""",Russian (Old Orthography)
480,Яранскъ,"Iaransk""",Russian (Old Orthography)
481,Погарь,Pogar',Russian (Old Orthography)
482,Хотень,Khoten',Russian (Old Orthography)
483,Боровскъ,"Borovsk""",Russian (Old Orthography)
484,Любечь,Liubech',Russian (Old Orthography)
485,Землянскъ,"Zemliansk""",Russian (Old Orthography)
486,Сольцо,Sol'tso,Russian (Old Orthography)
487,Кидешкино,Kideshkino,Russian (Old Orthography)
488,Наровчатъ,"Narovchat""",Russian (Old Orthography)
489,Авдулово,Avdulovo,Russian (Old Orthography)
490,Ивановское,Ivanovskoe,Russian (Old Orthography)
491,Карасу - Базаръ,"Karasu - Bazar""",Russian (Old Orthography)
492,Ямполь,Iampol',Russian (Old Orthography)
493,Невель,Nevel',Russian (Old Orthography)
494,Петропавловской,Petropavlovskoi,Russian (Old Orthography)
495,Волскъ,"Volsk""",Russian (Old Orthography)
496,Вильманстрандъ,"Vil'manstrand""",Russian (Old Orthography)
497,Колюпановка,Koliupanovka,Russian (Old Orthography)
498,Дагда,Dagda,Russian (Old Orthography)
499,Мосальскъ,"Mosal'sk""",Russian (Old Orthography)
500,Себежъ,"Sebezh""",Russian (Old Orthography)
501,Ржица,Rzhitsa,Russian (Old Orthography)
502,Воскресенскъ,"Voskresensk""",Russian (Old Orthography)
503,Кесова Гора,Kesova Gora,Russian (Old Orthography)
504,Синской,Sinskoi,Russian (Old Orthography)
505,Судай,Sudai,Russian (Old Orthography)
506,Глинскъ,"Glinsk""",Russian (Old Orthography)
507,Лопотовъ,"Lopotov""",Russian (Old Orthography)
508,Лютенка,Liutenka,Russian (Old Orthography)
509,Саранскъ,"Saransk""",Russian (Old Orthography)
510,Бобровица,Bobrovitsa,Russian (Old Orthography)
511,Батуринъ,"Baturin""",Russian (Old Orthography)
512,Пенза,Penza,Russian (Old Orthography)
513,Мена,Mena,Russian (Old Orthography)
514,Иркутскъ,"Irkutsk""",Russian (Old Orthography)
515,Мягкое,Miagkoe,Russian (Old Orthography)
516,Балахна,Balakhna,Russian (Old Orthography)
517,Уда,Uda,Russian (Old Orthography)
518,Константиново,Konstantinovo,Russian (Old Orthography)
519,Михайловка,Mikhailovka,Russian (Old Orthography)
520,Кобызча,Kobyzcha,Russian (Old Orthography)
521,Седневъ,"Sednev""",Russian (Old Orthography)
522,Брянскъ,"Briansk""",Russian (Old Orthography)
523,Ратковка,Ratkovka,Russian (Old Orthography)
524,Ключевская,Kliuchevskaia,Russian (Old Orthography)
525,Дубровна,Dubrovna,Russian (Old Orthography)
526,Борзна,Borzna,Russian (Old Orthography)
527,Мачуха,Machukha,Russian (Old Orthography)
528,Краснослободскъ,"Krasnoslobodsk""",Russian (Old Orthography)
529,Бобровское,Bobrovskoe,Russian (Old Orthography)
530,Крапивна,Krapivna,Russian (Old Orthography)
531,Кропивна,Kropivna,Russian (Old Orthography)
532,Зашиверскъ,"Zashiversk""",Russian (Old Orthography)
533,Симъ,"Sim""",Russian (Old Orthography)
534,Ивановка,Ivanovka,Russian (Old Orthography)
535,Глуховъ,"Glukhov""",Russian (Old Orthography)
536,Мостовское,Mostovskoe,Russian (Old Orthography)
537,Уразова,Urazova,Russian (Old Orthography)
538,Богородицкой Казанской,Bogoroditskoi Kazanskoi,Russian (Old Orthography)
539,Погромца,Pogromtsa,Russian (Old Orthography)
540,Беркунова,Berkunova,Russian (Old Orthography)
541,Моршанскъ,"Morshansk""",Russian (Old Orthography)
542,Пудога,Pudoga,Russian (Old Orthography)
543,Пудожскъ,"Pudozhsk""",Russian (Old Orthography)
544,Елимской,Elimskoi,Russian (Old Orthography)
545,Можайскъ,"Mozhaisk""",Russian (Old Orthography)
546,Ченбаръ,"Chenbar""",Russian (Old Orthography)
547,Ивановское,Ivanovskoe,Russian (Old Orthography)
548,Ивановцы,Ivanovtsy,Russian (Old Orthography)
549,Боровичи,Borovichi,Russian (Old Orthography)
550,Зарайскъ,"Zaraisk""",Russian (Old Orthography)
551,Яготинъ,"Iagotin""",Russian (Old Orthography)
552,Коровай,Korovai,Russian (Old Orthography)
553,Бушнрво,Bushnrvo,Russian (Old Orthography)
554,Стырняньі,Styrnian'і,Russian (Old Orthography)
555,Херсонъ,"Kherson""",Russian (Old Orthography)
556,Валки,Valki,Russian (Old Orthography)
557,Остапье,Ostap'e,Russian (Old Orthography)
558,Богоявленская,Bogoiavlenskaia,Russian (Old Orthography)
559,Старой Осколъ,"Staroi Oskol""",Russian (Old Orthography)
560,Касимовъ,"Kasimov""",Russian (Old Orthography)
561,Руза,Ruza,Russian (Old Orthography)
562,Кароча,Karocha,Russian (Old Orthography)
563,Короча,Korocha,Russian (Old Orthography)
564,Задушное,Zadushnoe,Russian (Old Orthography)
565,Царевъ Борисовъ,"Tsarev"" Borisov""",Russian (Old Orthography)
566,Макарьевъ,"Makar'ev""",Russian (Old Orthography)
567,Игрищи,Igrishchi,Russian (Old Orthography)
568,Цывильскъ,"Tsyvil'sk""",Russian (Old Orthography)
569,Петрома,Petroma,Russian (Old Orthography)
570,Турки,Turki,Russian (Old Orthography)
571,Самара,Samara,Russian (Old Orthography)
572,Нарва,Narva,Russian (Old Orthography)
573,Борисовъ,"Borisov""",Russian (Old Orthography)
574,Юрьевъ Польскій,"Iur'ev"" Pol'skіi",Russian (Old Orthography)
575,Казанской Богородицкой,Kazanskoi Bogoroditskoi,Russian (Old Orthography)
576,Омельникъ,"Omel'nik""",Russian (Old Orthography)
577,Шамово,Shamovo,Russian (Old Orthography)
578,Синбирскъ,"Sinbirsk""",Russian (Old Orthography)
579,Моромскъ,"Moromsk""",Russian (Old Orthography)
580,Моромескъ,"Moromesk""",Russian (Old Orthography)
581,Богатый,Bogatyi,Russian (Old Orthography)
582,Покровское,Pokrovskoe,Russian (Old Orthography)
583,Гдовъ,"Gdov""",Russian (Old Orthography)
584,Березинъ,"Berezin""",Russian (Old Orthography)
585,Березна,Berezna,Russian (Old Orthography)
586,Наспищи,Naspishchi,Russian (Old Orthography)
587,Чердынь,Cherdyn',Russian (Old Orthography)
588,Волокопинежская,Volokopinezhskaia,Russian (Old Orthography)
589,Елисаветъ-Градъ,"Elisavet""-Grad""",Russian (Old Orthography)
590,Грязное,Griaznoe,Russian (Old Orthography)
591,Колюпановка,Koliupanovka,Russian (Old Orthography)
592,Каменецъ,"Kamenets""",Russian (Old Orthography)
593,Починки,Pochinki,Russian (Old Orthography)
594,Карловка,Karlovka,Russian (Old Orthography)
595,Ружное,Ruzhnoe,Russian (Old Orthography)
596,Ковровъ,"Kovrov""",Russian (Old Orthography)
597,Усмань,Usman',Russian (Old Orthography)
598,Пошехонь,Poshekhon',Russian (Old Orthography)
599,Мегра,Megra,Russian (Old Orthography)
600,Холмъ У Спаса,"Kholm"" U Spasa",Russian (Old Orthography)
601,Вейделевка,Veidelevka,Russian (Old Orthography)
602,Конотопъ,"Konotop""",Russian (Old Orthography)
603,Венденъ,"Venden""",Russian (Old Orthography)
604,Рашевка,Rashevka,Russian (Old Orthography)
605,Лебедянь,Lebedian',Russian (Old Orthography)
606,Старинское,Starinskoe,Russian (Old Orthography)
607,Лукояновъ,"Lukoianov""",Russian (Old Orthography)
608,Молвитино,Molvitino,Russian (Old Orthography)
609,Кобылякъ,"Kobyliak""",Russian (Old Orthography)
610,Козловская,Kozlovskaia,Russian (Old Orthography)
611,Перевицкой Торжокъ,"Perevitskoi Torzhok""",Russian (Old Orthography)
612,Орловъ,"Orlov""",Russian (Old Orthography)
613,Грунь,Grun',Russian (Old Orthography)
614,Плохона,Plokhona,Russian (Old Orthography)
615,Пуша,Pusha,Russian (Old Orthography)
616,Спаское,Spaskoe,Russian (Old Orthography)
617,Богородицкъ,"Bogoroditsk""",Russian (Old Orthography)
618,Батракъ,"Batrak""",Russian (Old Orthography)
619,Пятницкое,Piatnitskoe,Russian (Old Orthography)
620,Ерахтура,Erakhtura,Russian (Old Orthography)
621,Биржа,Birzha,Russian (Old Orthography)
622,Егорьевское Заднее,Egor'evskoe Zadnee,Russian (Old Orthography)
623,Троицкой,Troitskoi,Russian (Old Orthography)
624,Покровское,Pokrovskoe,Russian (Old Orthography)
625,Любоша,Liubosha,Russian (Old Orthography)
626,Старцовъ Уголъ,"Startsov"" Ugol""",Russian (Old Orthography)
627,Когуева,Kogueva,Russian (Old Orthography)
628,Дерптъ,"Derpt""",Russian (Old Orthography)
629,Карповка,Karpovka,Russian (Old Orthography)
630,Архангельское,Arkhangel'skoe,Russian (Old Orthography)
631,Липецкъ,"Lipetsk""",Russian (Old Orthography)
632,Павлово,Pavlovo,Russian (Old Orthography)
633,Коприно,Koprino,Russian (Old Orthography)
634,Нуромской,Nuromskoi,Russian (Old Orthography)
635,Горошинъ,"Goroshin""",Russian (Old Orthography)
636,Гребенишки,Grebenishki,Russian (Old Orthography)
637,Бобылевское,Bobylevskoe,Russian (Old Orthography)
638,Бѣлики,Beliki,Russian (Old Orthography)
639,Чернухи,Chernukhi,Russian (Old Orthography)
640,Деймановка,Deimanovka,Russian (Old Orthography)
641,Коротоякъ,"Korotoiak""",Russian (Old Orthography)
642,Оскино,Oskino,Russian (Old Orthography)
643,Сосница,Sosnitsa,Russian (Old Orthography)
644,Ухолово,Ukholovo,Russian (Old Orthography)
645,Якимца,Iakimtsa,Russian (Old Orthography)
646,Балаклеевъ,"Balakleev""",Russian (Old Orthography)
647,Суджа,Sudzha,Russian (Old Orthography)
648,Хатомль,Khatoml',Russian (Old Orthography)
649,Кременчугъ,"Kremenchug""",Russian (Old Orthography)
650,Устивица,Ustivitsa,Russian (Old Orthography)
651,Спирово,Spirovo,Russian (Old Orthography)
652,Княгининъ,"Kniaginin""",Russian (Old Orthography)
653,Ладинской,Ladinskoi,Russian (Old Orthography)
654,Красногорская,Krasnogorskaia,Russian (Old Orthography)
655,Череповецъ,"Cherepovets""",Russian (Old Orthography)
656,Кинешма,Kineshma,Russian (Old Orthography)
657,Середа Стратилатская,Sereda Stratilatskaia,Russian (Old Orthography)
658,Кривонаволоцкая,Krivonavolotskaia,Russian (Old Orthography)
659,Малой Ярославецъ,"Maloi Iaroslavets""",Russian (Old Orthography)
660,Хвалынскъ,"Khvalynsk""",Russian (Old Orthography)
661,Синявки,Siniavki,Russian (Old Orthography)
662,Любавичи,Liubavichi,Russian (Old Orthography)
663,Жиздра,Zhizdra,Russian (Old Orthography)
664,Маяки,Maiaki,Russian (Old Orthography)
665,Старица,Staritsa,Russian (Old Orthography)
666,Котельва,Kotel'va,Russian (Old Orthography)
667,Серега,Serega,Russian (Old Orthography)
668,Любимъ,"Liubim""",Russian (Old Orthography)
669,Симеоновка,Simeonovka,Russian (Old Orthography)
670,Обоянь,Oboian',Russian (Old Orthography)
671,Двурѣчная,Dvurechnaia,Russian (Old Orthography)
672,Красное,Krasnoe,Russian (Old Orthography)
673,Волмаръ,"Volmar""",Russian (Old Orthography)
674,Томаровка,Tomarovka,Russian (Old Orthography)
675,Бахмачь,Bakhmach',Russian (Old Orthography)
676,Мошейка,Mosheika,Russian (Old Orthography)
677,Лакновать,Laknovat',Russian (Old Orthography)
678,Бѣлозерскъ,"Belozersk""",Russian (Old Orthography)
679,Пафнутьевъ,"Pafnut'ev""",Russian (Old Orthography)
680,Лимань,Liman',Russian (Old Orthography)
681,Угличъ,"Uglich""",Russian (Old Orthography)
682,Бронницы,Bronnitsy,Russian (Old Orthography)
683,Богоявленская,Bogoiavlenskaia,Russian (Old Orthography)
684,Дѣдиново,Dedinovo,Russian (Old Orthography)
685,Крестцы,Kresttsy,Russian (Old Orthography)
686,Комельскъ Корниліевъ,"Komel'sk"" Kornilіev""",Russian (Old Orthography)
687,Флорово,Florovo,Russian (Old Orthography)
688,Старая Руза,Staraia Ruza,Russian (Old Orthography)
689,Тарнянской,Tarnianskoi,Russian (Old Orthography)
690,Выборъ,"Vybor""",Russian (Old Orthography)
691,Вязники,Viazniki,Russian (Old Orthography)
692,Михайловка,Mikhailovka,Russian (Old Orthography)
693,Смѣлое,Smeloe,Russian (Old Orthography)
694,Пропойскъ,"Propoisk""",Russian (Old Orthography)
695,Путивль,Putivl',Russian (Old Orthography)
696,Хотьмышскъ,"Khot'myshsk""",Russian (Old Orthography)
697,Успенской,Uspenskoi,Russian (Old Orthography)
698,Городня,Gorodnia,Russian (Old Orthography)
699,Буромка,Buromka,Russian (Old Orthography)
700,Елна,Elna,Russian (Old Orthography)
701,Еременцово,Erementsovo,Russian (Old Orthography)
702,Устюгъ Великій,"Ustiug"" Velikіi",Russian (Old Orthography)
703,Островъ,"Ostrov""",Russian (Old Orthography)
704,Монастырщина,Monastyrshchina,Russian (Old Orthography)
705,Скопинъ,"Skopin""",Russian (Old Orthography)
706,Барышевка,Baryshevka,Russian (Old Orthography)
707,Вышгородъ,"Vyshgorod""",Russian (Old Orthography)
708,Апичерская,Apicherskaia,Russian (Old Orthography)
709,Тихонова,Tikhonova,Russian (Old Orthography)
710,Тюртень,Tiurten',Russian (Old Orthography)
711,Киструса,Kistrusa,Russian (Old Orthography)
712,Лихвинъ,"Likhvin""",Russian (Old Orthography)
713,Часовня Апостола Ѳомы,Chasovnia Apostola Ѳomy,Russian (Old Orthography)
714,Вѣтка,Vetka,Russian (Old Orthography)
715,Шатскъ,"Shatsk""",Russian (Old Orthography)
716,Харьковъ,"Khar'kov""",Russian (Old Orthography)
717,Золотоноша,Zolotonosha,Russian (Old Orthography)
718,Боровенки,Borovenki,Russian (Old Orthography)
719,Кесме,Kesme,Russian (Old Orthography)
720,Чериоострожской Николаевской,Cherioostrozhskoi Nikolaevskoi,Russian (Old Orthography)
721,Волоколамскъ,"Volokolamsk""",Russian (Old Orthography)
722,Вязовна,Viazovna,Russian (Old Orthography)
723,Мышкинъ,"Myshkin""",Russian (Old Orthography)
724,Тобольскъ,"Tobol'sk""",Russian (Old Orthography)
725,Борисоглѣбскъ,"Borisoglebsk""",Russian (Old Orthography)
726,Вилюйское Верхнее,Viliuiskoe Verkhnee,Russian (Old Orthography)
727,Бѣлое,Beloe,Russian (Old Orthography)
728,Лада,Lada,Russian (Old Orthography)
729,Веневъ,"Venev""",Russian (Old Orthography)
730,Саратовъ,"Saratov""",Russian (Old Orthography)
731,Бѣлая Колпь,Belaia Kolp',Russian (Old Orthography)
732,Макарьевъ,"Makar'ev""",Russian (Old Orthography)
733,Вышгородъ,"Vyshgorod""",Russian (Old Orthography)
734,Гоголевъ,"Gogolev""",Russian (Old Orthography)
735,Островня,Ostrovnia,Russian (Old Orthography)
736,Душатинъ,"Dushatin""",Russian (Old Orthography)
737,Кривцо,Krivtso,Russian (Old Orthography)
738,Тухи,Tukhi,Russian (Old Orthography)
739,Пермь,Perm',Russian (Old Orthography)
740,Ставрополь,Stavropol',Russian (Old Orthography)
741,Юнаковка,Iunakovka,Russian (Old Orthography)
742,Чернѣевъ Николаевской,"Cherneev"" Nikolaevskoi",Russian (Old Orthography)
743,Трубчевскъ,"Trubchevsk""",Russian (Old Orthography)
744,Рыбинскъ,"Rybinsk""",Russian (Old Orthography)
745,Борисоглѣбской,Borisoglebskoi,Russian (Old Orthography)
746,Кіасовка,Kіasovka,Russian (Old Orthography)
747,Покровское,Pokrovskoe,Russian (Old Orthography)
748,Языково,Iazykovo,Russian (Old Orthography)
749,Керенскъ,"Kerensk""",Russian (Old Orthography)
750,Волчья,Volch'ia,Russian (Old Orthography)
751,Дубровки,Dubrovki,Russian (Old Orthography)
752,Быковъ,"Bykov""",Russian (Old Orthography)
753,Креславль,Kreslavl',Russian (Old Orthography)
754,Печенѣги,Pechenegi,Russian (Old Orthography)
755,Вытегра,Vytegra,Russian (Old Orthography)
756,Семендѣево,Semendeevo,Russian (Old Orthography)
757,Узель,Uzel',Russian (Old Orthography)
758,Шипино,Shipino,Russian (Old Orthography)
759,Иваново,Ivanovo,Russian (Old Orthography)
760,Одинцово,Odintsovo,Russian (Old Orthography)
761,Велижъ,"Velizh""",Russian (Old Orthography)
762,Лотсшино,Lotsshino,Russian (Old Orthography)
763,Савинъ Сторожевскій,"Savin"" Storozhevskіi",Russian (Old Orthography)
764,Гомель,Gomel',Russian (Old Orthography)
765,Черенчицкой,Cherenchitskoi,Russian (Old Orthography)
766,Дубецкой,Dubetskoi,Russian (Old Orthography)
767,Кударинская,Kudarinskaia,Russian (Old Orthography)
768,Середина Буда,Seredina Buda,Russian (Old Orthography)
769,Алексинъ,"Aleksin""",Russian (Old Orthography)
770,Пена,Pena,Russian (Old Orthography)
771,Крижбургъ,"Krizhburg""",Russian (Old Orthography)
772,Троицкая,Troitskaia,Russian (Old Orthography)
773,Горбатовъ,"Gorbatov""",Russian (Old Orthography)
774,Свержинъ,"Sverzhin""",Russian (Old Orthography)
775,Носовичи,Nosovichi,Russian (Old Orthography)
776,Богачка,Bogachka,Russian (Old Orthography)
777,Крапивна,Krapivna,Russian (Old Orthography)
778,Кропивна,Kropivna,Russian (Old Orthography)
779,Геннадіевъ,"Gennadіev""",Russian (Old Orthography)
780,Дмитровъ,"Dmitrov""",Russian (Old Orthography)
781,Воеводское,Voevodskoe,Russian (Old Orthography)
782,Гнильской,Gnil'skoi,Russian (Old Orthography)
783,Рогачевъ,"Rogachev""",Russian (Old Orthography)
784,Зубцовъ,"Zubtsov""",Russian (Old Orthography)
785,Вревъ,"Vrev""",Russian (Old Orthography)
786,Дрицаны,Dritsany,Russian (Old Orthography)
787,Кролевецъ,"Krolevets""",Russian (Old Orthography)
788,Перемышль,Peremyshl',Russian (Old Orthography)
789,Борисоглѣбскъ,"Borisoglebsk""",Russian (Old Orthography)
790,Медынь,Medyn',Russian (Old Orthography)
791,Кемары,Kemary,Russian (Old Orthography)
792,Оренбургъ,"Orenburg""",Russian (Old Orthography)
793,Петровки,Petrovki,Russian (Old Orthography)
794,Бучалки,Buchalki,Russian (Old Orthography)
795,Чупаховка,Chupakhovka,Russian (Old Orthography)
796,Киренскъ,"Kirensk""",Russian (Old Orthography)
797,Теряево,Teriaevo,Russian (Old Orthography)
798,Лѣвые Ламки,Levye Lamki,Russian (Old Orthography)
799,Рыльскъ,"Ryl'sk""",Russian (Old Orthography)
800,Нестеровской,Nesterovskoi,Russian (Old Orthography)
801,Гритчино,Gritchino,Russian (Old Orthography)
802,Демшинскъ,"Demshinsk""",Russian (Old Orthography)
803,Михайловской,Mikhailovskoi,Russian (Old Orthography)
804,Тамбовъ,"Tambov""",Russian (Old Orthography)
805,Спасъ,"Spas""",Russian (Old Orthography)
806,Старая Рязань,Staraia Riazan',Russian (Old Orthography)
807,Рыжково,Ryzhkovo,Russian (Old Orthography)
808,Ржевъ Володимеровъ,"Rzhev"" Volodimerov""",Russian (Old Orthography)
809,Веприкъ,"Veprik""",Russian (Old Orthography)
810,Астрахань,Astrakhan',Russian (Old Orthography)
811,Авженская,Avzhenskaia,Russian (Old Orthography)
812,Жиганскъ,"Zhigansk""",Russian (Old Orthography)
813,Габзаль,Gabzal',Russian (Old Orthography)
814,Епифань,Epifan',Russian (Old Orthography)
815,Утвымская,Utvymskaia,Russian (Old Orthography)
816,Золочевъ,"Zolochev""",Russian (Old Orthography)
817,Кумзерская,Kumzerskaia,Russian (Old Orthography)
818,Презма,Prezma,Russian (Old Orthography)
819,Тихвинъ,"Tikhvin""",Russian (Old Orthography)
820,Лальскъ,"Lal'sk""",Russian (Old Orthography)
821,Бѣлоцерковка,Belotserkovka,Russian (Old Orthography)
822,Мехонской,Mekhonskoi,Russian (Old Orthography)
823,Шешкѣевъ,"Sheshkeev""",Russian (Old Orthography)
824,Святогорской,Sviatogorskoi,Russian (Old Orthography)
825,Антоновка,Antonovka,Russian (Old Orthography)
826,Хрущово,Khrushchovo,Russian (Old Orthography)
827,Шадринскъ,"Shadrinsk""",Russian (Old Orthography)
828,Самборской,Samborskoi,Russian (Old Orthography)
829,Туглинская,Tuglinskaia,Russian (Old Orthography)
830,Рига,Riga,Russian (Old Orthography)
