ID,place,name,sourceLink,startDate,endDate,confidence
1,147,1,https://www.zotero.org/jaguillette/items/collectionKey/3KQ5I42Q/itemKey/5AI864SV,1785,1796,confident
2,147,2,https://www.zotero.org/jaguillette/items/collectionKey/3KQ5I42Q/itemKey/5AI864SV,1785,1796,confident
3,237,3,https://www.zotero.org/jaguillette/items/collectionKey/3KQ5I42Q/itemKey/5AI864SV,1785,1796,confident
4,739,4,https://www.zotero.org/jaguillette/items/collectionKey/3KQ5I42Q/itemKey/5AI864SV,1785,1796,confident
5,384,5,https://www.zotero.org/jaguillette/items/collectionKey/3KQ5I42Q/itemKey/5AI864SV,1785,1796,confident
6,371,6,https://www.zotero.org/jaguillette/items/collectionKey/3KQ5I42Q/itemKey/5AI864SV,1785,1796,confident
7,446,7,https://www.zotero.org/jaguillette/items/collectionKey/3KQ5I42Q/itemKey/5AI864SV,1785,1796,confident
8,470,8,https://www.zotero.org/jaguillette/items/collectionKey/3KQ5I42Q/itemKey/5AI864SV,1785,1796,confident
9,266,9,https://www.zotero.org/jaguillette/items/collectionKey/3KQ5I42Q/itemKey/5AI864SV,1785,1796,confident
10,328,10,https://www.zotero.org/jaguillette/items/collectionKey/3KQ5I42Q/itemKey/5AI864SV,1785,1796,confident
11,126,11,https://www.zotero.org/jaguillette/items/collectionKey/3KQ5I42Q/itemKey/5AI864SV,1785,1796,confident
12,299,12,https://www.zotero.org/jaguillette/items/collectionKey/3KQ5I42Q/itemKey/5AI864SV,1785,1796,confident
13,403,13,https://www.zotero.org/jaguillette/items/collectionKey/3KQ5I42Q/itemKey/5AI864SV,1785,1796,confident
14,680,14,https://www.zotero.org/jaguillette/items/collectionKey/3KQ5I42Q/itemKey/5AI864SV,1785,1796,confident
15,721,15,https://www.zotero.org/jaguillette/items/collectionKey/3KQ5I42Q/itemKey/5AI864SV,1785,1796,confident
16,611,16,https://www.zotero.org/jaguillette/items/collectionKey/3KQ5I42Q/itemKey/5AI864SV,1785,1796,confident
17,288,17,https://www.zotero.org/jaguillette/items/collectionKey/3KQ5I42Q/itemKey/5AI864SV,1785,1796,confident
18,355,18,https://www.zotero.org/jaguillette/items/collectionKey/3KQ5I42Q/itemKey/5AI864SV,1785,1796,confident
19,318,19,https://www.zotero.org/jaguillette/items/collectionKey/3KQ5I42Q/itemKey/5AI864SV,1785,1796,confident
20,160,20,https://www.zotero.org/jaguillette/items/collectionKey/3KQ5I42Q/itemKey/5AI864SV,1785,1796,confident
21,169,21,https://www.zotero.org/jaguillette/items/collectionKey/3KQ5I42Q/itemKey/5AI864SV,1785,1796,confident
22,169,22,https://www.zotero.org/jaguillette/items/collectionKey/3KQ5I42Q/itemKey/5AI864SV,1785,1796,confident
23,175,23,https://www.zotero.org/jaguillette/items/collectionKey/3KQ5I42Q/itemKey/5AI864SV,1785,1796,confident
24,440,24,https://www.zotero.org/jaguillette/items/collectionKey/3KQ5I42Q/itemKey/5AI864SV,1785,1796,confident
25,179,25,https://www.zotero.org/jaguillette/items/collectionKey/3KQ5I42Q/itemKey/5AI864SV,1785,1796,confident
26,741,26,https://www.zotero.org/jaguillette/items/collectionKey/3KQ5I42Q/itemKey/5AI864SV,1785,1796,confident
27,347,27,https://www.zotero.org/jaguillette/items/collectionKey/3KQ5I42Q/itemKey/5AI864SV,1785,1796,confident
28,257,28,https://www.zotero.org/jaguillette/items/collectionKey/3KQ5I42Q/itemKey/5AI864SV,1785,1796,confident
29,769,29,https://www.zotero.org/jaguillette/items/collectionKey/3KQ5I42Q/itemKey/5AI864SV,1785,1796,confident
30,146,30,https://www.zotero.org/jaguillette/items/collectionKey/3KQ5I42Q/itemKey/5AI864SV,1785,1796,confident
31,213,31,https://www.zotero.org/jaguillette/items/collectionKey/3KQ5I42Q/itemKey/5AI864SV,1785,1796,confident
32,528,32,https://www.zotero.org/jaguillette/items/collectionKey/3KQ5I42Q/itemKey/5AI864SV,1785,1796,confident
33,33,33,https://www.zotero.org/jaguillette/items/collectionKey/3KQ5I42Q/itemKey/5AI864SV,1785,1796,confident
34,512,34,https://www.zotero.org/jaguillette/items/collectionKey/3KQ5I42Q/itemKey/5AI864SV,1785,1796,confident
35,425,35,https://www.zotero.org/jaguillette/items/collectionKey/3KQ5I42Q/itemKey/5AI864SV,1785,1796,confident
36,131,36,https://www.zotero.org/jaguillette/items/collectionKey/3KQ5I42Q/itemKey/5AI864SV,1785,1796,confident
37,465,37,https://www.zotero.org/jaguillette/items/collectionKey/3KQ5I42Q/itemKey/5AI864SV,1785,1796,confident
38,402,38,https://www.zotero.org/jaguillette/items/collectionKey/3KQ5I42Q/itemKey/5AI864SV,1785,1796,confident
39,527,39,https://www.zotero.org/jaguillette/items/collectionKey/3KQ5I42Q/itemKey/5AI864SV,1785,1796,confident
40,484,40,https://www.zotero.org/jaguillette/items/collectionKey/3KQ5I42Q/itemKey/5AI864SV,1785,1796,confident
41,584,41,https://www.zotero.org/jaguillette/items/collectionKey/3KQ5I42Q/itemKey/5AI864SV,1785,1796,confident
42,471,42,https://www.zotero.org/jaguillette/items/collectionKey/3KQ5I42Q/itemKey/5AI864SV,1785,1796,confident
43,504,43,https://www.zotero.org/jaguillette/items/collectionKey/3KQ5I42Q/itemKey/5AI864SV,1785,1796,confident
44,742,44,https://www.zotero.org/jaguillette/items/collectionKey/3KQ5I42Q/itemKey/5AI864SV,1785,1796,confident
45,165,45,https://www.zotero.org/jaguillette/items/collectionKey/3KQ5I42Q/itemKey/5AI864SV,1785,1796,confident
46,433,46,https://www.zotero.org/jaguillette/items/collectionKey/3KQ5I42Q/itemKey/5AI864SV,1785,1796,confident
47,550,47,https://www.zotero.org/jaguillette/items/collectionKey/3KQ5I42Q/itemKey/5AI864SV,1785,1796,confident
48,253,48,https://www.zotero.org/jaguillette/items/collectionKey/3KQ5I42Q/itemKey/5AI864SV,1785,1796,confident
49,792,49,https://www.zotero.org/jaguillette/items/collectionKey/3KQ5I42Q/itemKey/5AI864SV,1785,1796,confident
50,340,50,https://www.zotero.org/jaguillette/items/collectionKey/3KQ5I42Q/itemKey/5AI864SV,1785,1796,confident
51,595,51,https://www.zotero.org/jaguillette/items/collectionKey/3KQ5I42Q/itemKey/5AI864SV,1785,1796,confident
52,258,52,https://www.zotero.org/jaguillette/items/collectionKey/3KQ5I42Q/itemKey/5AI864SV,1785,1796,confident
53,89,53,https://www.zotero.org/jaguillette/items/collectionKey/3KQ5I42Q/itemKey/5AI864SV,1785,1796,confident
54,82,54,https://www.zotero.org/jaguillette/items/collectionKey/3KQ5I42Q/itemKey/5AI864SV,1785,1796,confident
55,8,55,https://www.zotero.org/jaguillette/items/collectionKey/3KQ5I42Q/itemKey/5AI864SV,1785,1796,confident
56,144,56,https://www.zotero.org/jaguillette/items/collectionKey/3KQ5I42Q/itemKey/5AI864SV,1785,1796,confident
57,224,57,https://www.zotero.org/jaguillette/items/collectionKey/3KQ5I42Q/itemKey/5AI864SV,1785,1796,confident
58,311,58,https://www.zotero.org/jaguillette/items/collectionKey/3KQ5I42Q/itemKey/5AI864SV,1785,1796,confident
59,300,59,https://www.zotero.org/jaguillette/items/collectionKey/3KQ5I42Q/itemKey/5AI864SV,1785,1796,confident
60,312,60,https://www.zotero.org/jaguillette/items/collectionKey/3KQ5I42Q/itemKey/5AI864SV,1785,1796,confident
61,803,61,https://www.zotero.org/jaguillette/items/collectionKey/3KQ5I42Q/itemKey/5AI864SV,1785,1796,confident
62,534,62,https://www.zotero.org/jaguillette/items/collectionKey/3KQ5I42Q/itemKey/5AI864SV,1785,1796,confident
63,426,63,https://www.zotero.org/jaguillette/items/collectionKey/3KQ5I42Q/itemKey/5AI864SV,1785,1796,confident
64,365,64,https://www.zotero.org/jaguillette/items/collectionKey/3KQ5I42Q/itemKey/5AI864SV,1785,1796,confident
65,271,65,https://www.zotero.org/jaguillette/items/collectionKey/3KQ5I42Q/itemKey/5AI864SV,1785,1796,confident
66,450,66,https://www.zotero.org/jaguillette/items/collectionKey/3KQ5I42Q/itemKey/5AI864SV,1785,1796,confident
67,190,67,https://www.zotero.org/jaguillette/items/collectionKey/3KQ5I42Q/itemKey/5AI864SV,1785,1796,confident
68,334,68,https://www.zotero.org/jaguillette/items/collectionKey/3KQ5I42Q/itemKey/5AI864SV,1785,1796,confident
69,268,69,https://www.zotero.org/jaguillette/items/collectionKey/3KQ5I42Q/itemKey/5AI864SV,1785,1796,confident
70,764,70,https://www.zotero.org/jaguillette/items/collectionKey/3KQ5I42Q/itemKey/5AI864SV,1785,1796,confident
71,529,71,https://www.zotero.org/jaguillette/items/collectionKey/3KQ5I42Q/itemKey/5AI864SV,1785,1796,confident
72,585,72,https://www.zotero.org/jaguillette/items/collectionKey/3KQ5I42Q/itemKey/5AI864SV,1785,1796,confident
73,310,73,https://www.zotero.org/jaguillette/items/collectionKey/3KQ5I42Q/itemKey/5AI864SV,1785,1796,confident
74,453,74,https://www.zotero.org/jaguillette/items/collectionKey/3KQ5I42Q/itemKey/5AI864SV,1785,1796,confident
75,487,75,https://www.zotero.org/jaguillette/items/collectionKey/3KQ5I42Q/itemKey/5AI864SV,1785,1796,confident
76,406,76,https://www.zotero.org/jaguillette/items/collectionKey/3KQ5I42Q/itemKey/5AI864SV,1785,1796,confident
77,554,77,https://www.zotero.org/jaguillette/items/collectionKey/3KQ5I42Q/itemKey/5AI864SV,1785,1796,confident
78,729,78,https://www.zotero.org/jaguillette/items/collectionKey/3KQ5I42Q/itemKey/5AI864SV,1785,1796,confident
79,20,79,https://www.zotero.org/jaguillette/items/collectionKey/3KQ5I42Q/itemKey/5AI864SV,1785,1796,confident
80,799,80,https://www.zotero.org/jaguillette/items/collectionKey/3KQ5I42Q/itemKey/5AI864SV,1785,1796,confident
81,102,81,https://www.zotero.org/jaguillette/items/collectionKey/3KQ5I42Q/itemKey/5AI864SV,1785,1796,confident
82,251,82,https://www.zotero.org/jaguillette/items/collectionKey/3KQ5I42Q/itemKey/5AI864SV,1785,1796,confident
83,477,83,https://www.zotero.org/jaguillette/items/collectionKey/3KQ5I42Q/itemKey/5AI864SV,1785,1796,confident
84,580,84,https://www.zotero.org/jaguillette/items/collectionKey/3KQ5I42Q/itemKey/5AI864SV,1785,1796,confident
85,648,85,https://www.zotero.org/jaguillette/items/collectionKey/3KQ5I42Q/itemKey/5AI864SV,1785,1796,confident
86,13,86,https://www.zotero.org/jaguillette/items/collectionKey/3KQ5I42Q/itemKey/5AI864SV,1785,1796,confident
87,763,87,https://www.zotero.org/jaguillette/items/collectionKey/3KQ5I42Q/itemKey/5AI864SV,1785,1796,confident
88,308,88,https://www.zotero.org/jaguillette/items/collectionKey/3KQ5I42Q/itemKey/5AI864SV,1785,1796,confident
89,388,89,https://www.zotero.org/jaguillette/items/collectionKey/3KQ5I42Q/itemKey/5AI864SV,1785,1796,confident
90,174,90,https://www.zotero.org/jaguillette/items/collectionKey/3KQ5I42Q/itemKey/5AI864SV,1785,1796,confident
91,771,91,https://www.zotero.org/jaguillette/items/collectionKey/3KQ5I42Q/itemKey/5AI864SV,1785,1796,confident
92,788,92,https://www.zotero.org/jaguillette/items/collectionKey/3KQ5I42Q/itemKey/5AI864SV,1785,1796,confident
93,394,93,https://www.zotero.org/jaguillette/items/collectionKey/3KQ5I42Q/itemKey/5AI864SV,1785,1796,confident
94,496,94,https://www.zotero.org/jaguillette/items/collectionKey/3KQ5I42Q/itemKey/5AI864SV,1785,1796,confident
95,511,95,https://www.zotero.org/jaguillette/items/collectionKey/3KQ5I42Q/itemKey/5AI864SV,1785,1796,confident
96,143,96,https://www.zotero.org/jaguillette/items/collectionKey/3KQ5I42Q/itemKey/5AI864SV,1785,1796,confident
97,701,97,https://www.zotero.org/jaguillette/items/collectionKey/3KQ5I42Q/itemKey/5AI864SV,1785,1796,confident
98,522,98,https://www.zotero.org/jaguillette/items/collectionKey/3KQ5I42Q/itemKey/5AI864SV,1785,1796,confident
99,370,99,https://www.zotero.org/jaguillette/items/collectionKey/3KQ5I42Q/itemKey/5AI864SV,1785,1796,confident
100,641,100,https://www.zotero.org/jaguillette/items/collectionKey/3KQ5I42Q/itemKey/5AI864SV,1785,1796,confident
101,206,101,https://www.zotero.org/jaguillette/items/collectionKey/3KQ5I42Q/itemKey/5AI864SV,1785,1796,confident
102,797,102,https://www.zotero.org/jaguillette/items/collectionKey/3KQ5I42Q/itemKey/5AI864SV,1785,1796,confident
103,342,103,https://www.zotero.org/jaguillette/items/collectionKey/3KQ5I42Q/itemKey/5AI864SV,1785,1796,confident
104,411,104,https://www.zotero.org/jaguillette/items/collectionKey/3KQ5I42Q/itemKey/5AI864SV,1785,1796,confident
105,265,105,https://www.zotero.org/jaguillette/items/collectionKey/3KQ5I42Q/itemKey/5AI864SV,1785,1796,confident
106,431,106,https://www.zotero.org/jaguillette/items/collectionKey/3KQ5I42Q/itemKey/5AI864SV,1785,1796,confident
107,234,107,https://www.zotero.org/jaguillette/items/collectionKey/3KQ5I42Q/itemKey/5AI864SV,1785,1796,confident
108,116,108,https://www.zotero.org/jaguillette/items/collectionKey/3KQ5I42Q/itemKey/5AI864SV,1785,1796,confident
109,566,109,https://www.zotero.org/jaguillette/items/collectionKey/3KQ5I42Q/itemKey/5AI864SV,1785,1796,confident
110,761,110,https://www.zotero.org/jaguillette/items/collectionKey/3KQ5I42Q/itemKey/5AI864SV,1785,1796,confident
111,88,111,https://www.zotero.org/jaguillette/items/collectionKey/3KQ5I42Q/itemKey/5AI864SV,1785,1796,confident
112,583,112,https://www.zotero.org/jaguillette/items/collectionKey/3KQ5I42Q/itemKey/5AI864SV,1785,1796,confident
113,292,113,https://www.zotero.org/jaguillette/items/collectionKey/3KQ5I42Q/itemKey/5AI864SV,1785,1796,confident
114,15,114,https://www.zotero.org/jaguillette/items/collectionKey/3KQ5I42Q/itemKey/5AI864SV,1785,1796,confident
115,521,115,https://www.zotero.org/jaguillette/items/collectionKey/3KQ5I42Q/itemKey/5AI864SV,1785,1796,confident
116,748,116,https://www.zotero.org/jaguillette/items/collectionKey/3KQ5I42Q/itemKey/5AI864SV,1785,1796,confident
117,50,117,https://www.zotero.org/jaguillette/items/collectionKey/3KQ5I42Q/itemKey/5AI864SV,1785,1796,confident
118,623,118,https://www.zotero.org/jaguillette/items/collectionKey/3KQ5I42Q/itemKey/5AI864SV,1785,1796,confident
119,16,119,https://www.zotero.org/jaguillette/items/collectionKey/3KQ5I42Q/itemKey/5AI864SV,1785,1796,confident
120,717,120,https://www.zotero.org/jaguillette/items/collectionKey/3KQ5I42Q/itemKey/5AI864SV,1785,1796,confident
121,489,121,https://www.zotero.org/jaguillette/items/collectionKey/3KQ5I42Q/itemKey/5AI864SV,1785,1796,confident
122,560,122,https://www.zotero.org/jaguillette/items/collectionKey/3KQ5I42Q/itemKey/5AI864SV,1785,1796,confident
123,72,123,https://www.zotero.org/jaguillette/items/collectionKey/3KQ5I42Q/itemKey/5AI864SV,1785,1796,confident
124,610,124,https://www.zotero.org/jaguillette/items/collectionKey/3KQ5I42Q/itemKey/5AI864SV,1785,1796,confident
125,99,125,https://www.zotero.org/jaguillette/items/collectionKey/3KQ5I42Q/itemKey/5AI864SV,1785,1796,confident
126,296,126,https://www.zotero.org/jaguillette/items/collectionKey/3KQ5I42Q/itemKey/5AI864SV,1785,1796,confident
127,728,127,https://www.zotero.org/jaguillette/items/collectionKey/3KQ5I42Q/itemKey/5AI864SV,1785,1796,confident
128,681,128,https://www.zotero.org/jaguillette/items/collectionKey/3KQ5I42Q/itemKey/5AI864SV,1785,1796,confident
129,455,129,https://www.zotero.org/jaguillette/items/collectionKey/3KQ5I42Q/itemKey/5AI864SV,1785,1796,confident
130,598,130,https://www.zotero.org/jaguillette/items/collectionKey/3KQ5I42Q/itemKey/5AI864SV,1785,1796,confident
131,437,131,https://www.zotero.org/jaguillette/items/collectionKey/3KQ5I42Q/itemKey/5AI864SV,1785,1796,confident
132,672,132,https://www.zotero.org/jaguillette/items/collectionKey/3KQ5I42Q/itemKey/5AI864SV,1785,1796,confident
133,151,133,https://www.zotero.org/jaguillette/items/collectionKey/3KQ5I42Q/itemKey/5AI864SV,1785,1796,confident
134,273,134,https://www.zotero.org/jaguillette/items/collectionKey/3KQ5I42Q/itemKey/5AI864SV,1785,1796,confident
135,582,135,https://www.zotero.org/jaguillette/items/collectionKey/3KQ5I42Q/itemKey/5AI864SV,1785,1796,confident
136,307,136,https://www.zotero.org/jaguillette/items/collectionKey/3KQ5I42Q/itemKey/5AI864SV,1785,1796,confident
137,736,137,https://www.zotero.org/jaguillette/items/collectionKey/3KQ5I42Q/itemKey/5AI864SV,1785,1796,confident
138,391,138,https://www.zotero.org/jaguillette/items/collectionKey/3KQ5I42Q/itemKey/5AI864SV,1785,1796,confident
139,451,139,https://www.zotero.org/jaguillette/items/collectionKey/3KQ5I42Q/itemKey/5AI864SV,1785,1796,confident
140,192,140,https://www.zotero.org/jaguillette/items/collectionKey/3KQ5I42Q/itemKey/5AI864SV,1785,1796,confident
141,192,141,https://www.zotero.org/jaguillette/items/collectionKey/3KQ5I42Q/itemKey/5AI864SV,1785,1796,confident
142,649,142,https://www.zotero.org/jaguillette/items/collectionKey/3KQ5I42Q/itemKey/5AI864SV,1785,1796,confident
143,506,143,https://www.zotero.org/jaguillette/items/collectionKey/3KQ5I42Q/itemKey/5AI864SV,1785,1796,confident
144,620,144,https://www.zotero.org/jaguillette/items/collectionKey/3KQ5I42Q/itemKey/5AI864SV,1785,1796,confident
145,597,145,https://www.zotero.org/jaguillette/items/collectionKey/3KQ5I42Q/itemKey/5AI864SV,1785,1796,confident
146,130,146,https://www.zotero.org/jaguillette/items/collectionKey/3KQ5I42Q/itemKey/5AI864SV,1785,1796,confident
147,642,147,https://www.zotero.org/jaguillette/items/collectionKey/3KQ5I42Q/itemKey/5AI864SV,1785,1796,confident
148,401,148,https://www.zotero.org/jaguillette/items/collectionKey/3KQ5I42Q/itemKey/5AI864SV,1785,1796,confident
149,706,149,https://www.zotero.org/jaguillette/items/collectionKey/3KQ5I42Q/itemKey/5AI864SV,1785,1796,confident
150,428,150,https://www.zotero.org/jaguillette/items/collectionKey/3KQ5I42Q/itemKey/5AI864SV,1785,1796,confident
151,490,151,https://www.zotero.org/jaguillette/items/collectionKey/3KQ5I42Q/itemKey/5AI864SV,1785,1796,confident
152,732,152,https://www.zotero.org/jaguillette/items/collectionKey/3KQ5I42Q/itemKey/5AI864SV,1785,1796,confident
153,255,153,https://www.zotero.org/jaguillette/items/collectionKey/3KQ5I42Q/itemKey/5AI864SV,1785,1796,confident
154,214,154,https://www.zotero.org/jaguillette/items/collectionKey/3KQ5I42Q/itemKey/5AI864SV,1785,1796,confident
155,785,155,https://www.zotero.org/jaguillette/items/collectionKey/3KQ5I42Q/itemKey/5AI864SV,1785,1796,confident
156,93,156,https://www.zotero.org/jaguillette/items/collectionKey/3KQ5I42Q/itemKey/5AI864SV,1785,1796,confident
157,363,157,https://www.zotero.org/jaguillette/items/collectionKey/3KQ5I42Q/itemKey/5AI864SV,1785,1796,confident
158,586,158,https://www.zotero.org/jaguillette/items/collectionKey/3KQ5I42Q/itemKey/5AI864SV,1785,1796,confident
159,683,159,https://www.zotero.org/jaguillette/items/collectionKey/3KQ5I42Q/itemKey/5AI864SV,1785,1796,confident
160,21,160,https://www.zotero.org/jaguillette/items/collectionKey/3KQ5I42Q/itemKey/5AI864SV,1785,1796,confident
161,429,161,https://www.zotero.org/jaguillette/items/collectionKey/3KQ5I42Q/itemKey/5AI864SV,1785,1796,confident
162,262,162,https://www.zotero.org/jaguillette/items/collectionKey/3KQ5I42Q/itemKey/5AI864SV,1785,1796,confident
163,232,163,https://www.zotero.org/jaguillette/items/collectionKey/3KQ5I42Q/itemKey/5AI864SV,1785,1796,confident
164,157,164,https://www.zotero.org/jaguillette/items/collectionKey/3KQ5I42Q/itemKey/5AI864SV,1785,1796,confident
165,242,165,https://www.zotero.org/jaguillette/items/collectionKey/3KQ5I42Q/itemKey/5AI864SV,1785,1796,confident
166,524,166,https://www.zotero.org/jaguillette/items/collectionKey/3KQ5I42Q/itemKey/5AI864SV,1785,1796,confident
167,786,167,https://www.zotero.org/jaguillette/items/collectionKey/3KQ5I42Q/itemKey/5AI864SV,1785,1796,confident
168,574,168,https://www.zotero.org/jaguillette/items/collectionKey/3KQ5I42Q/itemKey/5AI864SV,1785,1796,confident
169,263,169,https://www.zotero.org/jaguillette/items/collectionKey/3KQ5I42Q/itemKey/5AI864SV,1785,1796,confident
170,607,170,https://www.zotero.org/jaguillette/items/collectionKey/3KQ5I42Q/itemKey/5AI864SV,1785,1796,confident
171,695,171,https://www.zotero.org/jaguillette/items/collectionKey/3KQ5I42Q/itemKey/5AI864SV,1785,1796,confident
172,167,172,https://www.zotero.org/jaguillette/items/collectionKey/3KQ5I42Q/itemKey/5AI864SV,1785,1796,confident
173,134,173,https://www.zotero.org/jaguillette/items/collectionKey/3KQ5I42Q/itemKey/5AI864SV,1785,1796,confident
174,497,174,https://www.zotero.org/jaguillette/items/collectionKey/3KQ5I42Q/itemKey/5AI864SV,1785,1796,confident
175,309,175,https://www.zotero.org/jaguillette/items/collectionKey/3KQ5I42Q/itemKey/5AI864SV,1785,1796,confident
176,418,176,https://www.zotero.org/jaguillette/items/collectionKey/3KQ5I42Q/itemKey/5AI864SV,1785,1796,confident
177,427,177,https://www.zotero.org/jaguillette/items/collectionKey/3KQ5I42Q/itemKey/5AI864SV,1785,1796,confident
178,230,178,https://www.zotero.org/jaguillette/items/collectionKey/3KQ5I42Q/itemKey/5AI864SV,1785,1796,confident
179,781,179,https://www.zotero.org/jaguillette/items/collectionKey/3KQ5I42Q/itemKey/5AI864SV,1785,1796,confident
180,733,180,https://www.zotero.org/jaguillette/items/collectionKey/3KQ5I42Q/itemKey/5AI864SV,1785,1796,confident
181,432,181,https://www.zotero.org/jaguillette/items/collectionKey/3KQ5I42Q/itemKey/5AI864SV,1785,1796,confident
182,223,182,https://www.zotero.org/jaguillette/items/collectionKey/3KQ5I42Q/itemKey/5AI864SV,1785,1796,confident
183,410,183,https://www.zotero.org/jaguillette/items/collectionKey/3KQ5I42Q/itemKey/5AI864SV,1785,1796,confident
184,410,184,https://www.zotero.org/jaguillette/items/collectionKey/3KQ5I42Q/itemKey/5AI864SV,1785,1796,confident
185,374,185,https://www.zotero.org/jaguillette/items/collectionKey/3KQ5I42Q/itemKey/5AI864SV,1785,1796,confident
186,297,186,https://www.zotero.org/jaguillette/items/collectionKey/3KQ5I42Q/itemKey/5AI864SV,1785,1796,confident
187,787,187,https://www.zotero.org/jaguillette/items/collectionKey/3KQ5I42Q/itemKey/5AI864SV,1785,1796,confident
188,715,188,https://www.zotero.org/jaguillette/items/collectionKey/3KQ5I42Q/itemKey/5AI864SV,1785,1796,confident
189,5,189,https://www.zotero.org/jaguillette/items/collectionKey/3KQ5I42Q/itemKey/5AI864SV,1785,1796,confident
190,530,190,https://www.zotero.org/jaguillette/items/collectionKey/3KQ5I42Q/itemKey/5AI864SV,1785,1796,confident
191,261,191,https://www.zotero.org/jaguillette/items/collectionKey/3KQ5I42Q/itemKey/5AI864SV,1785,1796,confident
192,29,192,https://www.zotero.org/jaguillette/items/collectionKey/3KQ5I42Q/itemKey/5AI864SV,1785,1796,confident
193,603,193,https://www.zotero.org/jaguillette/items/collectionKey/3KQ5I42Q/itemKey/5AI864SV,1785,1796,confident
194,53,194,https://www.zotero.org/jaguillette/items/collectionKey/3KQ5I42Q/itemKey/5AI864SV,1785,1796,confident
195,193,195,https://www.zotero.org/jaguillette/items/collectionKey/3KQ5I42Q/itemKey/5AI864SV,1785,1796,confident
196,730,196,https://www.zotero.org/jaguillette/items/collectionKey/3KQ5I42Q/itemKey/5AI864SV,1785,1796,confident
197,467,197,https://www.zotero.org/jaguillette/items/collectionKey/3KQ5I42Q/itemKey/5AI864SV,1785,1796,confident
198,195,198,https://www.zotero.org/jaguillette/items/collectionKey/3KQ5I42Q/itemKey/5AI864SV,1785,1796,confident
199,326,199,https://www.zotero.org/jaguillette/items/collectionKey/3KQ5I42Q/itemKey/5AI864SV,1785,1796,confident
200,441,200,https://www.zotero.org/jaguillette/items/collectionKey/3KQ5I42Q/itemKey/5AI864SV,1785,1796,confident
201,41,201,https://www.zotero.org/jaguillette/items/collectionKey/3KQ5I42Q/itemKey/5AI864SV,1785,1796,confident
202,22,202,https://www.zotero.org/jaguillette/items/collectionKey/3KQ5I42Q/itemKey/5AI864SV,1785,1796,confident
203,228,203,https://www.zotero.org/jaguillette/items/collectionKey/3KQ5I42Q/itemKey/5AI864SV,1785,1796,confident
204,556,204,https://www.zotero.org/jaguillette/items/collectionKey/3KQ5I42Q/itemKey/5AI864SV,1785,1796,confident
205,645,205,https://www.zotero.org/jaguillette/items/collectionKey/3KQ5I42Q/itemKey/5AI864SV,1785,1796,confident
206,563,206,https://www.zotero.org/jaguillette/items/collectionKey/3KQ5I42Q/itemKey/5AI864SV,1785,1796,confident
207,218,207,https://www.zotero.org/jaguillette/items/collectionKey/3KQ5I42Q/itemKey/5AI864SV,1785,1796,confident
208,804,208,https://www.zotero.org/jaguillette/items/collectionKey/3KQ5I42Q/itemKey/5AI864SV,1785,1796,confident
209,414,209,https://www.zotero.org/jaguillette/items/collectionKey/3KQ5I42Q/itemKey/5AI864SV,1785,1796,confident
210,236,210,https://www.zotero.org/jaguillette/items/collectionKey/3KQ5I42Q/itemKey/5AI864SV,1785,1796,confident
211,236,211,https://www.zotero.org/jaguillette/items/collectionKey/3KQ5I42Q/itemKey/5AI864SV,1785,1796,confident
212,791,212,https://www.zotero.org/jaguillette/items/collectionKey/3KQ5I42Q/itemKey/5AI864SV,1785,1796,confident
213,361,213,https://www.zotero.org/jaguillette/items/collectionKey/3KQ5I42Q/itemKey/5AI864SV,1785,1796,confident
214,319,214,https://www.zotero.org/jaguillette/items/collectionKey/3KQ5I42Q/itemKey/5AI864SV,1785,1796,confident
215,358,215,https://www.zotero.org/jaguillette/items/collectionKey/3KQ5I42Q/itemKey/5AI864SV,1785,1796,confident
216,98,216,https://www.zotero.org/jaguillette/items/collectionKey/3KQ5I42Q/itemKey/5AI864SV,1785,1796,confident
217,74,217,https://www.zotero.org/jaguillette/items/collectionKey/3KQ5I42Q/itemKey/5AI864SV,1785,1796,confident
218,660,218,https://www.zotero.org/jaguillette/items/collectionKey/3KQ5I42Q/itemKey/5AI864SV,1785,1796,confident
219,600,219,https://www.zotero.org/jaguillette/items/collectionKey/3KQ5I42Q/itemKey/5AI864SV,1785,1796,confident
220,536,220,https://www.zotero.org/jaguillette/items/collectionKey/3KQ5I42Q/itemKey/5AI864SV,1785,1796,confident
221,222,221,https://www.zotero.org/jaguillette/items/collectionKey/3KQ5I42Q/itemKey/5AI864SV,1785,1796,confident
222,664,222,https://www.zotero.org/jaguillette/items/collectionKey/3KQ5I42Q/itemKey/5AI864SV,1785,1796,confident
223,614,223,https://www.zotero.org/jaguillette/items/collectionKey/3KQ5I42Q/itemKey/5AI864SV,1785,1796,confident
224,6,224,https://www.zotero.org/jaguillette/items/collectionKey/3KQ5I42Q/itemKey/5AI864SV,1785,1796,confident
225,482,225,https://www.zotero.org/jaguillette/items/collectionKey/3KQ5I42Q/itemKey/5AI864SV,1785,1796,confident
226,652,226,https://www.zotero.org/jaguillette/items/collectionKey/3KQ5I42Q/itemKey/5AI864SV,1785,1796,confident
227,682,227,https://www.zotero.org/jaguillette/items/collectionKey/3KQ5I42Q/itemKey/5AI864SV,1785,1796,confident
228,636,228,https://www.zotero.org/jaguillette/items/collectionKey/3KQ5I42Q/itemKey/5AI864SV,1785,1796,confident
229,330,229,https://www.zotero.org/jaguillette/items/collectionKey/3KQ5I42Q/itemKey/5AI864SV,1785,1796,confident
230,359,230,https://www.zotero.org/jaguillette/items/collectionKey/3KQ5I42Q/itemKey/5AI864SV,1785,1796,confident
231,291,231,https://www.zotero.org/jaguillette/items/collectionKey/3KQ5I42Q/itemKey/5AI864SV,1785,1796,confident
232,547,232,https://www.zotero.org/jaguillette/items/collectionKey/3KQ5I42Q/itemKey/5AI864SV,1785,1796,confident
233,306,233,https://www.zotero.org/jaguillette/items/collectionKey/3KQ5I42Q/itemKey/5AI864SV,1785,1796,confident
234,306,234,https://www.zotero.org/jaguillette/items/collectionKey/3KQ5I42Q/itemKey/5AI864SV,1785,1796,confident
235,27,235,https://www.zotero.org/jaguillette/items/collectionKey/3KQ5I42Q/itemKey/5AI864SV,1785,1796,confident
236,749,236,https://www.zotero.org/jaguillette/items/collectionKey/3KQ5I42Q/itemKey/5AI864SV,1785,1796,confident
237,776,237,https://www.zotero.org/jaguillette/items/collectionKey/3KQ5I42Q/itemKey/5AI864SV,1785,1796,confident
238,619,238,https://www.zotero.org/jaguillette/items/collectionKey/3KQ5I42Q/itemKey/5AI864SV,1785,1796,confident
239,10,239,https://www.zotero.org/jaguillette/items/collectionKey/3KQ5I42Q/itemKey/5AI864SV,1785,1796,confident
240,10,240,https://www.zotero.org/jaguillette/items/collectionKey/3KQ5I42Q/itemKey/5AI864SV,1785,1796,confident
241,196,241,https://www.zotero.org/jaguillette/items/collectionKey/3KQ5I42Q/itemKey/5AI864SV,1785,1796,confident
242,564,242,https://www.zotero.org/jaguillette/items/collectionKey/3KQ5I42Q/itemKey/5AI864SV,1785,1796,confident
243,264,243,https://www.zotero.org/jaguillette/items/collectionKey/3KQ5I42Q/itemKey/5AI864SV,1785,1796,confident
244,756,244,https://www.zotero.org/jaguillette/items/collectionKey/3KQ5I42Q/itemKey/5AI864SV,1785,1796,confident
245,596,245,https://www.zotero.org/jaguillette/items/collectionKey/3KQ5I42Q/itemKey/5AI864SV,1785,1796,confident
246,543,246,https://www.zotero.org/jaguillette/items/collectionKey/3KQ5I42Q/itemKey/5AI864SV,1785,1796,confident
247,205,247,https://www.zotero.org/jaguillette/items/collectionKey/3KQ5I42Q/itemKey/5AI864SV,1785,1796,confident
248,122,248,https://www.zotero.org/jaguillette/items/collectionKey/3KQ5I42Q/itemKey/5AI864SV,1785,1796,confident
249,423,249,https://www.zotero.org/jaguillette/items/collectionKey/3KQ5I42Q/itemKey/5AI864SV,1785,1796,confident
250,23,250,https://www.zotero.org/jaguillette/items/collectionKey/3KQ5I42Q/itemKey/5AI864SV,1785,1796,confident
251,23,251,https://www.zotero.org/jaguillette/items/collectionKey/3KQ5I42Q/itemKey/5AI864SV,1785,1796,confident
252,293,252,https://www.zotero.org/jaguillette/items/collectionKey/3KQ5I42Q/itemKey/5AI864SV,1785,1796,confident
253,162,253,https://www.zotero.org/jaguillette/items/collectionKey/3KQ5I42Q/itemKey/5AI864SV,1785,1796,confident
254,171,254,https://www.zotero.org/jaguillette/items/collectionKey/3KQ5I42Q/itemKey/5AI864SV,1785,1796,confident
255,659,255,https://www.zotero.org/jaguillette/items/collectionKey/3KQ5I42Q/itemKey/5AI864SV,1785,1796,confident
256,460,256,https://www.zotero.org/jaguillette/items/collectionKey/3KQ5I42Q/itemKey/5AI864SV,1785,1796,confident
257,246,257,https://www.zotero.org/jaguillette/items/collectionKey/3KQ5I42Q/itemKey/5AI864SV,1785,1796,confident
258,472,258,https://www.zotero.org/jaguillette/items/collectionKey/3KQ5I42Q/itemKey/5AI864SV,1785,1796,confident
259,344,259,https://www.zotero.org/jaguillette/items/collectionKey/3KQ5I42Q/itemKey/5AI864SV,1785,1796,confident
260,590,260,https://www.zotero.org/jaguillette/items/collectionKey/3KQ5I42Q/itemKey/5AI864SV,1785,1796,confident
261,40,261,https://www.zotero.org/jaguillette/items/collectionKey/3KQ5I42Q/itemKey/5AI864SV,1785,1796,confident
262,282,262,https://www.zotero.org/jaguillette/items/collectionKey/3KQ5I42Q/itemKey/5AI864SV,1785,1796,confident
263,675,263,https://www.zotero.org/jaguillette/items/collectionKey/3KQ5I42Q/itemKey/5AI864SV,1785,1796,confident
264,54,264,https://www.zotero.org/jaguillette/items/collectionKey/3KQ5I42Q/itemKey/5AI864SV,1785,1796,confident
265,665,265,https://www.zotero.org/jaguillette/items/collectionKey/3KQ5I42Q/itemKey/5AI864SV,1785,1796,confident
266,7,266,https://www.zotero.org/jaguillette/items/collectionKey/3KQ5I42Q/itemKey/5AI864SV,1785,1796,confident
267,637,267,https://www.zotero.org/jaguillette/items/collectionKey/3KQ5I42Q/itemKey/5AI864SV,1785,1796,confident
268,366,268,https://www.zotero.org/jaguillette/items/collectionKey/3KQ5I42Q/itemKey/5AI864SV,1785,1796,confident
269,714,269,https://www.zotero.org/jaguillette/items/collectionKey/3KQ5I42Q/itemKey/5AI864SV,1785,1796,confident
270,561,270,https://www.zotero.org/jaguillette/items/collectionKey/3KQ5I42Q/itemKey/5AI864SV,1785,1796,confident
271,770,271,https://www.zotero.org/jaguillette/items/collectionKey/3KQ5I42Q/itemKey/5AI864SV,1785,1796,confident
272,254,272,https://www.zotero.org/jaguillette/items/collectionKey/3KQ5I42Q/itemKey/5AI864SV,1785,1796,confident
273,495,273,https://www.zotero.org/jaguillette/items/collectionKey/3KQ5I42Q/itemKey/5AI864SV,1785,1796,confident
274,526,274,https://www.zotero.org/jaguillette/items/collectionKey/3KQ5I42Q/itemKey/5AI864SV,1785,1796,confident
275,553,275,https://www.zotero.org/jaguillette/items/collectionKey/3KQ5I42Q/itemKey/5AI864SV,1785,1796,confident
276,14,276,https://www.zotero.org/jaguillette/items/collectionKey/3KQ5I42Q/itemKey/5AI864SV,1785,1796,confident
277,166,277,https://www.zotero.org/jaguillette/items/collectionKey/3KQ5I42Q/itemKey/5AI864SV,1785,1796,confident
278,684,278,https://www.zotero.org/jaguillette/items/collectionKey/3KQ5I42Q/itemKey/5AI864SV,1785,1796,confident
279,91,279,https://www.zotero.org/jaguillette/items/collectionKey/3KQ5I42Q/itemKey/5AI864SV,1785,1796,confident
280,329,280,https://www.zotero.org/jaguillette/items/collectionKey/3KQ5I42Q/itemKey/5AI864SV,1785,1796,confident
281,12,281,https://www.zotero.org/jaguillette/items/collectionKey/3KQ5I42Q/itemKey/5AI864SV,1785,1796,confident
282,124,282,https://www.zotero.org/jaguillette/items/collectionKey/3KQ5I42Q/itemKey/5AI864SV,1785,1796,confident
283,277,283,https://www.zotero.org/jaguillette/items/collectionKey/3KQ5I42Q/itemKey/5AI864SV,1785,1796,confident
284,669,284,https://www.zotero.org/jaguillette/items/collectionKey/3KQ5I42Q/itemKey/5AI864SV,1785,1796,confident
285,76,285,https://www.zotero.org/jaguillette/items/collectionKey/3KQ5I42Q/itemKey/5AI864SV,1785,1796,confident
286,509,286,https://www.zotero.org/jaguillette/items/collectionKey/3KQ5I42Q/itemKey/5AI864SV,1785,1796,confident
287,164,287,https://www.zotero.org/jaguillette/items/collectionKey/3KQ5I42Q/itemKey/5AI864SV,1785,1796,confident
288,593,288,https://www.zotero.org/jaguillette/items/collectionKey/3KQ5I42Q/itemKey/5AI864SV,1785,1796,confident
289,227,289,https://www.zotero.org/jaguillette/items/collectionKey/3KQ5I42Q/itemKey/5AI864SV,1785,1796,confident
290,84,290,https://www.zotero.org/jaguillette/items/collectionKey/3KQ5I42Q/itemKey/5AI864SV,1785,1796,confident
291,513,291,https://www.zotero.org/jaguillette/items/collectionKey/3KQ5I42Q/itemKey/5AI864SV,1785,1796,confident
292,114,292,https://www.zotero.org/jaguillette/items/collectionKey/3KQ5I42Q/itemKey/5AI864SV,1785,1796,confident
293,570,293,https://www.zotero.org/jaguillette/items/collectionKey/3KQ5I42Q/itemKey/5AI864SV,1785,1796,confident
294,67,294,https://www.zotero.org/jaguillette/items/collectionKey/3KQ5I42Q/itemKey/5AI864SV,1785,1796,confident
295,519,295,https://www.zotero.org/jaguillette/items/collectionKey/3KQ5I42Q/itemKey/5AI864SV,1785,1796,confident
296,624,296,https://www.zotero.org/jaguillette/items/collectionKey/3KQ5I42Q/itemKey/5AI864SV,1785,1796,confident
297,802,297,https://www.zotero.org/jaguillette/items/collectionKey/3KQ5I42Q/itemKey/5AI864SV,1785,1796,confident
298,343,298,https://www.zotero.org/jaguillette/items/collectionKey/3KQ5I42Q/itemKey/5AI864SV,1785,1796,confident
299,762,299,https://www.zotero.org/jaguillette/items/collectionKey/3KQ5I42Q/itemKey/5AI864SV,1785,1796,confident
300,96,300,https://www.zotero.org/jaguillette/items/collectionKey/3KQ5I42Q/itemKey/5AI864SV,1785,1796,confident
301,494,301,https://www.zotero.org/jaguillette/items/collectionKey/3KQ5I42Q/itemKey/5AI864SV,1785,1796,confident
302,383,302,https://www.zotero.org/jaguillette/items/collectionKey/3KQ5I42Q/itemKey/5AI864SV,1785,1796,confident
303,430,303,https://www.zotero.org/jaguillette/items/collectionKey/3KQ5I42Q/itemKey/5AI864SV,1785,1796,confident
304,393,304,https://www.zotero.org/jaguillette/items/collectionKey/3KQ5I42Q/itemKey/5AI864SV,1785,1796,confident
305,751,305,https://www.zotero.org/jaguillette/items/collectionKey/3KQ5I42Q/itemKey/5AI864SV,1785,1796,confident
306,743,306,https://www.zotero.org/jaguillette/items/collectionKey/3KQ5I42Q/itemKey/5AI864SV,1785,1796,confident
307,750,307,https://www.zotero.org/jaguillette/items/collectionKey/3KQ5I42Q/itemKey/5AI864SV,1785,1796,confident
308,107,308,https://www.zotero.org/jaguillette/items/collectionKey/3KQ5I42Q/itemKey/5AI864SV,1785,1796,confident
309,755,309,https://www.zotero.org/jaguillette/items/collectionKey/3KQ5I42Q/itemKey/5AI864SV,1785,1796,confident
310,61,310,https://www.zotero.org/jaguillette/items/collectionKey/3KQ5I42Q/itemKey/5AI864SV,1785,1796,confident
311,696,311,https://www.zotero.org/jaguillette/items/collectionKey/3KQ5I42Q/itemKey/5AI864SV,1785,1796,confident
312,679,312,https://www.zotero.org/jaguillette/items/collectionKey/3KQ5I42Q/itemKey/5AI864SV,1785,1796,confident
313,454,313,https://www.zotero.org/jaguillette/items/collectionKey/3KQ5I42Q/itemKey/5AI864SV,1785,1796,confident
314,377,314,https://www.zotero.org/jaguillette/items/collectionKey/3KQ5I42Q/itemKey/5AI864SV,1785,1796,confident
315,28,315,https://www.zotero.org/jaguillette/items/collectionKey/3KQ5I42Q/itemKey/5AI864SV,1785,1796,confident
316,692,316,https://www.zotero.org/jaguillette/items/collectionKey/3KQ5I42Q/itemKey/5AI864SV,1785,1796,confident
317,698,317,https://www.zotero.org/jaguillette/items/collectionKey/3KQ5I42Q/itemKey/5AI864SV,1785,1796,confident
318,777,318,https://www.zotero.org/jaguillette/items/collectionKey/3KQ5I42Q/itemKey/5AI864SV,1785,1796,confident
319,337,319,https://www.zotero.org/jaguillette/items/collectionKey/3KQ5I42Q/itemKey/5AI864SV,1785,1796,confident
320,57,320,https://www.zotero.org/jaguillette/items/collectionKey/3KQ5I42Q/itemKey/5AI864SV,1785,1796,confident
321,105,321,https://www.zotero.org/jaguillette/items/collectionKey/3KQ5I42Q/itemKey/5AI864SV,1785,1796,confident
322,499,322,https://www.zotero.org/jaguillette/items/collectionKey/3KQ5I42Q/itemKey/5AI864SV,1785,1796,confident
323,456,323,https://www.zotero.org/jaguillette/items/collectionKey/3KQ5I42Q/itemKey/5AI864SV,1785,1796,confident
324,267,324,https://www.zotero.org/jaguillette/items/collectionKey/3KQ5I42Q/itemKey/5AI864SV,1785,1796,confident
325,322,325,https://www.zotero.org/jaguillette/items/collectionKey/3KQ5I42Q/itemKey/5AI864SV,1785,1796,confident
326,138,326,https://www.zotero.org/jaguillette/items/collectionKey/3KQ5I42Q/itemKey/5AI864SV,1785,1796,confident
327,654,327,https://www.zotero.org/jaguillette/items/collectionKey/3KQ5I42Q/itemKey/5AI864SV,1785,1796,confident
328,46,328,https://www.zotero.org/jaguillette/items/collectionKey/3KQ5I42Q/itemKey/5AI864SV,1785,1796,confident
329,19,329,https://www.zotero.org/jaguillette/items/collectionKey/3KQ5I42Q/itemKey/5AI864SV,1785,1796,confident
330,486,330,https://www.zotero.org/jaguillette/items/collectionKey/3KQ5I42Q/itemKey/5AI864SV,1785,1796,confident
331,501,331,https://www.zotero.org/jaguillette/items/collectionKey/3KQ5I42Q/itemKey/5AI864SV,1785,1796,confident
332,97,332,https://www.zotero.org/jaguillette/items/collectionKey/3KQ5I42Q/itemKey/5AI864SV,1785,1796,confident
333,705,333,https://www.zotero.org/jaguillette/items/collectionKey/3KQ5I42Q/itemKey/5AI864SV,1785,1796,confident
334,37,334,https://www.zotero.org/jaguillette/items/collectionKey/3KQ5I42Q/itemKey/5AI864SV,1785,1796,confident
335,345,335,https://www.zotero.org/jaguillette/items/collectionKey/3KQ5I42Q/itemKey/5AI864SV,1785,1796,confident
336,466,336,https://www.zotero.org/jaguillette/items/collectionKey/3KQ5I42Q/itemKey/5AI864SV,1785,1796,confident
337,690,337,https://www.zotero.org/jaguillette/items/collectionKey/3KQ5I42Q/itemKey/5AI864SV,1785,1796,confident
338,182,338,https://www.zotero.org/jaguillette/items/collectionKey/3KQ5I42Q/itemKey/5AI864SV,1785,1796,confident
339,182,339,https://www.zotero.org/jaguillette/items/collectionKey/3KQ5I42Q/itemKey/5AI864SV,1785,1796,confident
340,488,340,https://www.zotero.org/jaguillette/items/collectionKey/3KQ5I42Q/itemKey/5AI864SV,1785,1796,confident
341,688,341,https://www.zotero.org/jaguillette/items/collectionKey/3KQ5I42Q/itemKey/5AI864SV,1785,1796,confident
342,412,342,https://www.zotero.org/jaguillette/items/collectionKey/3KQ5I42Q/itemKey/5AI864SV,1785,1796,confident
343,722,343,https://www.zotero.org/jaguillette/items/collectionKey/3KQ5I42Q/itemKey/5AI864SV,1785,1796,confident
344,663,344,https://www.zotero.org/jaguillette/items/collectionKey/3KQ5I42Q/itemKey/5AI864SV,1785,1796,confident
345,248,345,https://www.zotero.org/jaguillette/items/collectionKey/3KQ5I42Q/itemKey/5AI864SV,1785,1796,confident
346,71,346,https://www.zotero.org/jaguillette/items/collectionKey/3KQ5I42Q/itemKey/5AI864SV,1785,1796,confident
347,468,347,https://www.zotero.org/jaguillette/items/collectionKey/3KQ5I42Q/itemKey/5AI864SV,1785,1796,confident
348,207,348,https://www.zotero.org/jaguillette/items/collectionKey/3KQ5I42Q/itemKey/5AI864SV,1785,1796,confident
349,180,349,https://www.zotero.org/jaguillette/items/collectionKey/3KQ5I42Q/itemKey/5AI864SV,1785,1796,confident
350,364,350,https://www.zotero.org/jaguillette/items/collectionKey/3KQ5I42Q/itemKey/5AI864SV,1785,1796,confident
351,108,351,https://www.zotero.org/jaguillette/items/collectionKey/3KQ5I42Q/itemKey/5AI864SV,1785,1796,confident
352,314,352,https://www.zotero.org/jaguillette/items/collectionKey/3KQ5I42Q/itemKey/5AI864SV,1785,1796,confident
353,314,353,https://www.zotero.org/jaguillette/items/collectionKey/3KQ5I42Q/itemKey/5AI864SV,1785,1796,confident
354,697,354,https://www.zotero.org/jaguillette/items/collectionKey/3KQ5I42Q/itemKey/5AI864SV,1785,1796,confident
355,697,355,https://www.zotero.org/jaguillette/items/collectionKey/3KQ5I42Q/itemKey/5AI864SV,1785,1796,confident
356,767,356,https://www.zotero.org/jaguillette/items/collectionKey/3KQ5I42Q/itemKey/5AI864SV,1785,1796,confident
357,152,357,https://www.zotero.org/jaguillette/items/collectionKey/3KQ5I42Q/itemKey/5AI864SV,1785,1796,confident
358,639,358,https://www.zotero.org/jaguillette/items/collectionKey/3KQ5I42Q/itemKey/5AI864SV,1785,1796,confident
359,796,359,https://www.zotero.org/jaguillette/items/collectionKey/3KQ5I42Q/itemKey/5AI864SV,1785,1796,confident
360,457,360,https://www.zotero.org/jaguillette/items/collectionKey/3KQ5I42Q/itemKey/5AI864SV,1785,1796,confident
361,457,361,https://www.zotero.org/jaguillette/items/collectionKey/3KQ5I42Q/itemKey/5AI864SV,1785,1796,confident
362,154,362,https://www.zotero.org/jaguillette/items/collectionKey/3KQ5I42Q/itemKey/5AI864SV,1785,1796,confident
363,452,363,https://www.zotero.org/jaguillette/items/collectionKey/3KQ5I42Q/itemKey/5AI864SV,1785,1796,confident
364,552,364,https://www.zotero.org/jaguillette/items/collectionKey/3KQ5I42Q/itemKey/5AI864SV,1785,1796,confident
365,400,365,https://www.zotero.org/jaguillette/items/collectionKey/3KQ5I42Q/itemKey/5AI864SV,1785,1796,confident
366,518,366,https://www.zotero.org/jaguillette/items/collectionKey/3KQ5I42Q/itemKey/5AI864SV,1785,1796,confident
367,356,367,https://www.zotero.org/jaguillette/items/collectionKey/3KQ5I42Q/itemKey/5AI864SV,1785,1796,confident
368,183,368,https://www.zotero.org/jaguillette/items/collectionKey/3KQ5I42Q/itemKey/5AI864SV,1785,1796,confident
369,90,369,https://www.zotero.org/jaguillette/items/collectionKey/3KQ5I42Q/itemKey/5AI864SV,1785,1796,confident
370,60,370,https://www.zotero.org/jaguillette/items/collectionKey/3KQ5I42Q/itemKey/5AI864SV,1785,1796,confident
371,409,371,https://www.zotero.org/jaguillette/items/collectionKey/3KQ5I42Q/itemKey/5AI864SV,1785,1796,confident
372,201,372,https://www.zotero.org/jaguillette/items/collectionKey/3KQ5I42Q/itemKey/5AI864SV,1785,1796,confident
373,24,373,https://www.zotero.org/jaguillette/items/collectionKey/3KQ5I42Q/itemKey/5AI864SV,1785,1796,confident
374,448,374,https://www.zotero.org/jaguillette/items/collectionKey/3KQ5I42Q/itemKey/5AI864SV,1785,1796,confident
375,622,375,https://www.zotero.org/jaguillette/items/collectionKey/3KQ5I42Q/itemKey/5AI864SV,1785,1796,confident
376,629,376,https://www.zotero.org/jaguillette/items/collectionKey/3KQ5I42Q/itemKey/5AI864SV,1785,1796,confident
377,608,377,https://www.zotero.org/jaguillette/items/collectionKey/3KQ5I42Q/itemKey/5AI864SV,1785,1796,confident
378,678,378,https://www.zotero.org/jaguillette/items/collectionKey/3KQ5I42Q/itemKey/5AI864SV,1785,1796,confident
379,203,379,https://www.zotero.org/jaguillette/items/collectionKey/3KQ5I42Q/itemKey/5AI864SV,1785,1796,confident
380,259,380,https://www.zotero.org/jaguillette/items/collectionKey/3KQ5I42Q/itemKey/5AI864SV,1785,1796,confident
381,537,381,https://www.zotero.org/jaguillette/items/collectionKey/3KQ5I42Q/itemKey/5AI864SV,1785,1796,confident
382,801,382,https://www.zotero.org/jaguillette/items/collectionKey/3KQ5I42Q/itemKey/5AI864SV,1785,1796,confident
383,491,383,https://www.zotero.org/jaguillette/items/collectionKey/3KQ5I42Q/itemKey/5AI864SV,1785,1796,confident
384,333,384,https://www.zotero.org/jaguillette/items/collectionKey/3KQ5I42Q/itemKey/5AI864SV,1785,1796,confident
385,687,385,https://www.zotero.org/jaguillette/items/collectionKey/3KQ5I42Q/itemKey/5AI864SV,1785,1796,confident
386,94,386,https://www.zotero.org/jaguillette/items/collectionKey/3KQ5I42Q/itemKey/5AI864SV,1785,1796,confident
387,281,387,https://www.zotero.org/jaguillette/items/collectionKey/3KQ5I42Q/itemKey/5AI864SV,1785,1796,confident
388,568,388,https://www.zotero.org/jaguillette/items/collectionKey/3KQ5I42Q/itemKey/5AI864SV,1785,1796,confident
389,754,389,https://www.zotero.org/jaguillette/items/collectionKey/3KQ5I42Q/itemKey/5AI864SV,1785,1796,confident
390,188,390,https://www.zotero.org/jaguillette/items/collectionKey/3KQ5I42Q/itemKey/5AI864SV,1785,1796,confident
391,621,391,https://www.zotero.org/jaguillette/items/collectionKey/3KQ5I42Q/itemKey/5AI864SV,1785,1796,confident
392,480,392,https://www.zotero.org/jaguillette/items/collectionKey/3KQ5I42Q/itemKey/5AI864SV,1785,1796,confident
393,535,393,https://www.zotero.org/jaguillette/items/collectionKey/3KQ5I42Q/itemKey/5AI864SV,1785,1796,confident
394,379,394,https://www.zotero.org/jaguillette/items/collectionKey/3KQ5I42Q/itemKey/5AI864SV,1785,1796,confident
395,270,395,https://www.zotero.org/jaguillette/items/collectionKey/3KQ5I42Q/itemKey/5AI864SV,1785,1796,confident
396,270,396,https://www.zotero.org/jaguillette/items/collectionKey/3KQ5I42Q/itemKey/5AI864SV,1785,1796,confident
397,618,397,https://www.zotero.org/jaguillette/items/collectionKey/3KQ5I42Q/itemKey/5AI864SV,1785,1796,confident
398,341,398,https://www.zotero.org/jaguillette/items/collectionKey/3KQ5I42Q/itemKey/5AI864SV,1785,1796,confident
399,670,399,https://www.zotero.org/jaguillette/items/collectionKey/3KQ5I42Q/itemKey/5AI864SV,1785,1796,confident
400,783,400,https://www.zotero.org/jaguillette/items/collectionKey/3KQ5I42Q/itemKey/5AI864SV,1785,1796,confident
401,549,401,https://www.zotero.org/jaguillette/items/collectionKey/3KQ5I42Q/itemKey/5AI864SV,1785,1796,confident
402,413,402,https://www.zotero.org/jaguillette/items/collectionKey/3KQ5I42Q/itemKey/5AI864SV,1785,1796,confident
403,274,403,https://www.zotero.org/jaguillette/items/collectionKey/3KQ5I42Q/itemKey/5AI864SV,1785,1796,confident
404,274,404,https://www.zotero.org/jaguillette/items/collectionKey/3KQ5I42Q/itemKey/5AI864SV,1785,1796,confident
405,256,405,https://www.zotero.org/jaguillette/items/collectionKey/3KQ5I42Q/itemKey/5AI864SV,1785,1796,confident
406,200,406,https://www.zotero.org/jaguillette/items/collectionKey/3KQ5I42Q/itemKey/5AI864SV,1785,1796,confident
407,474,407,https://www.zotero.org/jaguillette/items/collectionKey/3KQ5I42Q/itemKey/5AI864SV,1785,1796,confident
408,474,408,https://www.zotero.org/jaguillette/items/collectionKey/3KQ5I42Q/itemKey/5AI864SV,1785,1796,confident
409,187,409,https://www.zotero.org/jaguillette/items/collectionKey/3KQ5I42Q/itemKey/5AI864SV,1785,1796,confident
410,125,410,https://www.zotero.org/jaguillette/items/collectionKey/3KQ5I42Q/itemKey/5AI864SV,1785,1796,confident
411,156,411,https://www.zotero.org/jaguillette/items/collectionKey/3KQ5I42Q/itemKey/5AI864SV,1785,1796,confident
412,294,412,https://www.zotero.org/jaguillette/items/collectionKey/3KQ5I42Q/itemKey/5AI864SV,1785,1796,confident
413,39,413,https://www.zotero.org/jaguillette/items/collectionKey/3KQ5I42Q/itemKey/5AI864SV,1785,1796,confident
414,382,414,https://www.zotero.org/jaguillette/items/collectionKey/3KQ5I42Q/itemKey/5AI864SV,1785,1796,confident
415,324,415,https://www.zotero.org/jaguillette/items/collectionKey/3KQ5I42Q/itemKey/5AI864SV,1785,1796,confident
416,794,416,https://www.zotero.org/jaguillette/items/collectionKey/3KQ5I42Q/itemKey/5AI864SV,1785,1796,confident
417,673,417,https://www.zotero.org/jaguillette/items/collectionKey/3KQ5I42Q/itemKey/5AI864SV,1785,1796,confident
418,389,418,https://www.zotero.org/jaguillette/items/collectionKey/3KQ5I42Q/itemKey/5AI864SV,1785,1796,confident
419,9,419,https://www.zotero.org/jaguillette/items/collectionKey/3KQ5I42Q/itemKey/5AI864SV,1785,1796,confident
420,674,420,https://www.zotero.org/jaguillette/items/collectionKey/3KQ5I42Q/itemKey/5AI864SV,1785,1796,confident
421,572,421,https://www.zotero.org/jaguillette/items/collectionKey/3KQ5I42Q/itemKey/5AI864SV,1785,1796,confident
422,407,422,https://www.zotero.org/jaguillette/items/collectionKey/3KQ5I42Q/itemKey/5AI864SV,1785,1796,confident
423,243,423,https://www.zotero.org/jaguillette/items/collectionKey/3KQ5I42Q/itemKey/5AI864SV,1785,1796,confident
424,700,424,https://www.zotero.org/jaguillette/items/collectionKey/3KQ5I42Q/itemKey/5AI864SV,1785,1796,confident
425,419,425,https://www.zotero.org/jaguillette/items/collectionKey/3KQ5I42Q/itemKey/5AI864SV,1785,1796,confident
426,628,426,https://www.zotero.org/jaguillette/items/collectionKey/3KQ5I42Q/itemKey/5AI864SV,1785,1796,confident
427,212,427,https://www.zotero.org/jaguillette/items/collectionKey/3KQ5I42Q/itemKey/5AI864SV,1785,1796,confident
428,212,428,https://www.zotero.org/jaguillette/items/collectionKey/3KQ5I42Q/itemKey/5AI864SV,1785,1796,confident
429,638,429,https://www.zotero.org/jaguillette/items/collectionKey/3KQ5I42Q/itemKey/5AI864SV,1785,1796,confident
430,544,430,https://www.zotero.org/jaguillette/items/collectionKey/3KQ5I42Q/itemKey/5AI864SV,1785,1796,confident
431,315,431,https://www.zotero.org/jaguillette/items/collectionKey/3KQ5I42Q/itemKey/5AI864SV,1785,1796,confident
432,43,432,https://www.zotero.org/jaguillette/items/collectionKey/3KQ5I42Q/itemKey/5AI864SV,1785,1796,confident
433,170,433,https://www.zotero.org/jaguillette/items/collectionKey/3KQ5I42Q/itemKey/5AI864SV,1785,1796,confident
434,110,434,https://www.zotero.org/jaguillette/items/collectionKey/3KQ5I42Q/itemKey/5AI864SV,1785,1796,confident
435,132,435,https://www.zotero.org/jaguillette/items/collectionKey/3KQ5I42Q/itemKey/5AI864SV,1785,1796,confident
436,369,436,https://www.zotero.org/jaguillette/items/collectionKey/3KQ5I42Q/itemKey/5AI864SV,1785,1796,confident
437,123,437,https://www.zotero.org/jaguillette/items/collectionKey/3KQ5I42Q/itemKey/5AI864SV,1785,1796,confident
438,581,438,https://www.zotero.org/jaguillette/items/collectionKey/3KQ5I42Q/itemKey/5AI864SV,1785,1796,confident
439,479,439,https://www.zotero.org/jaguillette/items/collectionKey/3KQ5I42Q/itemKey/5AI864SV,1785,1796,confident
440,357,440,https://www.zotero.org/jaguillette/items/collectionKey/3KQ5I42Q/itemKey/5AI864SV,1785,1796,confident
441,540,441,https://www.zotero.org/jaguillette/items/collectionKey/3KQ5I42Q/itemKey/5AI864SV,1785,1796,confident
442,375,442,https://www.zotero.org/jaguillette/items/collectionKey/3KQ5I42Q/itemKey/5AI864SV,1785,1796,confident
443,44,443,https://www.zotero.org/jaguillette/items/collectionKey/3KQ5I42Q/itemKey/5AI864SV,1785,1796,confident
444,137,444,https://www.zotero.org/jaguillette/items/collectionKey/3KQ5I42Q/itemKey/5AI864SV,1785,1796,confident
445,475,445,https://www.zotero.org/jaguillette/items/collectionKey/3KQ5I42Q/itemKey/5AI864SV,1785,1796,confident
446,505,446,https://www.zotero.org/jaguillette/items/collectionKey/3KQ5I42Q/itemKey/5AI864SV,1785,1796,confident
447,773,447,https://www.zotero.org/jaguillette/items/collectionKey/3KQ5I42Q/itemKey/5AI864SV,1785,1796,confident
448,26,448,https://www.zotero.org/jaguillette/items/collectionKey/3KQ5I42Q/itemKey/5AI864SV,1785,1796,confident
449,551,449,https://www.zotero.org/jaguillette/items/collectionKey/3KQ5I42Q/itemKey/5AI864SV,1785,1796,confident
450,587,450,https://www.zotero.org/jaguillette/items/collectionKey/3KQ5I42Q/itemKey/5AI864SV,1785,1796,confident
451,606,451,https://www.zotero.org/jaguillette/items/collectionKey/3KQ5I42Q/itemKey/5AI864SV,1785,1796,confident
452,378,452,https://www.zotero.org/jaguillette/items/collectionKey/3KQ5I42Q/itemKey/5AI864SV,1785,1796,confident
453,194,453,https://www.zotero.org/jaguillette/items/collectionKey/3KQ5I42Q/itemKey/5AI864SV,1785,1796,confident
454,77,454,https://www.zotero.org/jaguillette/items/collectionKey/3KQ5I42Q/itemKey/5AI864SV,1785,1796,confident
455,671,455,https://www.zotero.org/jaguillette/items/collectionKey/3KQ5I42Q/itemKey/5AI864SV,1785,1796,confident
456,332,456,https://www.zotero.org/jaguillette/items/collectionKey/3KQ5I42Q/itemKey/5AI864SV,1785,1796,confident
457,150,457,https://www.zotero.org/jaguillette/items/collectionKey/3KQ5I42Q/itemKey/5AI864SV,1785,1796,confident
458,724,458,https://www.zotero.org/jaguillette/items/collectionKey/3KQ5I42Q/itemKey/5AI864SV,1785,1796,confident
459,686,459,https://www.zotero.org/jaguillette/items/collectionKey/3KQ5I42Q/itemKey/5AI864SV,1785,1796,confident
460,559,460,https://www.zotero.org/jaguillette/items/collectionKey/3KQ5I42Q/itemKey/5AI864SV,1785,1796,confident
461,726,461,https://www.zotero.org/jaguillette/items/collectionKey/3KQ5I42Q/itemKey/5AI864SV,1785,1796,confident
462,416,462,https://www.zotero.org/jaguillette/items/collectionKey/3KQ5I42Q/itemKey/5AI864SV,1785,1796,confident
463,209,463,https://www.zotero.org/jaguillette/items/collectionKey/3KQ5I42Q/itemKey/5AI864SV,1785,1796,confident
464,782,464,https://www.zotero.org/jaguillette/items/collectionKey/3KQ5I42Q/itemKey/5AI864SV,1785,1796,confident
465,612,465,https://www.zotero.org/jaguillette/items/collectionKey/3KQ5I42Q/itemKey/5AI864SV,1785,1796,confident
466,121,466,https://www.zotero.org/jaguillette/items/collectionKey/3KQ5I42Q/itemKey/5AI864SV,1785,1796,confident
467,492,467,https://www.zotero.org/jaguillette/items/collectionKey/3KQ5I42Q/itemKey/5AI864SV,1785,1796,confident
468,390,468,https://www.zotero.org/jaguillette/items/collectionKey/3KQ5I42Q/itemKey/5AI864SV,1785,1796,confident
469,109,469,https://www.zotero.org/jaguillette/items/collectionKey/3KQ5I42Q/itemKey/5AI864SV,1785,1796,confident
470,247,470,https://www.zotero.org/jaguillette/items/collectionKey/3KQ5I42Q/itemKey/5AI864SV,1785,1796,confident
471,473,471,https://www.zotero.org/jaguillette/items/collectionKey/3KQ5I42Q/itemKey/5AI864SV,1785,1796,confident
472,643,472,https://www.zotero.org/jaguillette/items/collectionKey/3KQ5I42Q/itemKey/5AI864SV,1785,1796,confident
473,485,473,https://www.zotero.org/jaguillette/items/collectionKey/3KQ5I42Q/itemKey/5AI864SV,1785,1796,confident
474,707,474,https://www.zotero.org/jaguillette/items/collectionKey/3KQ5I42Q/itemKey/5AI864SV,1785,1796,confident
475,238,475,https://www.zotero.org/jaguillette/items/collectionKey/3KQ5I42Q/itemKey/5AI864SV,1785,1796,confident
476,538,476,https://www.zotero.org/jaguillette/items/collectionKey/3KQ5I42Q/itemKey/5AI864SV,1785,1796,confident
477,145,477,https://www.zotero.org/jaguillette/items/collectionKey/3KQ5I42Q/itemKey/5AI864SV,1785,1796,confident
478,197,478,https://www.zotero.org/jaguillette/items/collectionKey/3KQ5I42Q/itemKey/5AI864SV,1785,1796,confident
479,784,479,https://www.zotero.org/jaguillette/items/collectionKey/3KQ5I42Q/itemKey/5AI864SV,1785,1796,confident
480,800,480,https://www.zotero.org/jaguillette/items/collectionKey/3KQ5I42Q/itemKey/5AI864SV,1785,1796,confident
481,541,481,https://www.zotero.org/jaguillette/items/collectionKey/3KQ5I42Q/itemKey/5AI864SV,1785,1796,confident
482,744,482,https://www.zotero.org/jaguillette/items/collectionKey/3KQ5I42Q/itemKey/5AI864SV,1785,1796,confident
483,70,483,https://www.zotero.org/jaguillette/items/collectionKey/3KQ5I42Q/itemKey/5AI864SV,1785,1796,confident
484,397,484,https://www.zotero.org/jaguillette/items/collectionKey/3KQ5I42Q/itemKey/5AI864SV,1785,1796,confident
485,235,485,https://www.zotero.org/jaguillette/items/collectionKey/3KQ5I42Q/itemKey/5AI864SV,1785,1796,confident
486,644,486,https://www.zotero.org/jaguillette/items/collectionKey/3KQ5I42Q/itemKey/5AI864SV,1785,1796,confident
487,287,487,https://www.zotero.org/jaguillette/items/collectionKey/3KQ5I42Q/itemKey/5AI864SV,1785,1796,confident
488,462,488,https://www.zotero.org/jaguillette/items/collectionKey/3KQ5I42Q/itemKey/5AI864SV,1785,1796,confident
489,3,489,https://www.zotero.org/jaguillette/items/collectionKey/3KQ5I42Q/itemKey/5AI864SV,1785,1796,confident
490,3,490,https://www.zotero.org/jaguillette/items/collectionKey/3KQ5I42Q/itemKey/5AI864SV,1785,1796,confident
491,275,491,https://www.zotero.org/jaguillette/items/collectionKey/3KQ5I42Q/itemKey/5AI864SV,1785,1796,confident
492,798,492,https://www.zotero.org/jaguillette/items/collectionKey/3KQ5I42Q/itemKey/5AI864SV,1785,1796,confident
493,464,493,https://www.zotero.org/jaguillette/items/collectionKey/3KQ5I42Q/itemKey/5AI864SV,1785,1796,confident
494,532,494,https://www.zotero.org/jaguillette/items/collectionKey/3KQ5I42Q/itemKey/5AI864SV,1785,1796,confident
495,119,495,https://www.zotero.org/jaguillette/items/collectionKey/3KQ5I42Q/itemKey/5AI864SV,1785,1796,confident
496,111,496,https://www.zotero.org/jaguillette/items/collectionKey/3KQ5I42Q/itemKey/5AI864SV,1785,1796,confident
497,316,497,https://www.zotero.org/jaguillette/items/collectionKey/3KQ5I42Q/itemKey/5AI864SV,1785,1796,confident
498,181,498,https://www.zotero.org/jaguillette/items/collectionKey/3KQ5I42Q/itemKey/5AI864SV,1785,1796,confident
499,445,499,https://www.zotero.org/jaguillette/items/collectionKey/3KQ5I42Q/itemKey/5AI864SV,1785,1796,confident
500,615,500,https://www.zotero.org/jaguillette/items/collectionKey/3KQ5I42Q/itemKey/5AI864SV,1785,1796,confident
501,577,501,https://www.zotero.org/jaguillette/items/collectionKey/3KQ5I42Q/itemKey/5AI864SV,1785,1796,confident
502,127,502,https://www.zotero.org/jaguillette/items/collectionKey/3KQ5I42Q/itemKey/5AI864SV,1785,1796,confident
503,286,503,https://www.zotero.org/jaguillette/items/collectionKey/3KQ5I42Q/itemKey/5AI864SV,1785,1796,confident
504,633,504,https://www.zotero.org/jaguillette/items/collectionKey/3KQ5I42Q/itemKey/5AI864SV,1785,1796,confident
505,667,505,https://www.zotero.org/jaguillette/items/collectionKey/3KQ5I42Q/itemKey/5AI864SV,1785,1796,confident
506,153,506,https://www.zotero.org/jaguillette/items/collectionKey/3KQ5I42Q/itemKey/5AI864SV,1785,1796,confident
507,386,507,https://www.zotero.org/jaguillette/items/collectionKey/3KQ5I42Q/itemKey/5AI864SV,1785,1796,confident
508,399,508,https://www.zotero.org/jaguillette/items/collectionKey/3KQ5I42Q/itemKey/5AI864SV,1785,1796,confident
509,604,509,https://www.zotero.org/jaguillette/items/collectionKey/3KQ5I42Q/itemKey/5AI864SV,1785,1796,confident
510,47,510,https://www.zotero.org/jaguillette/items/collectionKey/3KQ5I42Q/itemKey/5AI864SV,1785,1796,confident
511,35,511,https://www.zotero.org/jaguillette/items/collectionKey/3KQ5I42Q/itemKey/5AI864SV,1785,1796,confident
512,516,512,https://www.zotero.org/jaguillette/items/collectionKey/3KQ5I42Q/itemKey/5AI864SV,1785,1796,confident
513,422,513,https://www.zotero.org/jaguillette/items/collectionKey/3KQ5I42Q/itemKey/5AI864SV,1785,1796,confident
514,260,514,https://www.zotero.org/jaguillette/items/collectionKey/3KQ5I42Q/itemKey/5AI864SV,1785,1796,confident
515,459,515,https://www.zotero.org/jaguillette/items/collectionKey/3KQ5I42Q/itemKey/5AI864SV,1785,1796,confident
516,31,516,https://www.zotero.org/jaguillette/items/collectionKey/3KQ5I42Q/itemKey/5AI864SV,1785,1796,confident
517,712,517,https://www.zotero.org/jaguillette/items/collectionKey/3KQ5I42Q/itemKey/5AI864SV,1785,1796,confident
518,321,518,https://www.zotero.org/jaguillette/items/collectionKey/3KQ5I42Q/itemKey/5AI864SV,1785,1796,confident
519,434,519,https://www.zotero.org/jaguillette/items/collectionKey/3KQ5I42Q/itemKey/5AI864SV,1785,1796,confident
520,303,520,https://www.zotero.org/jaguillette/items/collectionKey/3KQ5I42Q/itemKey/5AI864SV,1785,1796,confident
521,616,521,https://www.zotero.org/jaguillette/items/collectionKey/3KQ5I42Q/itemKey/5AI864SV,1785,1796,confident
522,75,522,https://www.zotero.org/jaguillette/items/collectionKey/3KQ5I42Q/itemKey/5AI864SV,1785,1796,confident
523,573,523,https://www.zotero.org/jaguillette/items/collectionKey/3KQ5I42Q/itemKey/5AI864SV,1785,1796,confident
524,301,524,https://www.zotero.org/jaguillette/items/collectionKey/3KQ5I42Q/itemKey/5AI864SV,1785,1796,confident
525,204,525,https://www.zotero.org/jaguillette/items/collectionKey/3KQ5I42Q/itemKey/5AI864SV,1785,1796,confident
526,62,526,https://www.zotero.org/jaguillette/items/collectionKey/3KQ5I42Q/itemKey/5AI864SV,1785,1796,confident
527,415,527,https://www.zotero.org/jaguillette/items/collectionKey/3KQ5I42Q/itemKey/5AI864SV,1785,1796,confident
528,346,528,https://www.zotero.org/jaguillette/items/collectionKey/3KQ5I42Q/itemKey/5AI864SV,1785,1796,confident
529,48,529,https://www.zotero.org/jaguillette/items/collectionKey/3KQ5I42Q/itemKey/5AI864SV,1785,1796,confident
530,335,530,https://www.zotero.org/jaguillette/items/collectionKey/3KQ5I42Q/itemKey/5AI864SV,1785,1796,confident
531,335,531,https://www.zotero.org/jaguillette/items/collectionKey/3KQ5I42Q/itemKey/5AI864SV,1785,1796,confident
532,233,532,https://www.zotero.org/jaguillette/items/collectionKey/3KQ5I42Q/itemKey/5AI864SV,1785,1796,confident
533,630,533,https://www.zotero.org/jaguillette/items/collectionKey/3KQ5I42Q/itemKey/5AI864SV,1785,1796,confident
534,244,534,https://www.zotero.org/jaguillette/items/collectionKey/3KQ5I42Q/itemKey/5AI864SV,1785,1796,confident
535,155,535,https://www.zotero.org/jaguillette/items/collectionKey/3KQ5I42Q/itemKey/5AI864SV,1785,1796,confident
536,447,536,https://www.zotero.org/jaguillette/items/collectionKey/3KQ5I42Q/itemKey/5AI864SV,1785,1796,confident
537,716,537,https://www.zotero.org/jaguillette/items/collectionKey/3KQ5I42Q/itemKey/5AI864SV,1785,1796,confident
538,56,538,https://www.zotero.org/jaguillette/items/collectionKey/3KQ5I42Q/itemKey/5AI864SV,1785,1796,confident
539,542,539,https://www.zotero.org/jaguillette/items/collectionKey/3KQ5I42Q/itemKey/5AI864SV,1785,1796,confident
540,42,540,https://www.zotero.org/jaguillette/items/collectionKey/3KQ5I42Q/itemKey/5AI864SV,1785,1796,confident
541,444,541,https://www.zotero.org/jaguillette/items/collectionKey/3KQ5I42Q/itemKey/5AI864SV,1785,1796,confident
542,565,542,https://www.zotero.org/jaguillette/items/collectionKey/3KQ5I42Q/itemKey/5AI864SV,1785,1796,confident
543,565,543,https://www.zotero.org/jaguillette/items/collectionKey/3KQ5I42Q/itemKey/5AI864SV,1785,1796,confident
544,215,544,https://www.zotero.org/jaguillette/items/collectionKey/3KQ5I42Q/itemKey/5AI864SV,1785,1796,confident
545,438,545,https://www.zotero.org/jaguillette/items/collectionKey/3KQ5I42Q/itemKey/5AI864SV,1785,1796,confident
546,757,546,https://www.zotero.org/jaguillette/items/collectionKey/3KQ5I42Q/itemKey/5AI864SV,1785,1796,confident
547,249,547,https://www.zotero.org/jaguillette/items/collectionKey/3KQ5I42Q/itemKey/5AI864SV,1785,1796,confident
548,250,548,https://www.zotero.org/jaguillette/items/collectionKey/3KQ5I42Q/itemKey/5AI864SV,1785,1796,confident
549,69,549,https://www.zotero.org/jaguillette/items/collectionKey/3KQ5I42Q/itemKey/5AI864SV,1785,1796,confident
550,231,550,https://www.zotero.org/jaguillette/items/collectionKey/3KQ5I42Q/itemKey/5AI864SV,1785,1796,confident
551,793,551,https://www.zotero.org/jaguillette/items/collectionKey/3KQ5I42Q/itemKey/5AI864SV,1785,1796,confident
552,325,552,https://www.zotero.org/jaguillette/items/collectionKey/3KQ5I42Q/itemKey/5AI864SV,1785,1796,confident
553,80,553,https://www.zotero.org/jaguillette/items/collectionKey/3KQ5I42Q/itemKey/5AI864SV,1785,1796,confident
554,666,554,https://www.zotero.org/jaguillette/items/collectionKey/3KQ5I42Q/itemKey/5AI864SV,1785,1796,confident
555,738,555,https://www.zotero.org/jaguillette/items/collectionKey/3KQ5I42Q/itemKey/5AI864SV,1785,1796,confident
556,95,556,https://www.zotero.org/jaguillette/items/collectionKey/3KQ5I42Q/itemKey/5AI864SV,1785,1796,confident
557,503,557,https://www.zotero.org/jaguillette/items/collectionKey/3KQ5I42Q/itemKey/5AI864SV,1785,1796,confident
558,59,558,https://www.zotero.org/jaguillette/items/collectionKey/3KQ5I42Q/itemKey/5AI864SV,1785,1796,confident
559,661,559,https://www.zotero.org/jaguillette/items/collectionKey/3KQ5I42Q/itemKey/5AI864SV,1785,1796,confident
560,280,560,https://www.zotero.org/jaguillette/items/collectionKey/3KQ5I42Q/itemKey/5AI864SV,1785,1796,confident
561,589,561,https://www.zotero.org/jaguillette/items/collectionKey/3KQ5I42Q/itemKey/5AI864SV,1785,1796,confident
562,278,562,https://www.zotero.org/jaguillette/items/collectionKey/3KQ5I42Q/itemKey/5AI864SV,1785,1796,confident
563,278,563,https://www.zotero.org/jaguillette/items/collectionKey/3KQ5I42Q/itemKey/5AI864SV,1785,1796,confident
564,229,564,https://www.zotero.org/jaguillette/items/collectionKey/3KQ5I42Q/itemKey/5AI864SV,1785,1796,confident
565,747,565,https://www.zotero.org/jaguillette/items/collectionKey/3KQ5I42Q/itemKey/5AI864SV,1785,1796,confident
566,405,566,https://www.zotero.org/jaguillette/items/collectionKey/3KQ5I42Q/itemKey/5AI864SV,1785,1796,confident
567,252,567,https://www.zotero.org/jaguillette/items/collectionKey/3KQ5I42Q/itemKey/5AI864SV,1785,1796,confident
568,752,568,https://www.zotero.org/jaguillette/items/collectionKey/3KQ5I42Q/itemKey/5AI864SV,1785,1796,confident
569,531,569,https://www.zotero.org/jaguillette/items/collectionKey/3KQ5I42Q/itemKey/5AI864SV,1785,1796,confident
570,708,570,https://www.zotero.org/jaguillette/items/collectionKey/3KQ5I42Q/itemKey/5AI864SV,1785,1796,confident
571,601,571,https://www.zotero.org/jaguillette/items/collectionKey/3KQ5I42Q/itemKey/5AI864SV,1785,1796,confident
572,461,572,https://www.zotero.org/jaguillette/items/collectionKey/3KQ5I42Q/itemKey/5AI864SV,1785,1796,confident
573,63,573,https://www.zotero.org/jaguillette/items/collectionKey/3KQ5I42Q/itemKey/5AI864SV,1785,1796,confident
574,790,574,https://www.zotero.org/jaguillette/items/collectionKey/3KQ5I42Q/itemKey/5AI864SV,1785,1796,confident
575,269,575,https://www.zotero.org/jaguillette/items/collectionKey/3KQ5I42Q/itemKey/5AI864SV,1785,1796,confident
576,493,576,https://www.zotero.org/jaguillette/items/collectionKey/3KQ5I42Q/itemKey/5AI864SV,1785,1796,confident
577,775,577,https://www.zotero.org/jaguillette/items/collectionKey/3KQ5I42Q/itemKey/5AI864SV,1785,1796,confident
578,632,578,https://www.zotero.org/jaguillette/items/collectionKey/3KQ5I42Q/itemKey/5AI864SV,1785,1796,confident
579,443,579,https://www.zotero.org/jaguillette/items/collectionKey/3KQ5I42Q/itemKey/5AI864SV,1785,1796,confident
580,443,580,https://www.zotero.org/jaguillette/items/collectionKey/3KQ5I42Q/itemKey/5AI864SV,1785,1796,confident
581,51,581,https://www.zotero.org/jaguillette/items/collectionKey/3KQ5I42Q/itemKey/5AI864SV,1785,1796,confident
582,546,582,https://www.zotero.org/jaguillette/items/collectionKey/3KQ5I42Q/itemKey/5AI864SV,1785,1796,confident
583,148,583,https://www.zotero.org/jaguillette/items/collectionKey/3KQ5I42Q/itemKey/5AI864SV,1785,1796,confident
584,38,584,https://www.zotero.org/jaguillette/items/collectionKey/3KQ5I42Q/itemKey/5AI864SV,1785,1796,confident
585,38,585,https://www.zotero.org/jaguillette/items/collectionKey/3KQ5I42Q/itemKey/5AI864SV,1785,1796,confident
586,463,586,https://www.zotero.org/jaguillette/items/collectionKey/3KQ5I42Q/itemKey/5AI864SV,1785,1796,confident
587,758,587,https://www.zotero.org/jaguillette/items/collectionKey/3KQ5I42Q/itemKey/5AI864SV,1785,1796,confident
588,118,588,https://www.zotero.org/jaguillette/items/collectionKey/3KQ5I42Q/itemKey/5AI864SV,1785,1796,confident
589,216,589,https://www.zotero.org/jaguillette/items/collectionKey/3KQ5I42Q/itemKey/5AI864SV,1785,1796,confident
590,178,590,https://www.zotero.org/jaguillette/items/collectionKey/3KQ5I42Q/itemKey/5AI864SV,1785,1796,confident
591,178,591,https://www.zotero.org/jaguillette/items/collectionKey/3KQ5I42Q/itemKey/5AI864SV,1785,1796,confident
592,272,592,https://www.zotero.org/jaguillette/items/collectionKey/3KQ5I42Q/itemKey/5AI864SV,1785,1796,confident
593,555,593,https://www.zotero.org/jaguillette/items/collectionKey/3KQ5I42Q/itemKey/5AI864SV,1785,1796,confident
594,276,594,https://www.zotero.org/jaguillette/items/collectionKey/3KQ5I42Q/itemKey/5AI864SV,1785,1796,confident
595,588,595,https://www.zotero.org/jaguillette/items/collectionKey/3KQ5I42Q/itemKey/5AI864SV,1785,1796,confident
596,305,596,https://www.zotero.org/jaguillette/items/collectionKey/3KQ5I42Q/itemKey/5AI864SV,1785,1796,confident
597,718,597,https://www.zotero.org/jaguillette/items/collectionKey/3KQ5I42Q/itemKey/5AI864SV,1785,1796,confident
598,557,598,https://www.zotero.org/jaguillette/items/collectionKey/3KQ5I42Q/itemKey/5AI864SV,1785,1796,confident
599,420,599,https://www.zotero.org/jaguillette/items/collectionKey/3KQ5I42Q/itemKey/5AI864SV,1785,1796,confident
600,740,600,https://www.zotero.org/jaguillette/items/collectionKey/3KQ5I42Q/itemKey/5AI864SV,1785,1796,confident
601,100,601,https://www.zotero.org/jaguillette/items/collectionKey/3KQ5I42Q/itemKey/5AI864SV,1785,1796,confident
602,320,602,https://www.zotero.org/jaguillette/items/collectionKey/3KQ5I42Q/itemKey/5AI864SV,1785,1796,confident
603,103,603,https://www.zotero.org/jaguillette/items/collectionKey/3KQ5I42Q/itemKey/5AI864SV,1785,1796,confident
604,575,604,https://www.zotero.org/jaguillette/items/collectionKey/3KQ5I42Q/itemKey/5AI864SV,1785,1796,confident
605,376,605,https://www.zotero.org/jaguillette/items/collectionKey/3KQ5I42Q/itemKey/5AI864SV,1785,1796,confident
606,657,606,https://www.zotero.org/jaguillette/items/collectionKey/3KQ5I42Q/itemKey/5AI864SV,1785,1796,confident
607,392,607,https://www.zotero.org/jaguillette/items/collectionKey/3KQ5I42Q/itemKey/5AI864SV,1785,1796,confident
608,439,608,https://www.zotero.org/jaguillette/items/collectionKey/3KQ5I42Q/itemKey/5AI864SV,1785,1796,confident
609,304,609,https://www.zotero.org/jaguillette/items/collectionKey/3KQ5I42Q/itemKey/5AI864SV,1785,1796,confident
610,313,610,https://www.zotero.org/jaguillette/items/collectionKey/3KQ5I42Q/itemKey/5AI864SV,1785,1796,confident
611,517,611,https://www.zotero.org/jaguillette/items/collectionKey/3KQ5I42Q/itemKey/5AI864SV,1785,1796,confident
612,500,612,https://www.zotero.org/jaguillette/items/collectionKey/3KQ5I42Q/itemKey/5AI864SV,1785,1796,confident
613,177,613,https://www.zotero.org/jaguillette/items/collectionKey/3KQ5I42Q/itemKey/5AI864SV,1785,1796,confident
614,539,614,https://www.zotero.org/jaguillette/items/collectionKey/3KQ5I42Q/itemKey/5AI864SV,1785,1796,confident
615,569,615,https://www.zotero.org/jaguillette/items/collectionKey/3KQ5I42Q/itemKey/5AI864SV,1785,1796,confident
616,650,616,https://www.zotero.org/jaguillette/items/collectionKey/3KQ5I42Q/itemKey/5AI864SV,1785,1796,confident
617,55,617,https://www.zotero.org/jaguillette/items/collectionKey/3KQ5I42Q/itemKey/5AI864SV,1785,1796,confident
618,34,618,https://www.zotero.org/jaguillette/items/collectionKey/3KQ5I42Q/itemKey/5AI864SV,1785,1796,confident
619,571,619,https://www.zotero.org/jaguillette/items/collectionKey/3KQ5I42Q/itemKey/5AI864SV,1785,1796,confident
620,220,620,https://www.zotero.org/jaguillette/items/collectionKey/3KQ5I42Q/itemKey/5AI864SV,1785,1796,confident
621,45,621,https://www.zotero.org/jaguillette/items/collectionKey/3KQ5I42Q/itemKey/5AI864SV,1785,1796,confident
622,211,622,https://www.zotero.org/jaguillette/items/collectionKey/3KQ5I42Q/itemKey/5AI864SV,1785,1796,confident
623,702,623,https://www.zotero.org/jaguillette/items/collectionKey/3KQ5I42Q/itemKey/5AI864SV,1785,1796,confident
624,545,624,https://www.zotero.org/jaguillette/items/collectionKey/3KQ5I42Q/itemKey/5AI864SV,1785,1796,confident
625,545,625,https://www.zotero.org/jaguillette/items/collectionKey/3KQ5I42Q/itemKey/5AI864SV,1785,1796,confident
626,662,626,https://www.zotero.org/jaguillette/items/collectionKey/3KQ5I42Q/itemKey/5AI864SV,1785,1796,confident
627,662,627,https://www.zotero.org/jaguillette/items/collectionKey/3KQ5I42Q/itemKey/5AI864SV,1785,1796,confident
628,189,628,https://www.zotero.org/jaguillette/items/collectionKey/3KQ5I42Q/itemKey/5AI864SV,1785,1796,confident
629,279,629,https://www.zotero.org/jaguillette/items/collectionKey/3KQ5I42Q/itemKey/5AI864SV,1785,1796,confident
630,279,630,https://www.zotero.org/jaguillette/items/collectionKey/3KQ5I42Q/itemKey/5AI864SV,1785,1796,confident
631,381,631,https://www.zotero.org/jaguillette/items/collectionKey/3KQ5I42Q/itemKey/5AI864SV,1785,1796,confident
632,510,632,https://www.zotero.org/jaguillette/items/collectionKey/3KQ5I42Q/itemKey/5AI864SV,1785,1796,confident
633,323,633,https://www.zotero.org/jaguillette/items/collectionKey/3KQ5I42Q/itemKey/5AI864SV,1785,1796,confident
634,478,634,https://www.zotero.org/jaguillette/items/collectionKey/3KQ5I42Q/itemKey/5AI864SV,1785,1796,confident
635,172,635,https://www.zotero.org/jaguillette/items/collectionKey/3KQ5I42Q/itemKey/5AI864SV,1785,1796,confident
636,173,636,https://www.zotero.org/jaguillette/items/collectionKey/3KQ5I42Q/itemKey/5AI864SV,1785,1796,confident
637,49,637,https://www.zotero.org/jaguillette/items/collectionKey/3KQ5I42Q/itemKey/5AI864SV,1785,1796,confident
638,85,638,https://www.zotero.org/jaguillette/items/collectionKey/3KQ5I42Q/itemKey/5AI864SV,1785,1796,confident
639,766,639,https://www.zotero.org/jaguillette/items/collectionKey/3KQ5I42Q/itemKey/5AI864SV,1785,1796,confident
640,185,640,https://www.zotero.org/jaguillette/items/collectionKey/3KQ5I42Q/itemKey/5AI864SV,1785,1796,confident
641,327,641,https://www.zotero.org/jaguillette/items/collectionKey/3KQ5I42Q/itemKey/5AI864SV,1785,1796,confident
642,502,642,https://www.zotero.org/jaguillette/items/collectionKey/3KQ5I42Q/itemKey/5AI864SV,1785,1796,confident
643,646,643,https://www.zotero.org/jaguillette/items/collectionKey/3KQ5I42Q/itemKey/5AI864SV,1785,1796,confident
644,727,644,https://www.zotero.org/jaguillette/items/collectionKey/3KQ5I42Q/itemKey/5AI864SV,1785,1796,confident
645,727,645,https://www.zotero.org/jaguillette/items/collectionKey/3KQ5I42Q/itemKey/5AI864SV,1785,1796,confident
646,30,646,https://www.zotero.org/jaguillette/items/collectionKey/3KQ5I42Q/itemKey/5AI864SV,1785,1796,confident
647,668,647,https://www.zotero.org/jaguillette/items/collectionKey/3KQ5I42Q/itemKey/5AI864SV,1785,1796,confident
648,735,648,https://www.zotero.org/jaguillette/items/collectionKey/3KQ5I42Q/itemKey/5AI864SV,1785,1796,confident
649,348,649,https://www.zotero.org/jaguillette/items/collectionKey/3KQ5I42Q/itemKey/5AI864SV,1785,1796,confident
650,720,650,https://www.zotero.org/jaguillette/items/collectionKey/3KQ5I42Q/itemKey/5AI864SV,1785,1796,confident
651,651,651,https://www.zotero.org/jaguillette/items/collectionKey/3KQ5I42Q/itemKey/5AI864SV,1785,1796,confident
652,302,652,https://www.zotero.org/jaguillette/items/collectionKey/3KQ5I42Q/itemKey/5AI864SV,1785,1796,confident
653,368,653,https://www.zotero.org/jaguillette/items/collectionKey/3KQ5I42Q/itemKey/5AI864SV,1785,1796,confident
654,338,654,https://www.zotero.org/jaguillette/items/collectionKey/3KQ5I42Q/itemKey/5AI864SV,1785,1796,confident
655,760,655,https://www.zotero.org/jaguillette/items/collectionKey/3KQ5I42Q/itemKey/5AI864SV,1785,1796,confident
656,289,656,https://www.zotero.org/jaguillette/items/collectionKey/3KQ5I42Q/itemKey/5AI864SV,1785,1796,confident
657,626,657,https://www.zotero.org/jaguillette/items/collectionKey/3KQ5I42Q/itemKey/5AI864SV,1785,1796,confident
658,351,658,https://www.zotero.org/jaguillette/items/collectionKey/3KQ5I42Q/itemKey/5AI864SV,1785,1796,confident
659,408,659,https://www.zotero.org/jaguillette/items/collectionKey/3KQ5I42Q/itemKey/5AI864SV,1785,1796,confident
660,737,660,https://www.zotero.org/jaguillette/items/collectionKey/3KQ5I42Q/itemKey/5AI864SV,1785,1796,confident
661,634,661,https://www.zotero.org/jaguillette/items/collectionKey/3KQ5I42Q/itemKey/5AI864SV,1785,1796,confident
662,396,662,https://www.zotero.org/jaguillette/items/collectionKey/3KQ5I42Q/itemKey/5AI864SV,1785,1796,confident
663,226,663,https://www.zotero.org/jaguillette/items/collectionKey/3KQ5I42Q/itemKey/5AI864SV,1785,1796,confident
664,417,664,https://www.zotero.org/jaguillette/items/collectionKey/3KQ5I42Q/itemKey/5AI864SV,1785,1796,confident
665,658,665,https://www.zotero.org/jaguillette/items/collectionKey/3KQ5I42Q/itemKey/5AI864SV,1785,1796,confident
666,331,666,https://www.zotero.org/jaguillette/items/collectionKey/3KQ5I42Q/itemKey/5AI864SV,1785,1796,confident
667,625,667,https://www.zotero.org/jaguillette/items/collectionKey/3KQ5I42Q/itemKey/5AI864SV,1785,1796,confident
668,398,668,https://www.zotero.org/jaguillette/items/collectionKey/3KQ5I42Q/itemKey/5AI864SV,1785,1796,confident
669,631,669,https://www.zotero.org/jaguillette/items/collectionKey/3KQ5I42Q/itemKey/5AI864SV,1785,1796,confident
670,481,670,https://www.zotero.org/jaguillette/items/collectionKey/3KQ5I42Q/itemKey/5AI864SV,1785,1796,confident
671,184,671,https://www.zotero.org/jaguillette/items/collectionKey/3KQ5I42Q/itemKey/5AI864SV,1785,1796,confident
672,339,672,https://www.zotero.org/jaguillette/items/collectionKey/3KQ5I42Q/itemKey/5AI864SV,1785,1796,confident
673,115,673,https://www.zotero.org/jaguillette/items/collectionKey/3KQ5I42Q/itemKey/5AI864SV,1785,1796,confident
674,694,674,https://www.zotero.org/jaguillette/items/collectionKey/3KQ5I42Q/itemKey/5AI864SV,1785,1796,confident
675,36,675,https://www.zotero.org/jaguillette/items/collectionKey/3KQ5I42Q/itemKey/5AI864SV,1785,1796,confident
676,449,676,https://www.zotero.org/jaguillette/items/collectionKey/3KQ5I42Q/itemKey/5AI864SV,1785,1796,confident
677,372,677,https://www.zotero.org/jaguillette/items/collectionKey/3KQ5I42Q/itemKey/5AI864SV,1785,1796,confident
678,87,678,https://www.zotero.org/jaguillette/items/collectionKey/3KQ5I42Q/itemKey/5AI864SV,1785,1796,confident
679,514,679,https://www.zotero.org/jaguillette/items/collectionKey/3KQ5I42Q/itemKey/5AI864SV,1785,1796,confident
680,380,680,https://www.zotero.org/jaguillette/items/collectionKey/3KQ5I42Q/itemKey/5AI864SV,1785,1796,confident
681,711,681,https://www.zotero.org/jaguillette/items/collectionKey/3KQ5I42Q/itemKey/5AI864SV,1785,1796,confident
682,73,682,https://www.zotero.org/jaguillette/items/collectionKey/3KQ5I42Q/itemKey/5AI864SV,1785,1796,confident
683,58,683,https://www.zotero.org/jaguillette/items/collectionKey/3KQ5I42Q/itemKey/5AI864SV,1785,1796,confident
684,210,684,https://www.zotero.org/jaguillette/items/collectionKey/3KQ5I42Q/itemKey/5AI864SV,1785,1796,confident
685,350,685,https://www.zotero.org/jaguillette/items/collectionKey/3KQ5I42Q/itemKey/5AI864SV,1785,1796,confident
686,317,686,https://www.zotero.org/jaguillette/items/collectionKey/3KQ5I42Q/itemKey/5AI864SV,1785,1796,confident
687,731,687,https://www.zotero.org/jaguillette/items/collectionKey/3KQ5I42Q/itemKey/5AI864SV,1785,1796,confident
688,655,688,https://www.zotero.org/jaguillette/items/collectionKey/3KQ5I42Q/itemKey/5AI864SV,1785,1796,confident
689,677,689,https://www.zotero.org/jaguillette/items/collectionKey/3KQ5I42Q/itemKey/5AI864SV,1785,1796,confident
690,129,690,https://www.zotero.org/jaguillette/items/collectionKey/3KQ5I42Q/itemKey/5AI864SV,1785,1796,confident
691,140,691,https://www.zotero.org/jaguillette/items/collectionKey/3KQ5I42Q/itemKey/5AI864SV,1785,1796,confident
692,435,692,https://www.zotero.org/jaguillette/items/collectionKey/3KQ5I42Q/itemKey/5AI864SV,1785,1796,confident
693,640,693,https://www.zotero.org/jaguillette/items/collectionKey/3KQ5I42Q/itemKey/5AI864SV,1785,1796,confident
694,562,694,https://www.zotero.org/jaguillette/items/collectionKey/3KQ5I42Q/itemKey/5AI864SV,1785,1796,confident
695,567,695,https://www.zotero.org/jaguillette/items/collectionKey/3KQ5I42Q/itemKey/5AI864SV,1785,1796,confident
696,745,696,https://www.zotero.org/jaguillette/items/collectionKey/3KQ5I42Q/itemKey/5AI864SV,1785,1796,confident
697,719,697,https://www.zotero.org/jaguillette/items/collectionKey/3KQ5I42Q/itemKey/5AI864SV,1785,1796,confident
698,168,698,https://www.zotero.org/jaguillette/items/collectionKey/3KQ5I42Q/itemKey/5AI864SV,1785,1796,confident
699,78,699,https://www.zotero.org/jaguillette/items/collectionKey/3KQ5I42Q/itemKey/5AI864SV,1785,1796,confident
700,217,700,https://www.zotero.org/jaguillette/items/collectionKey/3KQ5I42Q/itemKey/5AI864SV,1785,1796,confident
701,221,701,https://www.zotero.org/jaguillette/items/collectionKey/3KQ5I42Q/itemKey/5AI864SV,1785,1796,confident
702,723,702,https://www.zotero.org/jaguillette/items/collectionKey/3KQ5I42Q/itemKey/5AI864SV,1785,1796,confident
703,507,703,https://www.zotero.org/jaguillette/items/collectionKey/3KQ5I42Q/itemKey/5AI864SV,1785,1796,confident
704,442,704,https://www.zotero.org/jaguillette/items/collectionKey/3KQ5I42Q/itemKey/5AI864SV,1785,1796,confident
705,635,705,https://www.zotero.org/jaguillette/items/collectionKey/3KQ5I42Q/itemKey/5AI864SV,1785,1796,confident
706,32,706,https://www.zotero.org/jaguillette/items/collectionKey/3KQ5I42Q/itemKey/5AI864SV,1785,1796,confident
707,135,707,https://www.zotero.org/jaguillette/items/collectionKey/3KQ5I42Q/itemKey/5AI864SV,1785,1796,confident
708,18,708,https://www.zotero.org/jaguillette/items/collectionKey/3KQ5I42Q/itemKey/5AI864SV,1785,1796,confident
709,691,709,https://www.zotero.org/jaguillette/items/collectionKey/3KQ5I42Q/itemKey/5AI864SV,1785,1796,confident
710,710,710,https://www.zotero.org/jaguillette/items/collectionKey/3KQ5I42Q/itemKey/5AI864SV,1785,1796,confident
711,295,711,https://www.zotero.org/jaguillette/items/collectionKey/3KQ5I42Q/itemKey/5AI864SV,1785,1796,confident
712,385,712,https://www.zotero.org/jaguillette/items/collectionKey/3KQ5I42Q/itemKey/5AI864SV,1785,1796,confident
713,753,713,https://www.zotero.org/jaguillette/items/collectionKey/3KQ5I42Q/itemKey/5AI864SV,1785,1796,confident
714,139,714,https://www.zotero.org/jaguillette/items/collectionKey/3KQ5I42Q/itemKey/5AI864SV,1785,1796,confident
715,778,715,https://www.zotero.org/jaguillette/items/collectionKey/3KQ5I42Q/itemKey/5AI864SV,1785,1796,confident
716,734,716,https://www.zotero.org/jaguillette/items/collectionKey/3KQ5I42Q/itemKey/5AI864SV,1785,1796,confident
717,239,717,https://www.zotero.org/jaguillette/items/collectionKey/3KQ5I42Q/itemKey/5AI864SV,1785,1796,confident
718,68,718,https://www.zotero.org/jaguillette/items/collectionKey/3KQ5I42Q/itemKey/5AI864SV,1785,1796,confident
719,285,719,https://www.zotero.org/jaguillette/items/collectionKey/3KQ5I42Q/itemKey/5AI864SV,1785,1796,confident
720,765,720,https://www.zotero.org/jaguillette/items/collectionKey/3KQ5I42Q/itemKey/5AI864SV,1785,1796,confident
721,117,721,https://www.zotero.org/jaguillette/items/collectionKey/3KQ5I42Q/itemKey/5AI864SV,1785,1796,confident
722,141,722,https://www.zotero.org/jaguillette/items/collectionKey/3KQ5I42Q/itemKey/5AI864SV,1785,1796,confident
723,458,723,https://www.zotero.org/jaguillette/items/collectionKey/3KQ5I42Q/itemKey/5AI864SV,1785,1796,confident
724,693,724,https://www.zotero.org/jaguillette/items/collectionKey/3KQ5I42Q/itemKey/5AI864SV,1785,1796,confident
725,64,725,https://www.zotero.org/jaguillette/items/collectionKey/3KQ5I42Q/itemKey/5AI864SV,1785,1796,confident
726,112,726,https://www.zotero.org/jaguillette/items/collectionKey/3KQ5I42Q/itemKey/5AI864SV,1785,1796,confident
727,86,727,https://www.zotero.org/jaguillette/items/collectionKey/3KQ5I42Q/itemKey/5AI864SV,1785,1796,confident
728,367,728,https://www.zotero.org/jaguillette/items/collectionKey/3KQ5I42Q/itemKey/5AI864SV,1785,1796,confident
729,104,729,https://www.zotero.org/jaguillette/items/collectionKey/3KQ5I42Q/itemKey/5AI864SV,1785,1796,confident
730,605,730,https://www.zotero.org/jaguillette/items/collectionKey/3KQ5I42Q/itemKey/5AI864SV,1785,1796,confident
731,83,731,https://www.zotero.org/jaguillette/items/collectionKey/3KQ5I42Q/itemKey/5AI864SV,1785,1796,confident
732,404,732,https://www.zotero.org/jaguillette/items/collectionKey/3KQ5I42Q/itemKey/5AI864SV,1785,1796,confident
733,136,733,https://www.zotero.org/jaguillette/items/collectionKey/3KQ5I42Q/itemKey/5AI864SV,1785,1796,confident
734,159,734,https://www.zotero.org/jaguillette/items/collectionKey/3KQ5I42Q/itemKey/5AI864SV,1785,1796,confident
735,508,735,https://www.zotero.org/jaguillette/items/collectionKey/3KQ5I42Q/itemKey/5AI864SV,1785,1796,confident
736,208,736,https://www.zotero.org/jaguillette/items/collectionKey/3KQ5I42Q/itemKey/5AI864SV,1785,1796,confident
737,352,737,https://www.zotero.org/jaguillette/items/collectionKey/3KQ5I42Q/itemKey/5AI864SV,1785,1796,confident
738,709,738,https://www.zotero.org/jaguillette/items/collectionKey/3KQ5I42Q/itemKey/5AI864SV,1785,1796,confident
739,523,739,https://www.zotero.org/jaguillette/items/collectionKey/3KQ5I42Q/itemKey/5AI864SV,1785,1796,confident
740,653,740,https://www.zotero.org/jaguillette/items/collectionKey/3KQ5I42Q/itemKey/5AI864SV,1785,1796,confident
741,789,741,https://www.zotero.org/jaguillette/items/collectionKey/3KQ5I42Q/itemKey/5AI864SV,1785,1796,confident
742,768,742,https://www.zotero.org/jaguillette/items/collectionKey/3KQ5I42Q/itemKey/5AI864SV,1785,1796,confident
743,703,743,https://www.zotero.org/jaguillette/items/collectionKey/3KQ5I42Q/itemKey/5AI864SV,1785,1796,confident
744,591,744,https://www.zotero.org/jaguillette/items/collectionKey/3KQ5I42Q/itemKey/5AI864SV,1785,1796,confident
745,66,745,https://www.zotero.org/jaguillette/items/collectionKey/3KQ5I42Q/itemKey/5AI864SV,1785,1796,confident
746,298,746,https://www.zotero.org/jaguillette/items/collectionKey/3KQ5I42Q/itemKey/5AI864SV,1785,1796,confident
747,548,747,https://www.zotero.org/jaguillette/items/collectionKey/3KQ5I42Q/itemKey/5AI864SV,1785,1796,confident
748,795,748,https://www.zotero.org/jaguillette/items/collectionKey/3KQ5I42Q/itemKey/5AI864SV,1785,1796,confident
749,284,749,https://www.zotero.org/jaguillette/items/collectionKey/3KQ5I42Q/itemKey/5AI864SV,1785,1796,confident
750,120,750,https://www.zotero.org/jaguillette/items/collectionKey/3KQ5I42Q/itemKey/5AI864SV,1785,1796,confident
751,202,751,https://www.zotero.org/jaguillette/items/collectionKey/3KQ5I42Q/itemKey/5AI864SV,1785,1796,confident
752,81,752,https://www.zotero.org/jaguillette/items/collectionKey/3KQ5I42Q/itemKey/5AI864SV,1785,1796,confident
753,349,753,https://www.zotero.org/jaguillette/items/collectionKey/3KQ5I42Q/itemKey/5AI864SV,1785,1796,confident
754,533,754,https://www.zotero.org/jaguillette/items/collectionKey/3KQ5I42Q/itemKey/5AI864SV,1785,1796,confident
755,133,755,https://www.zotero.org/jaguillette/items/collectionKey/3KQ5I42Q/itemKey/5AI864SV,1785,1796,confident
756,617,756,https://www.zotero.org/jaguillette/items/collectionKey/3KQ5I42Q/itemKey/5AI864SV,1785,1796,confident
757,713,757,https://www.zotero.org/jaguillette/items/collectionKey/3KQ5I42Q/itemKey/5AI864SV,1785,1796,confident
758,780,758,https://www.zotero.org/jaguillette/items/collectionKey/3KQ5I42Q/itemKey/5AI864SV,1785,1796,confident
759,245,759,https://www.zotero.org/jaguillette/items/collectionKey/3KQ5I42Q/itemKey/5AI864SV,1785,1796,confident
760,483,760,https://www.zotero.org/jaguillette/items/collectionKey/3KQ5I42Q/itemKey/5AI864SV,1785,1796,confident
761,101,761,https://www.zotero.org/jaguillette/items/collectionKey/3KQ5I42Q/itemKey/5AI864SV,1785,1796,confident
762,387,762,https://www.zotero.org/jaguillette/items/collectionKey/3KQ5I42Q/itemKey/5AI864SV,1785,1796,confident
763,599,763,https://www.zotero.org/jaguillette/items/collectionKey/3KQ5I42Q/itemKey/5AI864SV,1785,1796,confident
764,161,764,https://www.zotero.org/jaguillette/items/collectionKey/3KQ5I42Q/itemKey/5AI864SV,1785,1796,confident
765,759,765,https://www.zotero.org/jaguillette/items/collectionKey/3KQ5I42Q/itemKey/5AI864SV,1785,1796,confident
766,199,766,https://www.zotero.org/jaguillette/items/collectionKey/3KQ5I42Q/itemKey/5AI864SV,1785,1796,confident
767,360,767,https://www.zotero.org/jaguillette/items/collectionKey/3KQ5I42Q/itemKey/5AI864SV,1785,1796,confident
768,627,768,https://www.zotero.org/jaguillette/items/collectionKey/3KQ5I42Q/itemKey/5AI864SV,1785,1796,confident
769,11,769,https://www.zotero.org/jaguillette/items/collectionKey/3KQ5I42Q/itemKey/5AI864SV,1785,1796,confident
770,515,770,https://www.zotero.org/jaguillette/items/collectionKey/3KQ5I42Q/itemKey/5AI864SV,1785,1796,confident
771,353,771,https://www.zotero.org/jaguillette/items/collectionKey/3KQ5I42Q/itemKey/5AI864SV,1785,1796,confident
772,699,772,https://www.zotero.org/jaguillette/items/collectionKey/3KQ5I42Q/itemKey/5AI864SV,1785,1796,confident
773,163,773,https://www.zotero.org/jaguillette/items/collectionKey/3KQ5I42Q/itemKey/5AI864SV,1785,1796,confident
774,609,774,https://www.zotero.org/jaguillette/items/collectionKey/3KQ5I42Q/itemKey/5AI864SV,1785,1796,confident
775,476,775,https://www.zotero.org/jaguillette/items/collectionKey/3KQ5I42Q/itemKey/5AI864SV,1785,1796,confident
776,52,776,https://www.zotero.org/jaguillette/items/collectionKey/3KQ5I42Q/itemKey/5AI864SV,1785,1796,confident
777,336,777,https://www.zotero.org/jaguillette/items/collectionKey/3KQ5I42Q/itemKey/5AI864SV,1785,1796,confident
778,336,778,https://www.zotero.org/jaguillette/items/collectionKey/3KQ5I42Q/itemKey/5AI864SV,1785,1796,confident
779,149,779,https://www.zotero.org/jaguillette/items/collectionKey/3KQ5I42Q/itemKey/5AI864SV,1785,1796,confident
780,191,780,https://www.zotero.org/jaguillette/items/collectionKey/3KQ5I42Q/itemKey/5AI864SV,1785,1796,confident
781,113,781,https://www.zotero.org/jaguillette/items/collectionKey/3KQ5I42Q/itemKey/5AI864SV,1785,1796,confident
782,158,782,https://www.zotero.org/jaguillette/items/collectionKey/3KQ5I42Q/itemKey/5AI864SV,1785,1796,confident
783,579,783,https://www.zotero.org/jaguillette/items/collectionKey/3KQ5I42Q/itemKey/5AI864SV,1785,1796,confident
784,241,784,https://www.zotero.org/jaguillette/items/collectionKey/3KQ5I42Q/itemKey/5AI864SV,1785,1796,confident
785,128,785,https://www.zotero.org/jaguillette/items/collectionKey/3KQ5I42Q/itemKey/5AI864SV,1785,1796,confident
786,198,786,https://www.zotero.org/jaguillette/items/collectionKey/3KQ5I42Q/itemKey/5AI864SV,1785,1796,confident
787,354,787,https://www.zotero.org/jaguillette/items/collectionKey/3KQ5I42Q/itemKey/5AI864SV,1785,1796,confident
788,520,788,https://www.zotero.org/jaguillette/items/collectionKey/3KQ5I42Q/itemKey/5AI864SV,1785,1796,confident
789,65,789,https://www.zotero.org/jaguillette/items/collectionKey/3KQ5I42Q/itemKey/5AI864SV,1785,1796,confident
790,421,790,https://www.zotero.org/jaguillette/items/collectionKey/3KQ5I42Q/itemKey/5AI864SV,1785,1796,confident
791,283,791,https://www.zotero.org/jaguillette/items/collectionKey/3KQ5I42Q/itemKey/5AI864SV,1785,1796,confident
792,498,792,https://www.zotero.org/jaguillette/items/collectionKey/3KQ5I42Q/itemKey/5AI864SV,1785,1796,confident
793,525,793,https://www.zotero.org/jaguillette/items/collectionKey/3KQ5I42Q/itemKey/5AI864SV,1785,1796,confident
794,79,794,https://www.zotero.org/jaguillette/items/collectionKey/3KQ5I42Q/itemKey/5AI864SV,1785,1796,confident
795,772,795,https://www.zotero.org/jaguillette/items/collectionKey/3KQ5I42Q/itemKey/5AI864SV,1785,1796,confident
796,290,796,https://www.zotero.org/jaguillette/items/collectionKey/3KQ5I42Q/itemKey/5AI864SV,1785,1796,confident
797,685,797,https://www.zotero.org/jaguillette/items/collectionKey/3KQ5I42Q/itemKey/5AI864SV,1785,1796,confident
798,395,798,https://www.zotero.org/jaguillette/items/collectionKey/3KQ5I42Q/itemKey/5AI864SV,1785,1796,confident
799,594,799,https://www.zotero.org/jaguillette/items/collectionKey/3KQ5I42Q/itemKey/5AI864SV,1785,1796,confident
800,469,800,https://www.zotero.org/jaguillette/items/collectionKey/3KQ5I42Q/itemKey/5AI864SV,1785,1796,confident
801,176,801,https://www.zotero.org/jaguillette/items/collectionKey/3KQ5I42Q/itemKey/5AI864SV,1785,1796,confident
802,186,802,https://www.zotero.org/jaguillette/items/collectionKey/3KQ5I42Q/itemKey/5AI864SV,1785,1796,confident
803,436,803,https://www.zotero.org/jaguillette/items/collectionKey/3KQ5I42Q/itemKey/5AI864SV,1785,1796,confident
804,676,804,https://www.zotero.org/jaguillette/items/collectionKey/3KQ5I42Q/itemKey/5AI864SV,1785,1796,confident
805,647,805,https://www.zotero.org/jaguillette/items/collectionKey/3KQ5I42Q/itemKey/5AI864SV,1785,1796,confident
806,656,806,https://www.zotero.org/jaguillette/items/collectionKey/3KQ5I42Q/itemKey/5AI864SV,1785,1796,confident
807,592,807,https://www.zotero.org/jaguillette/items/collectionKey/3KQ5I42Q/itemKey/5AI864SV,1785,1796,confident
808,576,808,https://www.zotero.org/jaguillette/items/collectionKey/3KQ5I42Q/itemKey/5AI864SV,1785,1796,confident
809,106,809,https://www.zotero.org/jaguillette/items/collectionKey/3KQ5I42Q/itemKey/5AI864SV,1785,1796,confident
810,25,810,https://www.zotero.org/jaguillette/items/collectionKey/3KQ5I42Q/itemKey/5AI864SV,1785,1796,confident
811,4,811,https://www.zotero.org/jaguillette/items/collectionKey/3KQ5I42Q/itemKey/5AI864SV,1785,1796,confident
812,225,812,https://www.zotero.org/jaguillette/items/collectionKey/3KQ5I42Q/itemKey/5AI864SV,1785,1796,confident
813,142,813,https://www.zotero.org/jaguillette/items/collectionKey/3KQ5I42Q/itemKey/5AI864SV,1785,1796,confident
814,219,814,https://www.zotero.org/jaguillette/items/collectionKey/3KQ5I42Q/itemKey/5AI864SV,1785,1796,confident
815,725,815,https://www.zotero.org/jaguillette/items/collectionKey/3KQ5I42Q/itemKey/5AI864SV,1785,1796,confident
816,240,816,https://www.zotero.org/jaguillette/items/collectionKey/3KQ5I42Q/itemKey/5AI864SV,1785,1796,confident
817,362,817,https://www.zotero.org/jaguillette/items/collectionKey/3KQ5I42Q/itemKey/5AI864SV,1785,1796,confident
818,558,818,https://www.zotero.org/jaguillette/items/collectionKey/3KQ5I42Q/itemKey/5AI864SV,1785,1796,confident
819,689,819,https://www.zotero.org/jaguillette/items/collectionKey/3KQ5I42Q/itemKey/5AI864SV,1785,1796,confident
820,373,820,https://www.zotero.org/jaguillette/items/collectionKey/3KQ5I42Q/itemKey/5AI864SV,1785,1796,confident
821,92,821,https://www.zotero.org/jaguillette/items/collectionKey/3KQ5I42Q/itemKey/5AI864SV,1785,1796,confident
822,424,822,https://www.zotero.org/jaguillette/items/collectionKey/3KQ5I42Q/itemKey/5AI864SV,1785,1796,confident
823,779,823,https://www.zotero.org/jaguillette/items/collectionKey/3KQ5I42Q/itemKey/5AI864SV,1785,1796,confident
824,613,824,https://www.zotero.org/jaguillette/items/collectionKey/3KQ5I42Q/itemKey/5AI864SV,1785,1796,confident
825,17,825,https://www.zotero.org/jaguillette/items/collectionKey/3KQ5I42Q/itemKey/5AI864SV,1785,1796,confident
826,746,826,https://www.zotero.org/jaguillette/items/collectionKey/3KQ5I42Q/itemKey/5AI864SV,1785,1796,confident
827,774,827,https://www.zotero.org/jaguillette/items/collectionKey/3KQ5I42Q/itemKey/5AI864SV,1785,1796,confident
828,602,828,https://www.zotero.org/jaguillette/items/collectionKey/3KQ5I42Q/itemKey/5AI864SV,1785,1796,confident
829,704,829,https://www.zotero.org/jaguillette/items/collectionKey/3KQ5I42Q/itemKey/5AI864SV,1785,1796,confident
830,578,830,https://www.zotero.org/jaguillette/items/collectionKey/3KQ5I42Q/itemKey/5AI864SV,1785,1796,confident
