ID,attestedName,romanizedName,nameLanguage
1,Московская Губернія,Moskovskaia Gubernіia,Russian (Old Orthography)
2,Архангельское Намѣстничество,Arkhangel'skoe Namiestnichestvo,Russian (Old Orthography)
3,Владимерское Намѣстничество,Vladimerskoe Namiestnichestvo,Russian (Old Orthography)
4,Вологодское Намѣстничество,Vologodskoe Namiestnichestvo,Russian (Old Orthography)
5,Воронежское Намѣстничество,Voronezhskoe Namiestnichestvo,Russian (Old Orthography)
6,Выборгское Намѣстничество,Vyborgskoe Namiestnichestvo,Russian (Old Orthography)
7,Вятское Намѣстничество,Viatskoe Namiestnichestvo,Russian (Old Orthography)
8,Екатеринославское Намѣстничество,Ekaterinoslavskoe Namiestnichestvo,Russian (Old Orthography)
9,Иркутское Намѣстничество,Irkutskoe Namiestnichestvo,Russian (Old Orthography)
10,Кавказское Намѣстничество,Kavkazskoe Namiestnichestvo,Russian (Old Orthography)
11,Казанское Намѣстничество,Kazanskoe Namiestnichestvo,Russian (Old Orthography)
12,Калужское Намѣстничество,Kaluzhskoe Namiestnichestvo,Russian (Old Orthography)
13,Кіевское Намѣстничество,Kіevskoe Namiestnichestvo,Russian (Old Orthography)
14,Костромское Намѣстничество,Kostromskoe Namiestnichestvo,Russian (Old Orthography)
15,Курское Намѣстничество,Kurskoe Namiestnichestvo,Russian (Old Orthography)
16,Могилевское Намѣстничество,Mogilevskoe Namiestnichestvo,Russian (Old Orthography)
17,Нижегородское Намѣстничество,Nizhegorodskoe Namiestnichestvo,Russian (Old Orthography)
18,Новогородское Намѣстничество,Novogorodskoe Namiestnichestvo,Russian (Old Orthography)
19,Новогород - Сѣверское Намѣстничество,Novogorod - Sieverskoe Namiestnichestvo,Russian (Old Orthography)
20,Олонецкое Намѣстничество,Olonetskoe Namiestnichestvo,Russian (Old Orthography)
21,Орловское Намѣстничество,Orlovskoe Namiestnichestvo,Russian (Old Orthography)
22,Пензенское Намѣстничество,Penzenskoe Namiestnichestvo,Russian (Old Orthography)
23,Пермское Намѣстничество,Permskoe Namiestnichestvo,Russian (Old Orthography)
24,Полотское Намѣстничество,Polotskoe Namiestnichestvo,Russian (Old Orthography)
25,Псковское Намѣстничество,Pskovskoe Namiestnichestvo,Russian (Old Orthography)
26,Ревельское Намѣстничество,Revel'skoe Namiestnichestvo,Russian (Old Orthography)
27,Рижское Намѣстничество,Rizhskoe Namiestnichestvo,Russian (Old Orthography)
28,Рязанское Намѣстничество,Riazanskoe Namiestnichestvo,Russian (Old Orthography)
29,Саратовское Намѣстничество,Saratovskoe Namiestnichestvo,Russian (Old Orthography)
30,Синбирское Намѣстничество,Sinbirskoe Namiestnichestvo,Russian (Old Orthography)
31,Смоленское Намѣстничество,Smolenskoe Namiestnichestvo,Russian (Old Orthography)
32,Тамбовское Намѣстничество,Tambovskoe Namiestnichestvo,Russian (Old Orthography)
33,Тверское Намѣстничество,Tverskoe Namiestnichestvo,Russian (Old Orthography)
34,Тобольское Намѣстничество,Tobol'skoe Namiestnichestvo,Russian (Old Orthography)
35,Тульское Намѣстничество,Tul'skoe Namiestnichestvo,Russian (Old Orthography)
36,Уфимское Намѣстничество,Ufimskoe Namiestnichestvo,Russian (Old Orthography)
37,Харьковское Намѣстничество,Khar'kovskoe Namiestnichestvo,Russian (Old Orthography)
38,Черниговское Намѣстничество,Chernigovskoe Namiestnichestvo,Russian (Old Orthography)
39,Ярославское Намѣстничество,Iaroslavskoe Namiestnichestvo,Russian (Old Orthography)
40,Донскихъ Козаковъ Область,"Donskikh"" Kozakov"" Oblast'",Russian (Old Orthography)
41,Ст Петербургская Губернія,St Peterburgskaia Gubernіia,Russian (Old Orthography)
42,Московский уѣздѣ,Moskovskii uiezdie,Russian (Old Orthography)
43,Архангельский уѣздѣ,Arkhangel'skii uiezdie,Russian (Old Orthography)
44,Владимерский уѣздѣ,Vladimerskii uiezdie,Russian (Old Orthography)
45,Вологодский уѣздѣ,Vologodskii uiezdie,Russian (Old Orthography)
46,Воронежский уѣздѣ,Voronezhskii uiezdie,Russian (Old Orthography)
47,Выборгский уѣздѣ,Vyborgskii uiezdie,Russian (Old Orthography)
48,Виатский уѣздѣ,Viatskii uiezdie,Russian (Old Orthography)
49,Екатеринославский уѣздѣ,Ekaterinoslavskii uiezdie,Russian (Old Orthography)
50,Иркутский уѣздѣ,Irkutskii uiezdie,Russian (Old Orthography)
51,Астраханский уѣздѣ,Astrakhanskii uiezdie,Russian (Old Orthography)
52,Казанский уѣздѣ,Kazanskii uiezdie,Russian (Old Orthography)
53,Калужский уѣздѣ,Kaluzhskii uiezdie,Russian (Old Orthography)
54,Киевский уѣздѣ,Kievskii uiezdie,Russian (Old Orthography)
55,Костромский уѣздѣ,Kostromskii uiezdie,Russian (Old Orthography)
56,Курский уѣздѣ,Kurskii uiezdie,Russian (Old Orthography)
57,Могилевский уѣздѣ,Mogilevskii uiezdie,Russian (Old Orthography)
58,Нижегородский уѣздѣ,Nizhegorodskii uiezdie,Russian (Old Orthography)
59,Новогородский уѣздѣ,Novogorodskii uiezdie,Russian (Old Orthography)
60,Новогород - Северский уѣздѣ,Novogorod - Severskii uiezdie,Russian (Old Orthography)
61,Олонецкий уѣздѣ,Olonetskii uiezdie,Russian (Old Orthography)
62,Орловский уѣздѣ,Orlovskii uiezdie,Russian (Old Orthography)
63,Пензенский уѣздѣ,Penzenskii uiezdie,Russian (Old Orthography)
64,Пермский уѣздѣ,Permskii uiezdie,Russian (Old Orthography)
65,Полотский уѣздѣ,Polotskii uiezdie,Russian (Old Orthography)
66,Псковский уѣздѣ,Pskovskii uiezdie,Russian (Old Orthography)
67,Ревельский уѣздѣ,Revel'skii uiezdie,Russian (Old Orthography)
68,Рижский уѣздѣ,Rizhskii uiezdie,Russian (Old Orthography)
69,Рязанский уѣздѣ,Riazanskii uiezdie,Russian (Old Orthography)
70,Саратовский уѣздѣ,Saratovskii uiezdie,Russian (Old Orthography)
71,Синбирский уѣздѣ,Sinbirskii uiezdie,Russian (Old Orthography)
72,Смоленский уѣздѣ,Smolenskii uiezdie,Russian (Old Orthography)
73,Тамбовский уѣздѣ,Tambovskii uiezdie,Russian (Old Orthography)
74,Тверский уѣздѣ,Tverskii uiezdie,Russian (Old Orthography)
75,Тобольский уѣздѣ,Tobol'skii uiezdie,Russian (Old Orthography)
76,Тульский уѣздѣ,Tul'skii uiezdie,Russian (Old Orthography)
77,Уфимский уѣздѣ,Ufimskii uiezdie,Russian (Old Orthography)
78,Харьковский уѣздѣ,Khar'kovskii uiezdie,Russian (Old Orthography)
79,Черниговский уѣздѣ,Chernigovskii uiezdie,Russian (Old Orthography)
80,Ярославский уѣздѣ,Iaroslavskii uiezdie,Russian (Old Orthography)
81,Алатырьский уѣздѣ,Alatyr'skii uiezdie,Russian (Old Orthography)
82,Алексинский уѣздѣ,Aleksinskii uiezdie,Russian (Old Orthography)
83,Арзамаский уѣздѣ,Arzamaskii uiezdie,Russian (Old Orthography)
84,Ахтырский уѣздѣ,Akhtyrskii uiezdie,Russian (Old Orthography)
85,Бабиновецкий уѣздѣ,Babinovetskii uiezdie,Russian (Old Orthography)
86,Бежецкий уѣздѣ,Bezhetskii uiezdie,Russian (Old Orthography)
87,Белевский уѣздѣ,Belevskii uiezdie,Russian (Old Orthography)
88,Белицкий уѣздѣ,Belitskii uiezdie,Russian (Old Orthography)
89,Белогородский уѣздѣ,Belogorodskii uiezdie,Russian (Old Orthography)
90,Белозерскъ городъ,"Belozersk"" gorod""",Russian (Old Orthography)
91,Валуйский уѣздѣ,Valuiskii uiezdie,Russian (Old Orthography)
92,Великолуцкий уѣздѣ,Velikolutskii uiezdie,Russian (Old Orthography)
93,Веневский уѣздѣ,Venevskii uiezdie,Russian (Old Orthography)
94,Верейский уѣздѣ,Vereiskii uiezdie,Russian (Old Orthography)
95,Верхнеудинский уѣздѣ,Verkhneudinskii uiezdie,Russian (Old Orthography)
96,Волоколамский уѣздѣ,Volokolamskii uiezdie,Russian (Old Orthography)
97,Гадяцкий уѣздѣ,Gadiatskii uiezdie,Russian (Old Orthography)
98,Гороховецкий уѣздѣ,Gorokhovetskii uiezdie,Russian (Old Orthography)
99,Динабургский уѣздѣ,Dinaburgskii uiezdie,Russian (Old Orthography)
100,Дмитровский уѣздѣ,Dmitrovskii uiezdie,Russian (Old Orthography)
101,Донковский уѣздѣ,Donkovskii uiezdie,Russian (Old Orthography)
102,Елецкий уѣздѣ,Eletskii uiezdie,Russian (Old Orthography)
103,Епифанский уѣздѣ,Epifanskii uiezdie,Russian (Old Orthography)
104,Зарайский уѣздѣ,Zaraiskii uiezdie,Russian (Old Orthography)
105,Звенигородский уѣздѣ,Zvenigorodskii uiezdie,Russian (Old Orthography)
106,Зубцовский уѣздѣ,Zubtsovskii uiezdie,Russian (Old Orthography)
107,Изюмский уѣздѣ,Iziumskii uiezdie,Russian (Old Orthography)
108,Касимовский уѣздѣ,Kasimovskii uiezdie,Russian (Old Orthography)
109,Кашинский уѣздѣ,Kashinskii uiezdie,Russian (Old Orthography)
110,Каширский уѣздѣ,Kashirskii uiezdie,Russian (Old Orthography)
111,Керенский уѣздѣ,Kerenskii uiezdie,Russian (Old Orthography)
112,Кинешемский уѣздѣ,Kineshemskii uiezdie,Russian (Old Orthography)
113,Киренский уѣздѣ,Kirenskii uiezdie,Russian (Old Orthography)
114,Климовицкий уѣздѣ,Klimovitskii uiezdie,Russian (Old Orthography)
115,Козельский уѣздѣ,Kozel'skii uiezdie,Russian (Old Orthography)
116,Козловский уѣздѣ,Kozlovskii uiezdie,Russian (Old Orthography)
117,Коломенский уѣздѣ,Kolomenskii uiezdie,Russian (Old Orthography)
118,Кароченский уѣздѣ,Karochenskii uiezdie,Russian (Old Orthography)
119,Краснослободский уѣздѣ,Krasnoslobodskii uiezdie,Russian (Old Orthography)
120,Лебедянский уѣздѣ,Lebedianskii uiezdie,Russian (Old Orthography)
121,Ливенский уѣздѣ,Livenskii uiezdie,Russian (Old Orthography)
122,Лубенский уѣздѣ,Lubenskii uiezdie,Russian (Old Orthography)
123,Любимский уѣздѣ,Liubimskii uiezdie,Russian (Old Orthography)
124,Мезенский уѣздѣ,Mezenskii uiezdie,Russian (Old Orthography)
125,Миргородский уѣздѣ,Mirgorodskii uiezdie,Russian (Old Orthography)
126,Миропольский уѣздѣ,Miropol'skii uiezdie,Russian (Old Orthography)
127,Можайский уѣздѣ,Mozhaiskii uiezdie,Russian (Old Orthography)
128,Мстиславский уѣздѣ,Mstislavskii uiezdie,Russian (Old Orthography)
129,Наровчатовский уѣздѣ,Narovchatovskii uiezdie,Russian (Old Orthography)
130,Нижеломовский уѣздѣ,Nizhelomovskii uiezdie,Russian (Old Orthography)
131,Новосильский уѣздѣ,Novosil'skii uiezdie,Russian (Old Orthography)
132,Нежинский уѣздѣ,Nezhinskii uiezdie,Russian (Old Orthography)
133,Оршанский уѣздѣ,Orshanskii uiezdie,Russian (Old Orthography)
134,Островский уѣздѣ,Ostrovskii uiezdie,Russian (Old Orthography)
135,Переяславский уѣздѣ,Pereiaslavskii uiezdie,Russian (Old Orthography)
136,Петровский уѣздѣ,Petrovskii uiezdie,Russian (Old Orthography)
137,Пирятинский уѣздѣ,Piriatinskii uiezdie,Russian (Old Orthography)
138,Полотавский уѣздѣ,Polotavskii uiezdie,Russian (Old Orthography)
139,Пошехонский уѣздѣ,Poshekhonskii uiezdie,Russian (Old Orthography)
140,Прилуцкий уѣздѣ,Priluttskii uiezdie,Russian (Old Orthography)
141,Рогачевский уѣздѣ,Rogachevskii uiezdie,Russian (Old Orthography)
142,Ростовский уѣздѣ,Rostovskii uiezdie,Russian (Old Orthography)
143,Рузский уѣздѣ,Ruzskii uiezdie,Russian (Old Orthography)
144,Саранский уѣздѣ,Saranskii uiezdie,Russian (Old Orthography)
145,Свиажский уѣздѣ,Sviazhskii uiezdie,Russian (Old Orthography)
146,Сосницкий уѣздѣ,Sosnitskii uiezdie,Russian (Old Orthography)
147,Старобыховский уѣздѣ,Starobykhovskii uiezdie,Russian (Old Orthography)
148,Стародубовский уѣздѣ,Starodubovskii uiezdie,Russian (Old Orthography)
149,Суздальский уѣздѣ,Suzdal'skii uiezdie,Russian (Old Orthography)
150,Темниковский уѣздѣ,Temnikovskii uiezdie,Russian (Old Orthography)
151,Челябинский уѣздѣ,Cheliabinskii uiezdie,Russian (Old Orthography)
152,Чериковский уѣздѣ,Cherikovskii uiezdie,Russian (Old Orthography)
153,Чухломский уѣздѣ,Chukhlomskii uiezdie,Russian (Old Orthography)
154,Шацкий уѣздѣ,Shatskii uiezdie,Russian (Old Orthography)
155,Юрьевцкий уѣздѣ,Iur'evtskii uiezdie,Russian (Old Orthography)
156,Яренский уѣздѣ,Iarenskii uiezdie,Russian (Old Orthography)
157,Аткарский уѣздѣ,Atkarskii uiezdie,Russian (Old Orthography)
158,Богодуховский уѣздѣ,Bogodukhovskii uiezdie,Russian (Old Orthography)
159,Борзнянский уѣздѣ,Borznianskii uiezdie,Russian (Old Orthography)
160,Борисоглебский уѣздѣ,Borisoglebskii uiezdie,Russian (Old Orthography)
161,Бронницкий уѣздѣ,Bronnitskii uiezdie,Russian (Old Orthography)
162,Брянский уѣздѣ,Brianskii uiezdie,Russian (Old Orthography)
163,Белопольский уѣздѣ,Belopol'skii uiezdie,Russian (Old Orthography)
164,Велижский уѣздѣ,Velizhskii uiezdie,Russian (Old Orthography)
165,Венденский уѣздѣ,Vendenskii uiezdie,Russian (Old Orthography)
166,Весьегонский уѣздѣ,Ves'egonskii uiezdie,Russian (Old Orthography)
167,Вольмарский уѣздѣ,Vol'marskii uiezdie,Russian (Old Orthography)
168,Вязниковский уѣздѣ,Viaznikovskii uiezdie,Russian (Old Orthography)
169,Гдовский уѣздѣ,Gdovskii uiezdie,Russian (Old Orthography)
170,Голтвианский уѣздѣ,Goltvianskii uiezdie,Russian (Old Orthography)
171,Горбатовский уѣздѣ,Gorbatovskii uiezdie,Russian (Old Orthography)
172,Грязовецкий уѣздѣ,Griazovetskii uiezdie,Russian (Old Orthography)
173,Елатомский уѣздѣ,Elatomskii uiezdie,Russian (Old Orthography)
174,Ельнинский уѣздѣ,El'ninskii uiezdie,Russian (Old Orthography)
175,Жиганский уѣздѣ,Zhiganskii uiezdie,Russian (Old Orthography)
176,Жиздринский уѣздѣ,Zhizdrinskii uiezdie,Russian (Old Orthography)
177,Зашиверский уѣздѣ,Zashiverskii uiezdie,Russian (Old Orthography)
178,Землянский уѣздѣ,Zemlianskii uiezdie,Russian (Old Orthography)
179,Золотоношский уѣздѣ,Zolotonoshskii uiezdie,Russian (Old Orthography)
180,Ковровский уѣздѣ,Kovrovskii uiezdie,Russian (Old Orthography)
181,Козелецкий уѣздѣ,Kozeletskii uiezdie,Russian (Old Orthography)
182,Карсунский уѣздѣ,Karsunskii uiezdie,Russian (Old Orthography)
183,Котельничский уѣздѣ,Kotel'nichskii uiezdie,Russian (Old Orthography)
184,Крапивенский уѣздѣ,Krapivenskii uiezdie,Russian (Old Orthography)
185,Красноборский уѣздѣ,Krasnoborskii uiezdie,Russian (Old Orthography)
186,Краснокутский уѣздѣ,Krasnokutskii uiezdie,Russian (Old Orthography)
187,Кромский уѣздѣ,Kromskii uiezdie,Russian (Old Orthography)
188,Кузнецкий уѣздѣ,Kuznetskii uiezdie,Russian (Old Orthography)
189,Лаишевский уѣздѣ,Laishevskii uiezdie,Russian (Old Orthography)
190,Лальский уѣздѣ,Lal'skii uiezdie,Russian (Old Orthography)
191,Липецкий уѣздѣ,Lipetskii uiezdie,Russian (Old Orthography)
192,Лихвинский уѣздѣ,Likhvinskii uiezdie,Russian (Old Orthography)
193,Лохвицкий уѣздѣ,Lokhvitskii uiezdie,Russian (Old Orthography)
194,Макарьевский уѣздѣ,Makar'evskii uiezdie,Russian (Old Orthography)
195,Черкаский уѣздѣ,Cherkaskii uiezdie,Russian (Old Orthography)
196,Вытегорский уѣздѣ,Vytegorskii uiezdie,Russian (Old Orthography)
197,Лебединский уѣздѣ,Lebedinskii uiezdie,Russian (Old Orthography)
198,Екатеринбургский уѣздѣ,Ekaterinburgskii uiezdie,Russian (Old Orthography)
199,Сапожковский уѣздѣ,Sapozhkovskii uiezdie,Russian (Old Orthography)
200,Дерптский уѣздѣ,Derptskii uiezdie,Russian (Old Orthography)
201,Карачевский уѣздѣ,Karachevskii uiezdie,Russian (Old Orthography)
202,Коротоякский уѣздѣ,Korotoiakskii uiezdie,Russian (Old Orthography)
203,Сенненский уѣздѣ,Sennenskii uiezdie,Russian (Old Orthography)
204,Богородский уѣздѣ,Bogorodskii uiezdie,Russian (Old Orthography)
205,Козьмодемьянский уѣздѣ,Koz'modem'ianskii uiezdie,Russian (Old Orthography)
206,Воскресенский уѣздѣ,Voskresenskii uiezdie,Russian (Old Orthography)
207,Ефремовский уѣздѣ,Efremovskii uiezdie,Russian (Old Orthography)
208,Боровский уѣздѣ,Borovskii uiezdie,Russian (Old Orthography)
209,Опочецкий уѣздѣ,Opochetskii uiezdie,Russian (Old Orthography)
210,Царевококшайский уѣздѣ,Tsarevokokshaiskii uiezdie,Russian (Old Orthography)
211,Юрьева-Польский уѣздѣ,Iur'eva-Pol'skii uiezdie,Russian (Old Orthography)
212,Порховский уѣздѣ,Porkhovskii uiezdie,Russian (Old Orthography)
213,Курмышский уѣздѣ,Kurmyshskii uiezdie,Russian (Old Orthography)
214,Сумский уѣздѣ,Sumskii uiezdie,Russian (Old Orthography)
215,Луховский уѣздѣ,Lukhovskii uiezdie,Russian (Old Orthography)
216,Царевосанчурский уѣздѣ,Tsarevosanchurskii uiezdie,Russian (Old Orthography)
217,Нерчинский уѣздѣ,Nerchinskii uiezdie,Russian (Old Orthography)
218,Повенецкий уѣздѣ,Povenetskii uiezdie,Russian (Old Orthography)
219,Инсарский уѣздѣ,Insarskii uiezdie,Russian (Old Orthography)
220,Шуйский уѣздѣ,Shuiskii uiezdie,Russian (Old Orthography)
221,Роменский уѣздѣ,Romenskii uiezdie,Russian (Old Orthography)
222,Богородицкий уѣздѣ,Bogoroditskii uiezdie,Russian (Old Orthography)
223,Ирбитский уѣздѣ,Irbitskii uiezdie,Russian (Old Orthography)
224,Новоладожский уѣздѣ,Novoladozhskii uiezdie,Russian (Old Orthography)
225,Макарьевский уѣздѣ,Makar'evskii uiezdie,Russian (Old Orthography)
226,Медынский уѣздѣ,Medynskii uiezdie,Russian (Old Orthography)
227,Мешчовский уѣздѣ,Meshchovskii uiezdie,Russian (Old Orthography)
228,Микхайловский уѣздѣ,Mikkhailovskii uiezdie,Russian (Old Orthography)
229,Моршанский уѣздѣ,Morshanskii uiezdie,Russian (Old Orthography)
230,Мосальский уѣздѣ,Mosal'skii uiezdie,Russian (Old Orthography)
231,Муромский уѣздѣ,Muromskii uiezdie,Russian (Old Orthography)
232,Мценский уѣздѣ,Mtsenskii uiezdie,Russian (Old Orthography)
233,Мышкинский уѣздѣ,Myshkinskii uiezdie,Russian (Old Orthography)
234,Недригайловский уѣздѣ,Nedrigailovskii uiezdie,Russian (Old Orthography)
235,Одоевский уѣздѣ,Odoevskii uiezdie,Russian (Old Orthography)
236,Олёкминский уѣздѣ,Olёkminskii uiezdie,Russian (Old Orthography)
237,Осташковский уѣздѣ,Ostashkovskii uiezdie,Russian (Old Orthography)
238,Острогожский уѣздѣ,Ostrogozhskii uiezdie,Russian (Old Orthography)
239,Перемышльский уѣздѣ,Peremyshl'skii uiezdie,Russian (Old Orthography)
240,Петровский уѣздѣ,Petrovskii uiezdie,Russian (Old Orthography)
241,Плесский уѣздѣ,Plesskii uiezdie,Russian (Old Orthography)
242,Путивльский уѣздѣ,Putivl'skii uiezdie,Russian (Old Orthography)
243,Рыбинский уѣздѣ,Rybinskii uiezdie,Russian (Old Orthography)
244,Рыльский уѣздѣ,Ryl'skii uiezdie,Russian (Old Orthography)
245,Ряжский уѣздѣ,Riazhskii uiezdie,Russian (Old Orthography)
246,Сергачский уѣздѣ,Sergachskii uiezdie,Russian (Old Orthography)
247,Сердовольский уѣздѣ,Serdovol'skii uiezdie,Russian (Old Orthography)
248,Сердобский уѣздѣ,Serdobskii uiezdie,Russian (Old Orthography)
249,Серпейский уѣздѣ,Serpeiskii uiezdie,Russian (Old Orthography)
250,Серпуховский уѣздѣ,Serpukhovskii uiezdie,Russian (Old Orthography)
251,Сольвычегодский уѣздѣ,Sol'vychegodskii uiezdie,Russian (Old Orthography)
252,Ставропольский уѣздѣ,Stavropol'skii uiezdie,Russian (Old Orthography)
253,Суджанский уѣздѣ,Sudzhanskii uiezdie,Russian (Old Orthography)
254,Севский уѣздѣ,Sevskii uiezdie,Russian (Old Orthography)
255,Тарусский уѣздѣ,Tarusskii uiezdie,Russian (Old Orthography)
256,Тихвинский уѣздѣ,Tikhvinskii uiezdie,Russian (Old Orthography)
257,Торопецкий уѣздѣ,Toropetskii uiezdie,Russian (Old Orthography)
258,Угличский уѣздѣ,Uglichskii uiezdie,Russian (Old Orthography)
259,Усть-Сысольский уѣздѣ,Ust'-Sysol'skii uiezdie,Russian (Old Orthography)
260,Великоустюгский уѣздѣ,Velikoustiugskii uiezdie,Russian (Old Orthography)
261,Фатежский уѣздѣ,Fatezhskii uiezdie,Russian (Old Orthography)
262,Феллинский уѣздѣ,Fellinskii uiezdie,Russian (Old Orthography)
263,Хвалынский уѣздѣ,Khvalynskii uiezdie,Russian (Old Orthography)
264,Херсонский уѣздѣ,Khersonskii uiezdie,Russian (Old Orthography)
265,Череповецкий уѣздѣ,Cherepovetskii uiezdie,Russian (Old Orthography)
266,Чугуевский уѣздѣ,Chuguevskii uiezdie,Russian (Old Orthography)
267,Ядринский уѣздѣ,Iadrinskii uiezdie,Russian (Old Orthography)
268,Никитский уѣздѣ,Nikitskii uiezdie,Russian (Old Orthography)
269,Подольский уѣздѣ,Podol'skii uiezdie,Russian (Old Orthography)
270,Клинский уеад,Klinskii uead,Russian (Old Orthography)
271,Шадринский уѣздѣ,Shadrinskii uiezdie,Russian (Old Orthography)
272,Спаский уѣздѣ,Spaskii uiezdie,Russian (Old Orthography)
273,Цывильский уѣздѣ,Tsyvil'skii uiezdie,Russian (Old Orthography)
274,Бельский уѣздѣ,Bel'skii uiezdie,Russian (Old Orthography)
275,Павлоградский уѣздѣ,Pavlogradskii uiezdie,Russian (Old Orthography)
276,Валковский уѣздѣ,Valkovskii uiezdie,Russian (Old Orthography)
277,Пореченский уѣздѣ,Porechenskii uiezdie,Russian (Old Orthography)
278,Вильманстрандский уѣздѣ,Vil'manstrandskii uiezdie,Russian (Old Orthography)
279,Городнянский уѣздѣ,Gorodnianskii uiezdie,Russian (Old Orthography)
280,Мологский уѣздѣ,Mologskii uiezdie,Russian (Old Orthography)
281,Борисоглебский уѣздѣ,Borisoglebskii uiezdie,Russian (Old Orthography)
282,Романовский уѣздѣ,Romanovskii uiezdie,Russian (Old Orthography)
283,Духовшчинский уѣздѣ,Dukhovshchinskii uiezdie,Russian (Old Orthography)
284,Дорогобужский уѣздѣ,Dorogobuzhskii uiezdie,Russian (Old Orthography)
285,Льговский уѣздѣ,L'govskii uiezdie,Russian (Old Orthography)
286,Тимский уѣздѣ,Timskii uiezdie,Russian (Old Orthography)
287,Шчигровский уѣздѣ,Shchigrovskii uiezdie,Russian (Old Orthography)
288,Усманский уѣздѣ,Usmanskii uiezdie,Russian (Old Orthography)
289,Кирсановский уѣздѣ,Kirsanovskii uiezdie,Russian (Old Orthography)
290,Починковский уѣздѣ,Pochinkovskii uiezdie,Russian (Old Orthography)
291,Лукояновский уѣздѣ,Lukoianovskii uiezdie,Russian (Old Orthography)
292,Княгининский уѣздѣ,Kniagininskii uiezdie,Russian (Old Orthography)
293,Балахнинский уѣздѣ,Balakhninskii uiezdie,Russian (Old Orthography)
294,Семёновский уѣздѣ,Semёnovskii uiezdie,Russian (Old Orthography)
295,Трубчевский уѣздѣ,Trubchevskii uiezdie,Russian (Old Orthography)
296,Черньский уѣздѣ,Chern'skii uiezdie,Russian (Old Orthography)
297,Скопинский уѣздѣ,Skopinskii uiezdie,Russian (Old Orthography)
298,Пронский уѣздѣ,Pronskii uiezdie,Russian (Old Orthography)
299,Старицкий уѣздѣ,Staritskii uiezdie,Russian (Old Orthography)
300,Слободский уѣздѣ,Slobodskii uiezdie,Russian (Old Orthography)
301,Яранский уѣздѣ,Iaranskii uiezdie,Russian (Old Orthography)
302,Туринский уѣздѣ,Turinskii uiezdie,Russian (Old Orthography)
303,Богатенский уѣздѣ,Bogatenskii uiezdie,Russian (Old Orthography)
304,Боровичский уѣздѣ,Borovichskii uiezdie,Russian (Old Orthography)
305,Валдайский уѣздѣ,Valdaiskii uiezdie,Russian (Old Orthography)
306,Березинский уѣздѣ,Berezinskii uiezdie,Russian (Old Orthography)
307,Березовский уѣздѣ,Berezovskii uiezdie,Russian (Old Orthography)
308,Вышневолоцкий уѣздѣ,Vyshnevolotskii uiezdie,Russian (Old Orthography)
309,Габзальский уѣздѣ,Gabzal'skii uiezdie,Russian (Old Orthography)
310,Гжатский уѣздѣ,Gzhatskii uiezdie,Russian (Old Orthography)
311,Елисаветградский уѣздѣ,Elisavetgradskii uiezdie,Russian (Old Orthography)
312,Зѣньковский уѣздѣ,Zien'kovskii uiezdie,Russian (Old Orthography)
313,Кирилловский уѣздѣ,Kirillovskii uiezdie,Russian (Old Orthography)
314,Малоархангельский уѣздѣ,Maloarkhangel'skii uiezdie,Russian (Old Orthography)
315,Малоярославецкий уѣздѣ,Maloiaroslavetskii uiezdie,Russian (Old Orthography)
316,Мангазейский уѣздѣ,Mangazeiskii uiezdie,Russian (Old Orthography)
317,Мглинский уѣздѣ,Mglinskii uiezdie,Russian (Old Orthography)
318,Нейшлотский уѣздѣ,Neishlotskii uiezdie,Russian (Old Orthography)
319,Переславль-Залесский уѣздѣ,Pereslavl'-Zalesskii uiezdie,Russian (Old Orthography)
320,Перновский уѣздѣ,Pernovskii uiezdie,Russian (Old Orthography)
321,Пудожский уѣздѣ,Pudozhskii uiezdie,Russian (Old Orthography)
322,Ржевский уѣздѣ,Rzhevskii uiezdie,Russian (Old Orthography)
323,Режицкий уѣздѣ,Rezhitskii uiezdie,Russian (Old Orthography)
324,Солигаличский уѣздѣ,Soligalichskii uiezdie,Russian (Old Orthography)
325,Старооскольский уѣздѣ,Starooskol'skii uiezdie,Russian (Old Orthography)
326,Устюженский уѣздѣ,Ustiuzhenskii uiezdie,Russian (Old Orthography)
327,Фридрихсгамский уѣздѣ,Fridrikhsgamskii uiezdie,Russian (Old Orthography)
328,Хоперский уѣздѣ,Khoperskii uiezdie,Russian (Old Orthography)
329,Далматовский уѣздѣ,Dalmatovskii uiezdie,Russian (Old Orthography)
330,Хотьмышский уѣздѣ,Khot'myshskii uiezdie,Russian (Old Orthography)
331,Чаусский уѣздѣ,Chausskii uiezdie,Russian (Old Orthography)
332,Чембарский уѣздѣ,Chembarskii uiezdie,Russian (Old Orthography)
333,Чердынский уѣздѣ,Cherdynskii uiezdie,Russian (Old Orthography)
334,Шишкеевский уѣздѣ,Shishkeevskii uiezdie,Russian (Old Orthography)
335,Архангельскъ,"Arkhangel'sk""",Russian (Old Orthography)
336,Воронежъ,"Voronezh""",Russian (Old Orthography)
337,Выборгъ,"Vyborg""",Russian (Old Orthography)
338,Иркутскъ,"Irkutsk""",Russian (Old Orthography)
339,Астрахань,Astrakhan',Russian (Old Orthography)
340,Кострома,Kostroma,Russian (Old Orthography)
341,Полотскъ,"Polotsk""",Russian (Old Orthography)
342,Саратовъ,"Saratov""",Russian (Old Orthography)
343,Синбирскъ,"Sinbirsk""",Russian (Old Orthography)
344,Смоленскъ,"Smolensk""",Russian (Old Orthography)
345,Тамбовъ,"Tambov""",Russian (Old Orthography)
346,Тверь,Tver',Russian (Old Orthography)
347,Тобольскъ,"Tobol'sk""",Russian (Old Orthography)
348,Тула,Tula,Russian (Old Orthography)
349,Алатырь,Alatyr',Russian (Old Orthography)
350,Алексинъ,"Aleksin""",Russian (Old Orthography)
351,Арзамасъ,"Arzamas""",Russian (Old Orthography)
352,Ахтырка,Akhtyrka,Russian (Old Orthography)
353,Бѣжецкъ,"Biezhetsk""",Russian (Old Orthography)
354,Бѣлгородъ,"Bielgorod""",Russian (Old Orthography)
355,Бѣлозерскъ,"Bielozersk""",Russian (Old Orthography)
356,Валуйки,Valuiki,Russian (Old Orthography)
357,Веневъ,"Venev""",Russian (Old Orthography)
358,Верея,Vereia,Russian (Old Orthography)
359,Верхній Удинскъ,"Verkhnіi Udinsk""",Russian (Old Orthography)
360,Волоколамскъ,"Volokolamsk""",Russian (Old Orthography)
361,Гадячь,Gadiach',Russian (Old Orthography)
362,Гороховецъ,"Gorokhovets""",Russian (Old Orthography)
363,Динабургъ,"Dinaburg""",Russian (Old Orthography)
364,Дмитровъ,"Dmitrov""",Russian (Old Orthography)
365,Донковъ,"Donkov""",Russian (Old Orthography)
366,Елецъ,"Elets""",Russian (Old Orthography)
367,Епифань,Epifan',Russian (Old Orthography)
368,Зарайскъ,"Zaraisk""",Russian (Old Orthography)
369,Звенигородъ,"Zvenigorod""",Russian (Old Orthography)
370,Зубцовъ,"Zubtsov""",Russian (Old Orthography)
371,Изюмъ,"Izium""",Russian (Old Orthography)
372,Касимовъ,"Kasimov""",Russian (Old Orthography)
373,Кашинъ,"Kashin""",Russian (Old Orthography)
374,Кошира,Koshira,Russian (Old Orthography)
375,Керенскъ,"Kerensk""",Russian (Old Orthography)
376,Кинешма,Kineshma,Russian (Old Orthography)
377,Киренскъ,"Kirensk""",Russian (Old Orthography)
378,Козельскъ,"Kozel'sk""",Russian (Old Orthography)
379,Коломна,Kolomna,Russian (Old Orthography)
380,Кароча,Karocha,Russian (Old Orthography)
381,Краснослободскъ,"Krasnoslobodsk""",Russian (Old Orthography)
382,Ливны,Livny,Russian (Old Orthography)
383,Любимъ,"Liubim""",Russian (Old Orthography)
384,Миргородъ,"Mirgorod""",Russian (Old Orthography)
385,Мирополье,Miropol'e,Russian (Old Orthography)
386,Можайскъ,"Mozhaisk""",Russian (Old Orthography)
387,Мстиславль,Mstislavl',Russian (Old Orthography)
388,Наровчатъ,"Narovchat""",Russian (Old Orthography)
389,Новосиль,Novosil',Russian (Old Orthography)
390,Нѣжинъ,"Niezhin""",Russian (Old Orthography)
391,Островъ,"Ostrov""",Russian (Old Orthography)
392,Переяславль,Pereiaslavl',Russian (Old Orthography)
393,Петровскъ,"Petrovsk""",Russian (Old Orthography)
394,Пирятинъ,"Piriatin""",Russian (Old Orthography)
395,Пошехонь,Poshekhon',Russian (Old Orthography)
396,Рогачевъ,"Rogachev""",Russian (Old Orthography)
397,Ростовъ,"Rostov""",Russian (Old Orthography)
398,Руза,Ruza,Russian (Old Orthography)
399,Свіажскъ,"Svіazhsk""",Russian (Old Orthography)
400,Старой Быховъ,"Staroi Bykhov""",Russian (Old Orthography)
401,Суздаль,Suzdal',Russian (Old Orthography)
402,Темниковъ,"Temnikov""",Russian (Old Orthography)
403,Челябинскъ,"Cheliabinsk""",Russian (Old Orthography)
404,Чериковъ,"Cherikov""",Russian (Old Orthography)
405,Чухлома,Chukhloma,Russian (Old Orthography)
406,Юрьевецъ Поволгскій,"Iur'evets"" Povolgskіi",Russian (Old Orthography)
407,Яренскъ,"Iarensk""",Russian (Old Orthography)
408,Анаево,Anaevo,Russian (Old Orthography)
409,Атемаръ,"Atemar""",Russian (Old Orthography)
410,Аткарскъ,"Atkarsk""",Russian (Old Orthography)
411,Барышевка,Baryshevka,Russian (Old Orthography)
412,Батуринъ,"Baturin""",Russian (Old Orthography)
413,Березники,Berezniki,Russian (Old Orthography)
414,Билярскъ,"Biliarsk""",Russian (Old Orthography)
415,Биржа,Birzha,Russian (Old Orthography)
416,Бобровица,Bobrovitsa,Russian (Old Orthography)
417,Богодуховъ,"Bogodukhov""",Russian (Old Orthography)
418,Борзна,Borzna,Russian (Old Orthography)
419,Борисоглѣбскъ,"Borisogliebsk""",Russian (Old Orthography)
420,Борисполь,Borispol',Russian (Old Orthography)
421,Боровенки,Borovenki,Russian (Old Orthography)
422,Бронницы,Bronnitsy,Russian (Old Orthography)
423,Брянскъ,"Briansk""",Russian (Old Orthography)
424,Бучалки,Buchalki,Russian (Old Orthography)
425,Бѣлая Колпь,Bielaia Kolp',Russian (Old Orthography)
426,Бѣлополье,Bielopol'e,Russian (Old Orthography)
427,Варва,Varva,Russian (Old Orthography)
428,Вашка,Vashka,Russian (Old Orthography)
429,Вейделевка,Veidelevka,Russian (Old Orthography)
430,Велижъ,"Velizh""",Russian (Old Orthography)
431,Венденъ,"Venden""",Russian (Old Orthography)
432,Весіегонскъ,"Vesіegonsk""",Russian (Old Orthography)
433,Волмаръ,"Volmar""",Russian (Old Orthography)
434,Воронежъ,"Voronezh""",Russian (Old Orthography)
435,Воронковъ,"Voronkov""",Russian (Old Orthography)
436,Вревъ,"Vrev""",Russian (Old Orthography)
437,Вязники,Viazniki,Russian (Old Orthography)
438,Гдовъ,"Gdov""",Russian (Old Orthography)
439,Глинскъ,"Glinsk""",Russian (Old Orthography)
440,Гоголевъ,"Gogolev""",Russian (Old Orthography)
441,Голтва,Goltva,Russian (Old Orthography)
442,Горбатовъ,"Gorbatov""",Russian (Old Orthography)
443,Горошинъ,"Goroshin""",Russian (Old Orthography)
444,Гремячевъ,"Gremiachev""",Russian (Old Orthography)
445,Гритчино,Gritchino,Russian (Old Orthography)
446,Грязное,Griaznoe,Russian (Old Orthography)
447,Грязовецъ,"Griazovets""",Russian (Old Orthography)
448,Дагда,Dagda,Russian (Old Orthography)
449,Двурѣчная,Dvuriechnaia,Russian (Old Orthography)
450,Деймановка,Deimanovka,Russian (Old Orthography)
451,Добрая,Dobraia,Russian (Old Orthography)
452,Душатинъ,"Dushatin""",Russian (Old Orthography)
453,Дѣдиново,Diedinovo,Russian (Old Orthography)
454,Елатма,Elatma,Russian (Old Orthography)
455,Елна,Elna,Russian (Old Orthography)
456,Жиганскъ,"Zhigansk""",Russian (Old Orthography)
457,Жиздра,Zhizdra,Russian (Old Orthography)
458,Задушное,Zadushnoe,Russian (Old Orthography)
459,Замошье,Zamosh'e,Russian (Old Orthography)
460,Зашиверскъ,"Zashiversk""",Russian (Old Orthography)
461,Землянскъ,"Zemliansk""",Russian (Old Orthography)
462,Змѣтневъ,"Zmietnev""",Russian (Old Orthography)
463,Золотоноша,Zolotonosha,Russian (Old Orthography)
464,Иса,Isa,Russian (Old Orthography)
465,Калиберда,Kaliberda,Russian (Old Orthography)
466,Калинкино,Kalinkino,Russian (Old Orthography)
467,Камышня,Kamyshnia,Russian (Old Orthography)
468,Кесова Гора,Kesova Gora,Russian (Old Orthography)
469,Кимры,Kimry,Russian (Old Orthography)
470,Кистеръ,"Kister""",Russian (Old Orthography)
471,Ковровъ,"Kovrov""",Russian (Old Orthography)
472,Козелецъ,"Kozelets""",Russian (Old Orthography)
473,Корсунь,Korsun',Russian (Old Orthography)
474,Котельва,Kotel'va,Russian (Old Orthography)
475,Котельничь,Kotel'nich',Russian (Old Orthography)
476,Кочелаево,Kochelaevo,Russian (Old Orthography)
477,Крапивна,Krapivna,Russian (Old Orthography)
478,Крапивна,Krapivna,Russian (Old Orthography)
479,Красноборскъ,"Krasnoborsk""",Russian (Old Orthography)
480,Краснокутскъ,"Krasnokutsk""",Russian (Old Orthography)
481,Краснополье,Krasnopol'e,Russian (Old Orthography)
482,Кромы,Kromy,Russian (Old Orthography)
483,Крыловъ,"Krylov""",Russian (Old Orthography)
484,Кубенское,Kubenskoe,Russian (Old Orthography)
485,Кузнецкъ,"Kuznetsk""",Russian (Old Orthography)
486,Куреньки,Kuren'ki,Russian (Old Orthography)
487,Лазовица,Lazovitsa,Russian (Old Orthography)
488,Лаишевъ,"Laishev""",Russian (Old Orthography)
489,Лальскъ,"Lal'sk""",Russian (Old Orthography)
490,Липецкъ,"Lipetsk""",Russian (Old Orthography)
491,Лихвинъ,"Likhvin""",Russian (Old Orthography)
492,Лохвица,Lokhvitsa,Russian (Old Orthography)
493,Любечь,Liubech',Russian (Old Orthography)
494,Лютенка,Liutenka,Russian (Old Orthography)
495,Макарьевъ,"Makar'ev""",Russian (Old Orthography)
496,Вытегра,Vytegra,Russian (Old Orthography)
497,Лебединъ,"Lebedin""",Russian (Old Orthography)
498,Сапожокъ,"Sapozhok""",Russian (Old Orthography)
499,Дерптъ,"Derpt""",Russian (Old Orthography)
500,Коротоякъ,"Korotoiak""",Russian (Old Orthography)
501,Богородскъ,"Bogorodsk""",Russian (Old Orthography)
502,Воскресенскъ,"Voskresensk""",Russian (Old Orthography)
503,Ефремовъ,"Efremov""",Russian (Old Orthography)
504,Боровскъ,"Borovsk""",Russian (Old Orthography)
505,Опочка,Opochka,Russian (Old Orthography)
506,Юрьевъ Польскій,"Iur'ev"" Pol'skіi",Russian (Old Orthography)
507,Сумы,Sumy,Russian (Old Orthography)
508,Лухъ,"Lukh""",Russian (Old Orthography)
509,Старая Руза,Staraia Ruza,Russian (Old Orthography)
510,Инсара,Insara,Russian (Old Orthography)
511,Шуя,Shuia,Russian (Old Orthography)
512,Бобровское,Bobrovskoe,Russian (Old Orthography)
513,Богородицкъ,"Bogoroditsk""",Russian (Old Orthography)
514,Борятино,Boriatino,Russian (Old Orthography)
515,Ирбитъ,"Irbit""",Russian (Old Orthography)
516,Ладога Новая,Ladoga Novaia,Russian (Old Orthography)
517,Макарьевъ,"Makar'ev""",Russian (Old Orthography)
518,Махоново,Makhonovo,Russian (Old Orthography)
519,Маяки,Maiaki,Russian (Old Orthography)
520,Медынь,Medyn',Russian (Old Orthography)
521,Мена,Mena,Russian (Old Orthography)
522,Мещовскъ,"Meshchovsk""",Russian (Old Orthography)
523,Милославичи,Miloslavichi,Russian (Old Orthography)
524,Миротино,Mirotino,Russian (Old Orthography)
525,Митякинская,Mitiakinskaia,Russian (Old Orthography)
526,Михайловъ,"Mikhailov""",Russian (Old Orthography)
527,Мишуринъ Рогъ,"Mishurin"" Rog""",Russian (Old Orthography)
528,Молвитино,Molvitino,Russian (Old Orthography)
529,Монастырщина,Monastyrshchina,Russian (Old Orthography)
530,Моршанскъ,"Morshansk""",Russian (Old Orthography)
531,Мосальскъ,"Mosal'sk""",Russian (Old Orthography)
532,Мостки,Mostki,Russian (Old Orthography)
533,Мостовское,Mostovskoe,Russian (Old Orthography)
534,Мринъ,"Mrin""",Russian (Old Orthography)
535,Муриково,Murikovo,Russian (Old Orthography)
536,Муромъ,"Murom""",Russian (Old Orthography)
537,Мценскъ,"Mtsensk""",Russian (Old Orthography)
538,Мышкинъ,"Myshkin""",Russian (Old Orthography)
539,Недригайловъ,"Nedrigailov""",Russian (Old Orthography)
540,Носовка,Nosovka,Russian (Old Orthography)
541,Обоянь,Oboian',Russian (Old Orthography)
542,Обрубъ,"Obrub""",Russian (Old Orthography)
543,Одоевъ,"Odoev""",Russian (Old Orthography)
544,Олекминскъ,"Olekminsk""",Russian (Old Orthography)
545,Олонецъ,"Olonets""",Russian (Old Orthography)
546,Омельникъ,"Omel'nik""",Russian (Old Orthography)
547,Опушка,Opushka,Russian (Old Orthography)
548,Остапье,Ostap'e,Russian (Old Orthography)
549,Осташковъ,"Ostashkov""",Russian (Old Orthography)
550,Острогожскъ,"Ostrogozhsk""",Russian (Old Orthography)
551,Парское,Parskoe,Russian (Old Orthography)
552,Переволочна,Perevolochna,Russian (Old Orthography)
553,Перемышль,Peremyshl',Russian (Old Orthography)
554,Петровскъ,"Petrovsk""",Russian (Old Orthography)
555,Печенѣги,Pecheniegi,Russian (Old Orthography)
556,Плесъ,"Ples""",Russian (Old Orthography)
557,Покровское,Pokrovskoe,Russian (Old Orthography)
558,Понорница,Ponornitsa,Russian (Old Orthography)
559,Потокъ,"Potok""",Russian (Old Orthography)
560,Презма,Prezma,Russian (Old Orthography)
561,Прели,Preli,Russian (Old Orthography)
562,Протопопова,Protopopova,Russian (Old Orthography)
563,Путивль,Putivl',Russian (Old Orthography)
564,Пуша,Pusha,Russian (Old Orthography)
565,Пятницкое,Piatnitskoe,Russian (Old Orthography)
566,Ратковка,Ratkovka,Russian (Old Orthography)
567,Рашевка,Rashevka,Russian (Old Orthography)
568,Ружное,Ruzhnoe,Russian (Old Orthography)
569,Рыбинскъ,"Rybinsk""",Russian (Old Orthography)
570,Рыльскъ,"Ryl'sk""",Russian (Old Orthography)
571,Ряжскъ,"Riazhsk""",Russian (Old Orthography)
572,Самара,Samara,Russian (Old Orthography)
573,Сарбаево,Sarbaevo,Russian (Old Orthography)
574,Сенкова,Senkova,Russian (Old Orthography)
575,Сергачь,Sergach',Russian (Old Orthography)
576,Сердоболь,Serdobol',Russian (Old Orthography)
577,Сердобскъ,"Serdobsk""",Russian (Old Orthography)
578,Середина Буда,Seredina Buda,Russian (Old Orthography)
579,Серпейскъ,"Serpeisk""",Russian (Old Orthography)
580,Серпуховъ,"Serpukhov""",Russian (Old Orthography)
581,Смѣлое,Smieloe,Russian (Old Orthography)
582,Соль-Вычегодскъ,"Sol'-Vychegodsk""",Russian (Old Orthography)
583,Сребное,Srebnoe,Russian (Old Orthography)
584,Ставрополь,Stavropol',Russian (Old Orthography)
585,Старая Рязань,Staraia Riazan',Russian (Old Orthography)
586,Старинское,Starinskoe,Russian (Old Orthography)
587,Стоянцы,Stoiantsy,Russian (Old Orthography)
588,Судай,Sudai,Russian (Old Orthography)
589,Суджа,Sudzha,Russian (Old Orthography)
590,Сухари,Sukhari,Russian (Old Orthography)
591,Сѣвскъ,"Sievsk""",Russian (Old Orthography)
592,Таруса,Tarusa,Russian (Old Orthography)
593,Тискады,Tiskady,Russian (Old Orthography)
594,Тихвинъ,"Tikhvin""",Russian (Old Orthography)
595,Тихонова,Tikhonova,Russian (Old Orthography)
596,Томаровка,Tomarovka,Russian (Old Orthography)
597,Торопецъ,"Toropets""",Russian (Old Orthography)
598,Троицкъ,"Troitsk""",Russian (Old Orthography)
599,Троицкая,Troitskaia,Russian (Old Orthography)
600,Тюртень,Tiurten',Russian (Old Orthography)
601,Угличъ,"Uglich""",Russian (Old Orthography)
602,Уразова,Urazova,Russian (Old Orthography)
603,Уральскъ,"Ural'sk""",Russian (Old Orthography)
604,Устивица,Ustivitsa,Russian (Old Orthography)
605,Усть-Сысольскъ,"Ust'-Sysol'sk""",Russian (Old Orthography)
606,Устюгъ Великій,"Ustiug"" Velikіi",Russian (Old Orthography)
607,Фатежъ,"Fatezh""",Russian (Old Orthography)
608,Феллинъ,"Fellin""",Russian (Old Orthography)
609,Хвалынскъ,"Khvalynsk""",Russian (Old Orthography)
610,Херсонъ,"Kherson""",Russian (Old Orthography)
611,Ховань,Khovan',Russian (Old Orthography)
612,Хотень,Khoten',Russian (Old Orthography)
613,Череповецъ,"Cherepovets""",Russian (Old Orthography)
614,Чернухи,Chernukhi,Russian (Old Orthography)
615,Чечерскъ,"Chechersk""",Russian (Old Orthography)
616,Чугуевъ,"Chuguev""",Russian (Old Orthography)
617,Чупаховка,Chupakhovka,Russian (Old Orthography)
618,Шамово,Shamovo,Russian (Old Orthography)
619,Шумячи,Shumiachi,Russian (Old Orthography)
620,Юнаковка,Iunakovka,Russian (Old Orthography)
621,Яготинъ,"Iagotin""",Russian (Old Orthography)
622,Ядринъ,"Iadrin""",Russian (Old Orthography)
623,Ямполь,Iampol',Russian (Old Orthography)
624,Ямская,Iamskaia,Russian (Old Orthography)
625,Подолъ,"Podol""",Russian (Old Orthography)
626,Клинъ,"Klin""",Russian (Old Orthography)
627,Авдулово,Avdulovo,Russian (Old Orthography)
628,Андреевка,Andreevka,Russian (Old Orthography)
629,Алексѣевка,Aleksieevka,Russian (Old Orthography)
630,Шадринскъ,"Shadrinsk""",Russian (Old Orthography)
631,Покровское,Pokrovskoe,Russian (Old Orthography)
632,Троицкое,Troitskoe,Russian (Old Orthography)
633,Ильинское,Il'inskoe,Russian (Old Orthography)
634,Рожественское,Rozhestvenskoe,Russian (Old Orthography)
635,Ивановское,Ivanovskoe,Russian (Old Orthography)
636,Спаское,Spaskoe,Russian (Old Orthography)
637,Семеновское,Semenovskoe,Russian (Old Orthography)
638,Спаскъ,"Spask""",Russian (Old Orthography)
639,Цывильскъ,"Tsyvil'sk""",Russian (Old Orthography)
640,Михайловка,Mikhailovka,Russian (Old Orthography)
641,Бѣлой,Bieloi,Russian (Old Orthography)
642,Ивановка,Ivanovka,Russian (Old Orthography)
643,Карловка,Karlovka,Russian (Old Orthography)
644,Петровская,Petrovskaia,Russian (Old Orthography)
645,Павлоградъ,"Pavlograd""",Russian (Old Orthography)
646,Ямполь,Iampol',Russian (Old Orthography)
647,Сватова Лучка,Svatova Luchka,Russian (Old Orthography)
648,Каменка,Kamenka,Russian (Old Orthography)
649,Ольховатка,Ol'khovatka,Russian (Old Orthography)
650,Валки,Valki,Russian (Old Orthography)
651,Сумская Ворожба,Sumskaia Vorozhba,Russian (Old Orthography)
652,Конобѣево,Konobieevo,Russian (Old Orthography)
653,Горки,Gorki,Russian (Old Orthography)
654,Малино,Malino,Russian (Old Orthography)
655,Борисовъ,"Borisov""",Russian (Old Orthography)
656,Порѣчье,Poriech'e,Russian (Old Orthography)
657,Раменье,Ramen'e,Russian (Old Orthography)
658,Вильманстрандъ,"Vil'manstrand""",Russian (Old Orthography)
659,Быковъ,"Bykov""",Russian (Old Orthography)
660,Веприкъ,"Veprik""",Russian (Old Orthography)
661,Роменъ,"Romen""",Russian (Old Orthography)
662,Городня,Gorodnia,Russian (Old Orthography)
663,Рѣпки,Riepki,Russian (Old Orthography)
664,Великое,Velikoe,Russian (Old Orthography)
665,Молога,Mologa,Russian (Old Orthography)
666,Глѣбово,Gliebovo,Russian (Old Orthography)
667,Борисоглѣбскъ,"Borisogliebsk""",Russian (Old Orthography)
668,Романовъ,"Romanov""",Russian (Old Orthography)
669,Кударинская,Kudarinskaia,Russian (Old Orthography)
670,Носовичи,Nosovichi,Russian (Old Orthography)
671,Гомель,Gomel',Russian (Old Orthography)
672,Вѣтка,Vietka,Russian (Old Orthography)
673,Журавичи,Zhuravichi,Russian (Old Orthography)
674,Пропойскъ,"Propoisk""",Russian (Old Orthography)
675,Шкловъ,"Shklov""",Russian (Old Orthography)
676,Плоское,Ploskoe,Russian (Old Orthography)
677,Дубровна,Dubrovna,Russian (Old Orthography)
678,Ляды,Liady,Russian (Old Orthography)
679,Любавичи,Liubavichi,Russian (Old Orthography)
680,Духовщина,Dukhovshchina,Russian (Old Orthography)
681,Дорогобужъ,"Dorogobuzh""",Russian (Old Orthography)
682,Льговъ,"L'gov""",Russian (Old Orthography)
683,Тимъ,"Tim""",Russian (Old Orthography)
684,Щигры,Shchigry,Russian (Old Orthography)
685,Усмань,Usman',Russian (Old Orthography)
686,Демшинскъ,"Demshinsk""",Russian (Old Orthography)
687,Кирсановъ,"Kirsanov""",Russian (Old Orthography)
688,Кадомъ,"Kadom""",Russian (Old Orthography)
689,Воеводское,Voevodskoe,Russian (Old Orthography)
690,Дубровки,Dubrovki,Russian (Old Orthography)
691,Починки,Pochinki,Russian (Old Orthography)
692,Лукояновъ,"Lukoianov""",Russian (Old Orthography)
693,Княгининъ,"Kniaginin""",Russian (Old Orthography)
694,Горицы,Goritsy,Russian (Old Orthography)
695,Балахна,Balakhna,Russian (Old Orthography)
696,Семеновъ,"Semenov""",Russian (Old Orthography)
697,Трубчевскъ,"Trubchevsk""",Russian (Old Orthography)
698,Чернь,Chern',Russian (Old Orthography)
699,Скопинъ,"Skopin""",Russian (Old Orthography)
700,Пронскъ,"Pronsk""",Russian (Old Orthography)
701,Спасъ,"Spas""",Russian (Old Orthography)
702,Старица,Staritsa,Russian (Old Orthography)
703,Слободской,Slobodskoi,Russian (Old Orthography)
704,Яранскъ,"Iaransk""",Russian (Old Orthography)
705,Святогорской,Sviatogorskoi,Russian (Old Orthography)
706,Туринскъ,"Turinsk""",Russian (Old Orthography)
707,Богатый,Bogatyi,Russian (Old Orthography)
708,Боровичи,Borovichi,Russian (Old Orthography)
709,Валдай,Valdai,Russian (Old Orthography)
710,Березинъ,"Berezin""",Russian (Old Orthography)
711,Березовъ,"Berezov""",Russian (Old Orthography)
712,Вышній Волочокъ,"Vyshnіi Volochok""",Russian (Old Orthography)
713,Габзаль,Gabzal',Russian (Old Orthography)
714,Гжать,Gzhat',Russian (Old Orthography)
715,Елисаветъ-Градъ,"Elisavet""-Grad""",Russian (Old Orthography)
716,Зинковъ,"Zinkov""",Russian (Old Orthography)
717,Кириловъ,"Kirilov""",Russian (Old Orthography)
718,Малой Архангельскъ,"Maloi Arkhangel'sk""",Russian (Old Orthography)
719,Малой Ярославецъ,"Maloi Iaroslavets""",Russian (Old Orthography)
720,Мангазея,Mangazeia,Russian (Old Orthography)
721,Мглинъ,"Mglin""",Russian (Old Orthography)
722,Нейшлотъ,"Neishlot""",Russian (Old Orthography)
723,Переславль Залѣской,Pereslavl' Zalieskoi,Russian (Old Orthography)
724,Перновъ,"Pernov""",Russian (Old Orthography)
725,Пудога,Pudoga,Russian (Old Orthography)
726,Ржевъ Володимеровъ,"Rzhev"" Volodimerov""",Russian (Old Orthography)
727,Рѣзыцы,Riezytsy,Russian (Old Orthography)
728,Соль-Галицкая,Sol'-Galitskaia,Russian (Old Orthography)
729,Старой Осколъ,"Staroi Oskol""",Russian (Old Orthography)
730,Устюжна Желѣзопольская,Ustiuzhna Zheliezopol'skaia,Russian (Old Orthography)
731,Фридрихсгамъ,"Fridrikhsgam""",Russian (Old Orthography)
732,Хоперскъ,"Khopersk""",Russian (Old Orthography)
733,Далматовъ,"Dalmatov""",Russian (Old Orthography)
734,Хотьмышскъ,"Khot'myshsk""",Russian (Old Orthography)
735,Чаусы,Chausy,Russian (Old Orthography)
736,Ченбаръ,"Chenbar""",Russian (Old Orthography)
737,Чердынь,Cherdyn',Russian (Old Orthography)
738,Шешкѣевъ,"Sheshkieev""",Russian (Old Orthography)
739,Богородицкъ,"Bogoroditsk""",Russian (Old Orthography)
740,Борисоглѣбской,Borisogliebskoi,Russian (Old Orthography)
741,Красной Колядинъ,"Krasnoi Koliadin""",Russian (Old Orthography)
742,Петропавловской,Petropavlovskoi,Russian (Old Orthography)
743,Успенской,Uspenskoi,Russian (Old Orthography)
744,Старорусский уѣздѣ,Starorusskii uiezdie,Russian (Old Orthography)
745,Любенский уѣздѣ,Liubenskii uiezdie,Russian (Old Orthography)
746,Полтавский уѣздѣ,Poltavskii uiezdie,Russian (Old Orthography)
747,Российская империя,Rossiiskaia imperiia,Russian (Old Orthography)
748,Верховажской,Verkhovazhskoi,Russian (Old Orthography)
749,Верхній Удинскъ,"Verkhnіi Udinsk""",Russian (Old Orthography)
750,Волскъ,"Volsk""",Russian (Old Orthography)
751,Воронцовка,Vorontsovka,Russian (Old Orthography)
752,Выборъ,"Vybor""",Russian (Old Orthography)
753,Александровское,Aleksandrovskoe,Russian (Old Orthography)
754,Вилюйское Верхнее,Viliuiskoe Verkhnee,Russian (Old Orthography)
755,Вознесенской,Voznesenskoi,Russian (Old Orthography)
756,Володимерецъ,"Volodimerets""",Russian (Old Orthography)