ID,place,classification,sourceLink,startDate,endDate,confidence
1,1,1,https://www.zotero.org/jaguillette/items/collectionKey/3KQ5I42Q/itemKey/3S433JSV,1785,1796,confident
2,2,2,https://www.zotero.org/jaguillette/items/collectionKey/3KQ5I42Q/itemKey/3S433JSV,1785,1796,confident
3,3,3,https://www.zotero.org/jaguillette/items/collectionKey/3KQ5I42Q/itemKey/3S433JSV,1785,1796,confident
4,4,4,https://www.zotero.org/jaguillette/items/collectionKey/3KQ5I42Q/itemKey/3S433JSV,1785,1796,confident
5,5,5,https://www.zotero.org/jaguillette/items/collectionKey/3KQ5I42Q/itemKey/3S433JSV,1785,1796,confident
6,6,6,https://www.zotero.org/jaguillette/items/collectionKey/3KQ5I42Q/itemKey/3S433JSV,1785,1796,confident
7,7,7,https://www.zotero.org/jaguillette/items/collectionKey/3KQ5I42Q/itemKey/3S433JSV,1785,1796,confident
8,8,8,https://www.zotero.org/jaguillette/items/collectionKey/3KQ5I42Q/itemKey/3S433JSV,1785,1796,confident
9,9,9,https://www.zotero.org/jaguillette/items/collectionKey/3KQ5I42Q/itemKey/3S433JSV,1785,1796,confident
10,10,10,https://www.zotero.org/jaguillette/items/collectionKey/3KQ5I42Q/itemKey/3S433JSV,1785,1796,confident
11,11,11,https://www.zotero.org/jaguillette/items/collectionKey/3KQ5I42Q/itemKey/3S433JSV,1785,1796,confident
12,12,12,https://www.zotero.org/jaguillette/items/collectionKey/3KQ5I42Q/itemKey/3S433JSV,1785,1796,confident
13,13,13,https://www.zotero.org/jaguillette/items/collectionKey/3KQ5I42Q/itemKey/3S433JSV,1785,1796,confident
14,14,14,https://www.zotero.org/jaguillette/items/collectionKey/3KQ5I42Q/itemKey/3S433JSV,1785,1796,confident
15,15,15,https://www.zotero.org/jaguillette/items/collectionKey/3KQ5I42Q/itemKey/3S433JSV,1785,1796,confident
16,16,16,https://www.zotero.org/jaguillette/items/collectionKey/3KQ5I42Q/itemKey/3S433JSV,1785,1796,confident
17,17,17,https://www.zotero.org/jaguillette/items/collectionKey/3KQ5I42Q/itemKey/3S433JSV,1785,1796,confident
18,18,18,https://www.zotero.org/jaguillette/items/collectionKey/3KQ5I42Q/itemKey/3S433JSV,1785,1796,confident
19,19,19,https://www.zotero.org/jaguillette/items/collectionKey/3KQ5I42Q/itemKey/3S433JSV,1785,1796,confident
20,20,20,https://www.zotero.org/jaguillette/items/collectionKey/3KQ5I42Q/itemKey/3S433JSV,1785,1796,confident
21,21,21,https://www.zotero.org/jaguillette/items/collectionKey/3KQ5I42Q/itemKey/3S433JSV,1785,1796,confident
22,22,22,https://www.zotero.org/jaguillette/items/collectionKey/3KQ5I42Q/itemKey/3S433JSV,1785,1796,confident
23,23,23,https://www.zotero.org/jaguillette/items/collectionKey/3KQ5I42Q/itemKey/3S433JSV,1785,1796,confident
24,24,24,https://www.zotero.org/jaguillette/items/collectionKey/3KQ5I42Q/itemKey/3S433JSV,1785,1796,confident
25,25,25,https://www.zotero.org/jaguillette/items/collectionKey/3KQ5I42Q/itemKey/3S433JSV,1785,1796,confident
26,26,26,https://www.zotero.org/jaguillette/items/collectionKey/3KQ5I42Q/itemKey/3S433JSV,1785,1796,confident
27,27,27,https://www.zotero.org/jaguillette/items/collectionKey/3KQ5I42Q/itemKey/3S433JSV,1785,1796,confident
28,28,28,https://www.zotero.org/jaguillette/items/collectionKey/3KQ5I42Q/itemKey/3S433JSV,1785,1796,confident
29,29,29,https://www.zotero.org/jaguillette/items/collectionKey/3KQ5I42Q/itemKey/3S433JSV,1785,1796,confident
30,30,30,https://www.zotero.org/jaguillette/items/collectionKey/3KQ5I42Q/itemKey/3S433JSV,1785,1796,confident
31,31,31,https://www.zotero.org/jaguillette/items/collectionKey/3KQ5I42Q/itemKey/3S433JSV,1785,1796,confident
32,32,32,https://www.zotero.org/jaguillette/items/collectionKey/3KQ5I42Q/itemKey/3S433JSV,1785,1796,confident
33,33,33,https://www.zotero.org/jaguillette/items/collectionKey/3KQ5I42Q/itemKey/3S433JSV,1785,1796,confident
34,34,34,https://www.zotero.org/jaguillette/items/collectionKey/3KQ5I42Q/itemKey/3S433JSV,1785,1796,confident
35,35,35,https://www.zotero.org/jaguillette/items/collectionKey/3KQ5I42Q/itemKey/3S433JSV,1785,1796,confident
36,36,36,https://www.zotero.org/jaguillette/items/collectionKey/3KQ5I42Q/itemKey/3S433JSV,1785,1796,confident
37,37,37,https://www.zotero.org/jaguillette/items/collectionKey/3KQ5I42Q/itemKey/3S433JSV,1785,1796,confident
38,38,38,https://www.zotero.org/jaguillette/items/collectionKey/3KQ5I42Q/itemKey/3S433JSV,1785,1796,confident
39,39,39,https://www.zotero.org/jaguillette/items/collectionKey/3KQ5I42Q/itemKey/3S433JSV,1785,1796,confident
40,40,40,https://www.zotero.org/jaguillette/items/collectionKey/3KQ5I42Q/itemKey/3S433JSV,1785,1796,confident
41,41,41,https://www.zotero.org/jaguillette/items/collectionKey/3KQ5I42Q/itemKey/3S433JSV,1785,1796,confident
42,42,42,https://www.zotero.org/jaguillette/items/collectionKey/3KQ5I42Q/itemKey/3S433JSV,1785,1796,confident
43,43,43,https://www.zotero.org/jaguillette/items/collectionKey/3KQ5I42Q/itemKey/3S433JSV,1785,1796,confident
44,44,44,https://www.zotero.org/jaguillette/items/collectionKey/3KQ5I42Q/itemKey/3S433JSV,1785,1796,confident
45,45,45,https://www.zotero.org/jaguillette/items/collectionKey/3KQ5I42Q/itemKey/3S433JSV,1785,1796,confident
46,46,46,https://www.zotero.org/jaguillette/items/collectionKey/3KQ5I42Q/itemKey/3S433JSV,1785,1796,confident
47,47,47,https://www.zotero.org/jaguillette/items/collectionKey/3KQ5I42Q/itemKey/3S433JSV,1785,1796,confident
48,48,48,https://www.zotero.org/jaguillette/items/collectionKey/3KQ5I42Q/itemKey/3S433JSV,1785,1796,confident
49,49,49,https://www.zotero.org/jaguillette/items/collectionKey/3KQ5I42Q/itemKey/3S433JSV,1785,1796,confident
50,50,50,https://www.zotero.org/jaguillette/items/collectionKey/3KQ5I42Q/itemKey/3S433JSV,1785,1796,confident
51,51,51,https://www.zotero.org/jaguillette/items/collectionKey/3KQ5I42Q/itemKey/3S433JSV,1785,1796,confident
52,52,52,https://www.zotero.org/jaguillette/items/collectionKey/3KQ5I42Q/itemKey/3S433JSV,1785,1796,confident
53,53,53,https://www.zotero.org/jaguillette/items/collectionKey/3KQ5I42Q/itemKey/3S433JSV,1785,1796,confident
54,54,54,https://www.zotero.org/jaguillette/items/collectionKey/3KQ5I42Q/itemKey/3S433JSV,1785,1796,confident
55,55,55,https://www.zotero.org/jaguillette/items/collectionKey/3KQ5I42Q/itemKey/3S433JSV,1785,1796,confident
56,56,56,https://www.zotero.org/jaguillette/items/collectionKey/3KQ5I42Q/itemKey/3S433JSV,1785,1796,confident
57,57,57,https://www.zotero.org/jaguillette/items/collectionKey/3KQ5I42Q/itemKey/3S433JSV,1785,1796,confident
58,58,58,https://www.zotero.org/jaguillette/items/collectionKey/3KQ5I42Q/itemKey/3S433JSV,1785,1796,confident
59,59,59,https://www.zotero.org/jaguillette/items/collectionKey/3KQ5I42Q/itemKey/3S433JSV,1785,1796,confident
60,60,60,https://www.zotero.org/jaguillette/items/collectionKey/3KQ5I42Q/itemKey/3S433JSV,1785,1796,confident
61,61,61,https://www.zotero.org/jaguillette/items/collectionKey/3KQ5I42Q/itemKey/3S433JSV,1785,1796,confident
62,62,62,https://www.zotero.org/jaguillette/items/collectionKey/3KQ5I42Q/itemKey/3S433JSV,1785,1796,confident
63,63,63,https://www.zotero.org/jaguillette/items/collectionKey/3KQ5I42Q/itemKey/3S433JSV,1785,1796,confident
64,64,64,https://www.zotero.org/jaguillette/items/collectionKey/3KQ5I42Q/itemKey/3S433JSV,1785,1796,confident
65,65,65,https://www.zotero.org/jaguillette/items/collectionKey/3KQ5I42Q/itemKey/3S433JSV,1785,1796,confident
66,66,66,https://www.zotero.org/jaguillette/items/collectionKey/3KQ5I42Q/itemKey/3S433JSV,1785,1796,confident
67,67,67,https://www.zotero.org/jaguillette/items/collectionKey/3KQ5I42Q/itemKey/3S433JSV,1785,1796,confident
68,68,68,https://www.zotero.org/jaguillette/items/collectionKey/3KQ5I42Q/itemKey/3S433JSV,1785,1796,confident
69,69,69,https://www.zotero.org/jaguillette/items/collectionKey/3KQ5I42Q/itemKey/3S433JSV,1785,1796,confident
70,70,70,https://www.zotero.org/jaguillette/items/collectionKey/3KQ5I42Q/itemKey/3S433JSV,1785,1796,confident
71,71,71,https://www.zotero.org/jaguillette/items/collectionKey/3KQ5I42Q/itemKey/3S433JSV,1785,1796,confident
72,72,72,https://www.zotero.org/jaguillette/items/collectionKey/3KQ5I42Q/itemKey/3S433JSV,1785,1796,confident
73,73,73,https://www.zotero.org/jaguillette/items/collectionKey/3KQ5I42Q/itemKey/3S433JSV,1785,1796,confident
74,74,74,https://www.zotero.org/jaguillette/items/collectionKey/3KQ5I42Q/itemKey/3S433JSV,1785,1796,confident
75,75,75,https://www.zotero.org/jaguillette/items/collectionKey/3KQ5I42Q/itemKey/3S433JSV,1785,1796,confident
76,76,76,https://www.zotero.org/jaguillette/items/collectionKey/3KQ5I42Q/itemKey/3S433JSV,1785,1796,confident
77,77,77,https://www.zotero.org/jaguillette/items/collectionKey/3KQ5I42Q/itemKey/3S433JSV,1785,1796,confident
78,78,78,https://www.zotero.org/jaguillette/items/collectionKey/3KQ5I42Q/itemKey/3S433JSV,1785,1796,confident
79,79,79,https://www.zotero.org/jaguillette/items/collectionKey/3KQ5I42Q/itemKey/3S433JSV,1785,1796,confident
80,80,80,https://www.zotero.org/jaguillette/items/collectionKey/3KQ5I42Q/itemKey/3S433JSV,1785,1796,confident
81,81,81,https://www.zotero.org/jaguillette/items/collectionKey/3KQ5I42Q/itemKey/3S433JSV,1785,1796,confident
82,82,82,https://www.zotero.org/jaguillette/items/collectionKey/3KQ5I42Q/itemKey/3S433JSV,1785,1796,confident
83,83,83,https://www.zotero.org/jaguillette/items/collectionKey/3KQ5I42Q/itemKey/3S433JSV,1785,1796,confident
84,84,84,https://www.zotero.org/jaguillette/items/collectionKey/3KQ5I42Q/itemKey/3S433JSV,1785,1796,confident
85,85,85,https://www.zotero.org/jaguillette/items/collectionKey/3KQ5I42Q/itemKey/3S433JSV,1785,1796,confident
86,86,86,https://www.zotero.org/jaguillette/items/collectionKey/3KQ5I42Q/itemKey/3S433JSV,1785,1796,confident
87,87,87,https://www.zotero.org/jaguillette/items/collectionKey/3KQ5I42Q/itemKey/3S433JSV,1785,1796,confident
88,88,88,https://www.zotero.org/jaguillette/items/collectionKey/3KQ5I42Q/itemKey/3S433JSV,1785,1796,confident
89,89,89,https://www.zotero.org/jaguillette/items/collectionKey/3KQ5I42Q/itemKey/3S433JSV,1785,1796,confident
90,90,90,https://www.zotero.org/jaguillette/items/collectionKey/3KQ5I42Q/itemKey/3S433JSV,1785,1796,confident
91,91,91,https://www.zotero.org/jaguillette/items/collectionKey/3KQ5I42Q/itemKey/3S433JSV,1785,1796,confident
92,92,92,https://www.zotero.org/jaguillette/items/collectionKey/3KQ5I42Q/itemKey/3S433JSV,1785,1796,confident
93,93,93,https://www.zotero.org/jaguillette/items/collectionKey/3KQ5I42Q/itemKey/3S433JSV,1785,1796,confident
94,94,94,https://www.zotero.org/jaguillette/items/collectionKey/3KQ5I42Q/itemKey/3S433JSV,1785,1796,confident
95,95,95,https://www.zotero.org/jaguillette/items/collectionKey/3KQ5I42Q/itemKey/3S433JSV,1785,1796,confident
96,96,96,https://www.zotero.org/jaguillette/items/collectionKey/3KQ5I42Q/itemKey/3S433JSV,1785,1796,confident
97,97,97,https://www.zotero.org/jaguillette/items/collectionKey/3KQ5I42Q/itemKey/3S433JSV,1785,1796,confident
98,98,98,https://www.zotero.org/jaguillette/items/collectionKey/3KQ5I42Q/itemKey/3S433JSV,1785,1796,confident
99,99,99,https://www.zotero.org/jaguillette/items/collectionKey/3KQ5I42Q/itemKey/3S433JSV,1785,1796,confident
100,100,100,https://www.zotero.org/jaguillette/items/collectionKey/3KQ5I42Q/itemKey/3S433JSV,1785,1796,confident
101,101,101,https://www.zotero.org/jaguillette/items/collectionKey/3KQ5I42Q/itemKey/3S433JSV,1785,1796,confident
102,102,102,https://www.zotero.org/jaguillette/items/collectionKey/3KQ5I42Q/itemKey/3S433JSV,1785,1796,confident
103,103,103,https://www.zotero.org/jaguillette/items/collectionKey/3KQ5I42Q/itemKey/3S433JSV,1785,1796,confident
104,104,104,https://www.zotero.org/jaguillette/items/collectionKey/3KQ5I42Q/itemKey/3S433JSV,1785,1796,confident
105,105,105,https://www.zotero.org/jaguillette/items/collectionKey/3KQ5I42Q/itemKey/3S433JSV,1785,1796,confident
106,106,106,https://www.zotero.org/jaguillette/items/collectionKey/3KQ5I42Q/itemKey/3S433JSV,1785,1796,confident
107,107,107,https://www.zotero.org/jaguillette/items/collectionKey/3KQ5I42Q/itemKey/3S433JSV,1785,1796,confident
108,108,108,https://www.zotero.org/jaguillette/items/collectionKey/3KQ5I42Q/itemKey/3S433JSV,1785,1796,confident
109,109,109,https://www.zotero.org/jaguillette/items/collectionKey/3KQ5I42Q/itemKey/3S433JSV,1785,1796,confident
110,110,110,https://www.zotero.org/jaguillette/items/collectionKey/3KQ5I42Q/itemKey/3S433JSV,1785,1796,confident
111,111,111,https://www.zotero.org/jaguillette/items/collectionKey/3KQ5I42Q/itemKey/3S433JSV,1785,1796,confident
112,112,112,https://www.zotero.org/jaguillette/items/collectionKey/3KQ5I42Q/itemKey/3S433JSV,1785,1796,confident
113,113,113,https://www.zotero.org/jaguillette/items/collectionKey/3KQ5I42Q/itemKey/3S433JSV,1785,1796,confident
114,114,114,https://www.zotero.org/jaguillette/items/collectionKey/3KQ5I42Q/itemKey/3S433JSV,1785,1796,confident
115,115,115,https://www.zotero.org/jaguillette/items/collectionKey/3KQ5I42Q/itemKey/3S433JSV,1785,1796,confident
116,116,116,https://www.zotero.org/jaguillette/items/collectionKey/3KQ5I42Q/itemKey/3S433JSV,1785,1796,confident
117,117,117,https://www.zotero.org/jaguillette/items/collectionKey/3KQ5I42Q/itemKey/3S433JSV,1785,1796,confident
118,118,118,https://www.zotero.org/jaguillette/items/collectionKey/3KQ5I42Q/itemKey/3S433JSV,1785,1796,confident
119,119,119,https://www.zotero.org/jaguillette/items/collectionKey/3KQ5I42Q/itemKey/3S433JSV,1785,1796,confident
120,120,120,https://www.zotero.org/jaguillette/items/collectionKey/3KQ5I42Q/itemKey/3S433JSV,1785,1796,confident
121,121,121,https://www.zotero.org/jaguillette/items/collectionKey/3KQ5I42Q/itemKey/3S433JSV,1785,1796,confident
122,122,122,https://www.zotero.org/jaguillette/items/collectionKey/3KQ5I42Q/itemKey/3S433JSV,1785,1796,confident
123,123,123,https://www.zotero.org/jaguillette/items/collectionKey/3KQ5I42Q/itemKey/3S433JSV,1785,1796,confident
124,124,124,https://www.zotero.org/jaguillette/items/collectionKey/3KQ5I42Q/itemKey/3S433JSV,1785,1796,confident
125,125,125,https://www.zotero.org/jaguillette/items/collectionKey/3KQ5I42Q/itemKey/3S433JSV,1785,1796,confident
126,126,126,https://www.zotero.org/jaguillette/items/collectionKey/3KQ5I42Q/itemKey/3S433JSV,1785,1796,confident
127,127,127,https://www.zotero.org/jaguillette/items/collectionKey/3KQ5I42Q/itemKey/3S433JSV,1785,1796,confident
128,128,128,https://www.zotero.org/jaguillette/items/collectionKey/3KQ5I42Q/itemKey/3S433JSV,1785,1796,confident
129,129,129,https://www.zotero.org/jaguillette/items/collectionKey/3KQ5I42Q/itemKey/3S433JSV,1785,1796,confident
130,130,130,https://www.zotero.org/jaguillette/items/collectionKey/3KQ5I42Q/itemKey/3S433JSV,1785,1796,confident
131,131,131,https://www.zotero.org/jaguillette/items/collectionKey/3KQ5I42Q/itemKey/3S433JSV,1785,1796,confident
132,132,132,https://www.zotero.org/jaguillette/items/collectionKey/3KQ5I42Q/itemKey/3S433JSV,1785,1796,confident
133,133,133,https://www.zotero.org/jaguillette/items/collectionKey/3KQ5I42Q/itemKey/3S433JSV,1785,1796,confident
134,134,134,https://www.zotero.org/jaguillette/items/collectionKey/3KQ5I42Q/itemKey/3S433JSV,1785,1796,confident
135,135,135,https://www.zotero.org/jaguillette/items/collectionKey/3KQ5I42Q/itemKey/3S433JSV,1785,1796,confident
136,136,136,https://www.zotero.org/jaguillette/items/collectionKey/3KQ5I42Q/itemKey/3S433JSV,1785,1796,confident
137,137,137,https://www.zotero.org/jaguillette/items/collectionKey/3KQ5I42Q/itemKey/3S433JSV,1785,1796,confident
138,138,138,https://www.zotero.org/jaguillette/items/collectionKey/3KQ5I42Q/itemKey/3S433JSV,1785,1796,confident
139,139,139,https://www.zotero.org/jaguillette/items/collectionKey/3KQ5I42Q/itemKey/3S433JSV,1785,1796,confident
140,140,140,https://www.zotero.org/jaguillette/items/collectionKey/3KQ5I42Q/itemKey/3S433JSV,1785,1796,confident
141,141,141,https://www.zotero.org/jaguillette/items/collectionKey/3KQ5I42Q/itemKey/3S433JSV,1785,1796,confident
142,142,142,https://www.zotero.org/jaguillette/items/collectionKey/3KQ5I42Q/itemKey/3S433JSV,1785,1796,confident
143,143,143,https://www.zotero.org/jaguillette/items/collectionKey/3KQ5I42Q/itemKey/3S433JSV,1785,1796,confident
144,144,144,https://www.zotero.org/jaguillette/items/collectionKey/3KQ5I42Q/itemKey/3S433JSV,1785,1796,confident
145,145,145,https://www.zotero.org/jaguillette/items/collectionKey/3KQ5I42Q/itemKey/3S433JSV,1785,1796,confident
146,147,146,https://www.zotero.org/jaguillette/items/collectionKey/3KQ5I42Q/itemKey/3S433JSV,1785,1796,confident
147,148,147,https://www.zotero.org/jaguillette/items/collectionKey/3KQ5I42Q/itemKey/3S433JSV,1785,1796,confident
148,149,148,https://www.zotero.org/jaguillette/items/collectionKey/3KQ5I42Q/itemKey/3S433JSV,1785,1796,confident
149,150,149,https://www.zotero.org/jaguillette/items/collectionKey/3KQ5I42Q/itemKey/3S433JSV,1785,1796,confident
150,151,150,https://www.zotero.org/jaguillette/items/collectionKey/3KQ5I42Q/itemKey/3S433JSV,1785,1796,confident
151,152,151,https://www.zotero.org/jaguillette/items/collectionKey/3KQ5I42Q/itemKey/3S433JSV,1785,1796,confident
152,153,152,https://www.zotero.org/jaguillette/items/collectionKey/3KQ5I42Q/itemKey/3S433JSV,1785,1796,confident
153,155,153,https://www.zotero.org/jaguillette/items/collectionKey/3KQ5I42Q/itemKey/3S433JSV,1785,1796,confident
154,156,154,https://www.zotero.org/jaguillette/items/collectionKey/3KQ5I42Q/itemKey/3S433JSV,1785,1796,confident
155,157,155,https://www.zotero.org/jaguillette/items/collectionKey/3KQ5I42Q/itemKey/3S433JSV,1785,1796,confident
156,158,156,https://www.zotero.org/jaguillette/items/collectionKey/3KQ5I42Q/itemKey/3S433JSV,1785,1796,confident
157,159,157,https://www.zotero.org/jaguillette/items/collectionKey/3KQ5I42Q/itemKey/3S433JSV,1785,1796,confident
158,160,158,https://www.zotero.org/jaguillette/items/collectionKey/3KQ5I42Q/itemKey/3S433JSV,1785,1796,confident
159,161,159,https://www.zotero.org/jaguillette/items/collectionKey/3KQ5I42Q/itemKey/3S433JSV,1785,1796,confident
160,162,160,https://www.zotero.org/jaguillette/items/collectionKey/3KQ5I42Q/itemKey/3S433JSV,1785,1796,confident
161,163,161,https://www.zotero.org/jaguillette/items/collectionKey/3KQ5I42Q/itemKey/3S433JSV,1785,1796,confident
162,164,162,https://www.zotero.org/jaguillette/items/collectionKey/3KQ5I42Q/itemKey/3S433JSV,1785,1796,confident
163,165,163,https://www.zotero.org/jaguillette/items/collectionKey/3KQ5I42Q/itemKey/3S433JSV,1785,1796,confident
164,166,164,https://www.zotero.org/jaguillette/items/collectionKey/3KQ5I42Q/itemKey/3S433JSV,1785,1796,confident
165,167,165,https://www.zotero.org/jaguillette/items/collectionKey/3KQ5I42Q/itemKey/3S433JSV,1785,1796,confident
166,168,166,https://www.zotero.org/jaguillette/items/collectionKey/3KQ5I42Q/itemKey/3S433JSV,1785,1796,confident
167,169,167,https://www.zotero.org/jaguillette/items/collectionKey/3KQ5I42Q/itemKey/3S433JSV,1785,1796,confident
168,170,168,https://www.zotero.org/jaguillette/items/collectionKey/3KQ5I42Q/itemKey/3S433JSV,1785,1796,confident
169,171,169,https://www.zotero.org/jaguillette/items/collectionKey/3KQ5I42Q/itemKey/3S433JSV,1785,1796,confident
170,172,170,https://www.zotero.org/jaguillette/items/collectionKey/3KQ5I42Q/itemKey/3S433JSV,1785,1796,confident
171,173,171,https://www.zotero.org/jaguillette/items/collectionKey/3KQ5I42Q/itemKey/3S433JSV,1785,1796,confident
172,174,172,https://www.zotero.org/jaguillette/items/collectionKey/3KQ5I42Q/itemKey/3S433JSV,1785,1796,confident
173,175,173,https://www.zotero.org/jaguillette/items/collectionKey/3KQ5I42Q/itemKey/3S433JSV,1785,1796,confident
174,176,174,https://www.zotero.org/jaguillette/items/collectionKey/3KQ5I42Q/itemKey/3S433JSV,1785,1796,confident
175,177,175,https://www.zotero.org/jaguillette/items/collectionKey/3KQ5I42Q/itemKey/3S433JSV,1785,1796,confident
176,178,176,https://www.zotero.org/jaguillette/items/collectionKey/3KQ5I42Q/itemKey/3S433JSV,1785,1796,confident
177,179,177,https://www.zotero.org/jaguillette/items/collectionKey/3KQ5I42Q/itemKey/3S433JSV,1785,1796,confident
178,180,178,https://www.zotero.org/jaguillette/items/collectionKey/3KQ5I42Q/itemKey/3S433JSV,1785,1796,confident
179,181,179,https://www.zotero.org/jaguillette/items/collectionKey/3KQ5I42Q/itemKey/3S433JSV,1785,1796,confident
180,182,180,https://www.zotero.org/jaguillette/items/collectionKey/3KQ5I42Q/itemKey/3S433JSV,1785,1796,confident
181,183,181,https://www.zotero.org/jaguillette/items/collectionKey/3KQ5I42Q/itemKey/3S433JSV,1785,1796,confident
182,184,182,https://www.zotero.org/jaguillette/items/collectionKey/3KQ5I42Q/itemKey/3S433JSV,1785,1796,confident
183,185,183,https://www.zotero.org/jaguillette/items/collectionKey/3KQ5I42Q/itemKey/3S433JSV,1785,1796,confident
184,186,184,https://www.zotero.org/jaguillette/items/collectionKey/3KQ5I42Q/itemKey/3S433JSV,1785,1796,confident
185,187,185,https://www.zotero.org/jaguillette/items/collectionKey/3KQ5I42Q/itemKey/3S433JSV,1785,1796,confident
186,188,186,https://www.zotero.org/jaguillette/items/collectionKey/3KQ5I42Q/itemKey/3S433JSV,1785,1796,confident
187,189,187,https://www.zotero.org/jaguillette/items/collectionKey/3KQ5I42Q/itemKey/3S433JSV,1785,1796,confident
188,190,188,https://www.zotero.org/jaguillette/items/collectionKey/3KQ5I42Q/itemKey/3S433JSV,1785,1796,confident
189,191,189,https://www.zotero.org/jaguillette/items/collectionKey/3KQ5I42Q/itemKey/3S433JSV,1785,1796,confident
190,192,190,https://www.zotero.org/jaguillette/items/collectionKey/3KQ5I42Q/itemKey/3S433JSV,1785,1796,confident
191,193,191,https://www.zotero.org/jaguillette/items/collectionKey/3KQ5I42Q/itemKey/3S433JSV,1785,1796,confident
192,194,192,https://www.zotero.org/jaguillette/items/collectionKey/3KQ5I42Q/itemKey/3S433JSV,1785,1796,confident
193,195,193,https://www.zotero.org/jaguillette/items/collectionKey/3KQ5I42Q/itemKey/3S433JSV,1785,1796,confident
194,196,194,https://www.zotero.org/jaguillette/items/collectionKey/3KQ5I42Q/itemKey/3S433JSV,1785,1796,confident
195,197,195,https://www.zotero.org/jaguillette/items/collectionKey/3KQ5I42Q/itemKey/3S433JSV,1785,1796,confident
196,198,196,https://www.zotero.org/jaguillette/items/collectionKey/3KQ5I42Q/itemKey/3S433JSV,1785,1796,confident
197,199,197,https://www.zotero.org/jaguillette/items/collectionKey/3KQ5I42Q/itemKey/3S433JSV,1785,1796,confident
198,200,198,https://www.zotero.org/jaguillette/items/collectionKey/3KQ5I42Q/itemKey/3S433JSV,1785,1796,confident
199,201,199,https://www.zotero.org/jaguillette/items/collectionKey/3KQ5I42Q/itemKey/3S433JSV,1785,1796,confident
200,202,200,https://www.zotero.org/jaguillette/items/collectionKey/3KQ5I42Q/itemKey/3S433JSV,1785,1796,confident
201,203,201,https://www.zotero.org/jaguillette/items/collectionKey/3KQ5I42Q/itemKey/3S433JSV,1785,1796,confident
202,204,202,https://www.zotero.org/jaguillette/items/collectionKey/3KQ5I42Q/itemKey/3S433JSV,1785,1796,confident
203,205,203,https://www.zotero.org/jaguillette/items/collectionKey/3KQ5I42Q/itemKey/3S433JSV,1785,1796,confident
204,206,204,https://www.zotero.org/jaguillette/items/collectionKey/3KQ5I42Q/itemKey/3S433JSV,1785,1796,confident
205,207,205,https://www.zotero.org/jaguillette/items/collectionKey/3KQ5I42Q/itemKey/3S433JSV,1785,1796,confident
206,208,206,https://www.zotero.org/jaguillette/items/collectionKey/3KQ5I42Q/itemKey/3S433JSV,1785,1796,confident
207,209,207,https://www.zotero.org/jaguillette/items/collectionKey/3KQ5I42Q/itemKey/3S433JSV,1785,1796,confident
208,210,208,https://www.zotero.org/jaguillette/items/collectionKey/3KQ5I42Q/itemKey/3S433JSV,1785,1796,confident
209,211,209,https://www.zotero.org/jaguillette/items/collectionKey/3KQ5I42Q/itemKey/3S433JSV,1785,1796,confident
210,212,210,https://www.zotero.org/jaguillette/items/collectionKey/3KQ5I42Q/itemKey/3S433JSV,1785,1796,confident
211,213,211,https://www.zotero.org/jaguillette/items/collectionKey/3KQ5I42Q/itemKey/3S433JSV,1785,1796,confident
212,214,212,https://www.zotero.org/jaguillette/items/collectionKey/3KQ5I42Q/itemKey/3S433JSV,1785,1796,confident
213,215,213,https://www.zotero.org/jaguillette/items/collectionKey/3KQ5I42Q/itemKey/3S433JSV,1785,1796,confident
214,216,214,https://www.zotero.org/jaguillette/items/collectionKey/3KQ5I42Q/itemKey/3S433JSV,1785,1796,confident
215,217,215,https://www.zotero.org/jaguillette/items/collectionKey/3KQ5I42Q/itemKey/3S433JSV,1785,1796,confident
216,218,216,https://www.zotero.org/jaguillette/items/collectionKey/3KQ5I42Q/itemKey/3S433JSV,1785,1796,confident
217,219,217,https://www.zotero.org/jaguillette/items/collectionKey/3KQ5I42Q/itemKey/3S433JSV,1785,1796,confident
218,220,218,https://www.zotero.org/jaguillette/items/collectionKey/3KQ5I42Q/itemKey/3S433JSV,1785,1796,confident
219,221,219,https://www.zotero.org/jaguillette/items/collectionKey/3KQ5I42Q/itemKey/3S433JSV,1785,1796,confident
220,222,220,https://www.zotero.org/jaguillette/items/collectionKey/3KQ5I42Q/itemKey/3S433JSV,1785,1796,confident
221,223,221,https://www.zotero.org/jaguillette/items/collectionKey/3KQ5I42Q/itemKey/3S433JSV,1785,1796,confident
222,224,222,https://www.zotero.org/jaguillette/items/collectionKey/3KQ5I42Q/itemKey/3S433JSV,1785,1796,confident
223,225,223,https://www.zotero.org/jaguillette/items/collectionKey/3KQ5I42Q/itemKey/3S433JSV,1785,1796,confident
224,226,224,https://www.zotero.org/jaguillette/items/collectionKey/3KQ5I42Q/itemKey/3S433JSV,1785,1796,confident
225,227,225,https://www.zotero.org/jaguillette/items/collectionKey/3KQ5I42Q/itemKey/3S433JSV,1785,1796,confident
226,228,226,https://www.zotero.org/jaguillette/items/collectionKey/3KQ5I42Q/itemKey/3S433JSV,1785,1796,confident
227,229,227,https://www.zotero.org/jaguillette/items/collectionKey/3KQ5I42Q/itemKey/3S433JSV,1785,1796,confident
228,230,228,https://www.zotero.org/jaguillette/items/collectionKey/3KQ5I42Q/itemKey/3S433JSV,1785,1796,confident
229,231,229,https://www.zotero.org/jaguillette/items/collectionKey/3KQ5I42Q/itemKey/3S433JSV,1785,1796,confident
230,232,230,https://www.zotero.org/jaguillette/items/collectionKey/3KQ5I42Q/itemKey/3S433JSV,1785,1796,confident
231,233,231,https://www.zotero.org/jaguillette/items/collectionKey/3KQ5I42Q/itemKey/3S433JSV,1785,1796,confident
232,234,232,https://www.zotero.org/jaguillette/items/collectionKey/3KQ5I42Q/itemKey/3S433JSV,1785,1796,confident
233,235,233,https://www.zotero.org/jaguillette/items/collectionKey/3KQ5I42Q/itemKey/3S433JSV,1785,1796,confident
234,236,234,https://www.zotero.org/jaguillette/items/collectionKey/3KQ5I42Q/itemKey/3S433JSV,1785,1796,confident
235,237,235,https://www.zotero.org/jaguillette/items/collectionKey/3KQ5I42Q/itemKey/3S433JSV,1785,1796,confident
236,238,236,https://www.zotero.org/jaguillette/items/collectionKey/3KQ5I42Q/itemKey/3S433JSV,1785,1796,confident
237,239,237,https://www.zotero.org/jaguillette/items/collectionKey/3KQ5I42Q/itemKey/3S433JSV,1785,1796,confident
238,240,238,https://www.zotero.org/jaguillette/items/collectionKey/3KQ5I42Q/itemKey/3S433JSV,1785,1796,confident
239,241,239,https://www.zotero.org/jaguillette/items/collectionKey/3KQ5I42Q/itemKey/3S433JSV,1785,1796,confident
240,242,240,https://www.zotero.org/jaguillette/items/collectionKey/3KQ5I42Q/itemKey/3S433JSV,1785,1796,confident
241,243,241,https://www.zotero.org/jaguillette/items/collectionKey/3KQ5I42Q/itemKey/3S433JSV,1785,1796,confident
242,244,242,https://www.zotero.org/jaguillette/items/collectionKey/3KQ5I42Q/itemKey/3S433JSV,1785,1796,confident
243,245,243,https://www.zotero.org/jaguillette/items/collectionKey/3KQ5I42Q/itemKey/3S433JSV,1785,1796,confident
244,246,244,https://www.zotero.org/jaguillette/items/collectionKey/3KQ5I42Q/itemKey/3S433JSV,1785,1796,confident
245,247,245,https://www.zotero.org/jaguillette/items/collectionKey/3KQ5I42Q/itemKey/3S433JSV,1785,1796,confident
246,248,246,https://www.zotero.org/jaguillette/items/collectionKey/3KQ5I42Q/itemKey/3S433JSV,1785,1796,confident
247,249,247,https://www.zotero.org/jaguillette/items/collectionKey/3KQ5I42Q/itemKey/3S433JSV,1785,1796,confident
248,250,248,https://www.zotero.org/jaguillette/items/collectionKey/3KQ5I42Q/itemKey/3S433JSV,1785,1796,confident
249,251,249,https://www.zotero.org/jaguillette/items/collectionKey/3KQ5I42Q/itemKey/3S433JSV,1785,1796,confident
250,252,250,https://www.zotero.org/jaguillette/items/collectionKey/3KQ5I42Q/itemKey/3S433JSV,1785,1796,confident
251,253,251,https://www.zotero.org/jaguillette/items/collectionKey/3KQ5I42Q/itemKey/3S433JSV,1785,1796,confident
252,254,252,https://www.zotero.org/jaguillette/items/collectionKey/3KQ5I42Q/itemKey/3S433JSV,1785,1796,confident
253,255,253,https://www.zotero.org/jaguillette/items/collectionKey/3KQ5I42Q/itemKey/3S433JSV,1785,1796,confident
254,256,254,https://www.zotero.org/jaguillette/items/collectionKey/3KQ5I42Q/itemKey/3S433JSV,1785,1796,confident
255,257,255,https://www.zotero.org/jaguillette/items/collectionKey/3KQ5I42Q/itemKey/3S433JSV,1785,1796,confident
256,258,256,https://www.zotero.org/jaguillette/items/collectionKey/3KQ5I42Q/itemKey/3S433JSV,1785,1796,confident
257,259,257,https://www.zotero.org/jaguillette/items/collectionKey/3KQ5I42Q/itemKey/3S433JSV,1785,1796,confident
258,260,258,https://www.zotero.org/jaguillette/items/collectionKey/3KQ5I42Q/itemKey/3S433JSV,1785,1796,confident
259,261,259,https://www.zotero.org/jaguillette/items/collectionKey/3KQ5I42Q/itemKey/3S433JSV,1785,1796,confident
260,262,260,https://www.zotero.org/jaguillette/items/collectionKey/3KQ5I42Q/itemKey/3S433JSV,1785,1796,confident
261,263,261,https://www.zotero.org/jaguillette/items/collectionKey/3KQ5I42Q/itemKey/3S433JSV,1785,1796,confident
262,264,262,https://www.zotero.org/jaguillette/items/collectionKey/3KQ5I42Q/itemKey/3S433JSV,1785,1796,confident
263,265,263,https://www.zotero.org/jaguillette/items/collectionKey/3KQ5I42Q/itemKey/3S433JSV,1785,1796,confident
264,266,264,https://www.zotero.org/jaguillette/items/collectionKey/3KQ5I42Q/itemKey/3S433JSV,1785,1796,confident
265,267,265,https://www.zotero.org/jaguillette/items/collectionKey/3KQ5I42Q/itemKey/3S433JSV,1785,1796,confident
266,268,266,https://www.zotero.org/jaguillette/items/collectionKey/3KQ5I42Q/itemKey/3S433JSV,1785,1796,confident
267,269,267,https://www.zotero.org/jaguillette/items/collectionKey/3KQ5I42Q/itemKey/3S433JSV,1785,1796,confident
268,270,268,https://www.zotero.org/jaguillette/items/collectionKey/3KQ5I42Q/itemKey/3S433JSV,1785,1796,confident
269,271,269,https://www.zotero.org/jaguillette/items/collectionKey/3KQ5I42Q/itemKey/3S433JSV,1785,1796,confident
270,272,270,https://www.zotero.org/jaguillette/items/collectionKey/3KQ5I42Q/itemKey/3S433JSV,1785,1796,confident
271,273,271,https://www.zotero.org/jaguillette/items/collectionKey/3KQ5I42Q/itemKey/3S433JSV,1785,1796,confident
272,274,272,https://www.zotero.org/jaguillette/items/collectionKey/3KQ5I42Q/itemKey/3S433JSV,1785,1796,confident
273,275,273,https://www.zotero.org/jaguillette/items/collectionKey/3KQ5I42Q/itemKey/3S433JSV,1785,1796,confident
274,276,274,https://www.zotero.org/jaguillette/items/collectionKey/3KQ5I42Q/itemKey/3S433JSV,1785,1796,confident
275,277,275,https://www.zotero.org/jaguillette/items/collectionKey/3KQ5I42Q/itemKey/3S433JSV,1785,1796,confident
276,278,276,https://www.zotero.org/jaguillette/items/collectionKey/3KQ5I42Q/itemKey/3S433JSV,1785,1796,confident
277,279,277,https://www.zotero.org/jaguillette/items/collectionKey/3KQ5I42Q/itemKey/3S433JSV,1785,1796,confident
278,280,278,https://www.zotero.org/jaguillette/items/collectionKey/3KQ5I42Q/itemKey/3S433JSV,1785,1796,confident
279,282,279,https://www.zotero.org/jaguillette/items/collectionKey/3KQ5I42Q/itemKey/3S433JSV,1785,1796,confident
280,283,280,https://www.zotero.org/jaguillette/items/collectionKey/3KQ5I42Q/itemKey/3S433JSV,1785,1796,confident
281,284,281,https://www.zotero.org/jaguillette/items/collectionKey/3KQ5I42Q/itemKey/3S433JSV,1785,1796,confident
282,285,282,https://www.zotero.org/jaguillette/items/collectionKey/3KQ5I42Q/itemKey/3S433JSV,1785,1796,confident
283,286,283,https://www.zotero.org/jaguillette/items/collectionKey/3KQ5I42Q/itemKey/3S433JSV,1785,1796,confident
284,287,284,https://www.zotero.org/jaguillette/items/collectionKey/3KQ5I42Q/itemKey/3S433JSV,1785,1796,confident
285,288,285,https://www.zotero.org/jaguillette/items/collectionKey/3KQ5I42Q/itemKey/3S433JSV,1785,1796,confident
286,289,286,https://www.zotero.org/jaguillette/items/collectionKey/3KQ5I42Q/itemKey/3S433JSV,1785,1796,confident
287,290,287,https://www.zotero.org/jaguillette/items/collectionKey/3KQ5I42Q/itemKey/3S433JSV,1785,1796,confident
288,291,288,https://www.zotero.org/jaguillette/items/collectionKey/3KQ5I42Q/itemKey/3S433JSV,1785,1796,confident
289,292,289,https://www.zotero.org/jaguillette/items/collectionKey/3KQ5I42Q/itemKey/3S433JSV,1785,1796,confident
290,293,290,https://www.zotero.org/jaguillette/items/collectionKey/3KQ5I42Q/itemKey/3S433JSV,1785,1796,confident
291,294,291,https://www.zotero.org/jaguillette/items/collectionKey/3KQ5I42Q/itemKey/3S433JSV,1785,1796,confident
292,295,292,https://www.zotero.org/jaguillette/items/collectionKey/3KQ5I42Q/itemKey/3S433JSV,1785,1796,confident
293,296,293,https://www.zotero.org/jaguillette/items/collectionKey/3KQ5I42Q/itemKey/3S433JSV,1785,1796,confident
294,297,294,https://www.zotero.org/jaguillette/items/collectionKey/3KQ5I42Q/itemKey/3S433JSV,1785,1796,confident
295,298,295,https://www.zotero.org/jaguillette/items/collectionKey/3KQ5I42Q/itemKey/3S433JSV,1785,1796,confident
296,299,296,https://www.zotero.org/jaguillette/items/collectionKey/3KQ5I42Q/itemKey/3S433JSV,1785,1796,confident
297,300,297,https://www.zotero.org/jaguillette/items/collectionKey/3KQ5I42Q/itemKey/3S433JSV,1785,1796,confident
298,301,298,https://www.zotero.org/jaguillette/items/collectionKey/3KQ5I42Q/itemKey/3S433JSV,1785,1796,confident
299,302,299,https://www.zotero.org/jaguillette/items/collectionKey/3KQ5I42Q/itemKey/3S433JSV,1785,1796,confident
300,303,300,https://www.zotero.org/jaguillette/items/collectionKey/3KQ5I42Q/itemKey/3S433JSV,1785,1796,confident
301,304,301,https://www.zotero.org/jaguillette/items/collectionKey/3KQ5I42Q/itemKey/3S433JSV,1785,1796,confident
302,305,302,https://www.zotero.org/jaguillette/items/collectionKey/3KQ5I42Q/itemKey/3S433JSV,1785,1796,confident
303,306,303,https://www.zotero.org/jaguillette/items/collectionKey/3KQ5I42Q/itemKey/3S433JSV,1785,1796,confident
304,307,304,https://www.zotero.org/jaguillette/items/collectionKey/3KQ5I42Q/itemKey/3S433JSV,1785,1796,confident
305,308,305,https://www.zotero.org/jaguillette/items/collectionKey/3KQ5I42Q/itemKey/3S433JSV,1785,1796,confident
306,309,306,https://www.zotero.org/jaguillette/items/collectionKey/3KQ5I42Q/itemKey/3S433JSV,1785,1796,confident
307,310,307,https://www.zotero.org/jaguillette/items/collectionKey/3KQ5I42Q/itemKey/3S433JSV,1785,1796,confident
308,311,308,https://www.zotero.org/jaguillette/items/collectionKey/3KQ5I42Q/itemKey/3S433JSV,1785,1796,confident
309,312,309,https://www.zotero.org/jaguillette/items/collectionKey/3KQ5I42Q/itemKey/3S433JSV,1785,1796,confident
310,313,310,https://www.zotero.org/jaguillette/items/collectionKey/3KQ5I42Q/itemKey/3S433JSV,1785,1796,confident
311,314,311,https://www.zotero.org/jaguillette/items/collectionKey/3KQ5I42Q/itemKey/3S433JSV,1785,1796,confident
312,315,312,https://www.zotero.org/jaguillette/items/collectionKey/3KQ5I42Q/itemKey/3S433JSV,1785,1796,confident
313,316,313,https://www.zotero.org/jaguillette/items/collectionKey/3KQ5I42Q/itemKey/3S433JSV,1785,1796,confident
314,317,314,https://www.zotero.org/jaguillette/items/collectionKey/3KQ5I42Q/itemKey/3S433JSV,1785,1796,confident
315,318,315,https://www.zotero.org/jaguillette/items/collectionKey/3KQ5I42Q/itemKey/3S433JSV,1785,1796,confident
316,319,316,https://www.zotero.org/jaguillette/items/collectionKey/3KQ5I42Q/itemKey/3S433JSV,1785,1796,confident
317,320,317,https://www.zotero.org/jaguillette/items/collectionKey/3KQ5I42Q/itemKey/3S433JSV,1785,1796,confident
318,321,318,https://www.zotero.org/jaguillette/items/collectionKey/3KQ5I42Q/itemKey/3S433JSV,1785,1796,confident
319,322,319,https://www.zotero.org/jaguillette/items/collectionKey/3KQ5I42Q/itemKey/3S433JSV,1785,1796,confident
320,323,320,https://www.zotero.org/jaguillette/items/collectionKey/3KQ5I42Q/itemKey/3S433JSV,1785,1796,confident
321,324,321,https://www.zotero.org/jaguillette/items/collectionKey/3KQ5I42Q/itemKey/3S433JSV,1785,1796,confident
322,325,322,https://www.zotero.org/jaguillette/items/collectionKey/3KQ5I42Q/itemKey/3S433JSV,1785,1796,confident
323,326,323,https://www.zotero.org/jaguillette/items/collectionKey/3KQ5I42Q/itemKey/3S433JSV,1785,1796,confident
324,327,324,https://www.zotero.org/jaguillette/items/collectionKey/3KQ5I42Q/itemKey/3S433JSV,1785,1796,confident
325,328,325,https://www.zotero.org/jaguillette/items/collectionKey/3KQ5I42Q/itemKey/3S433JSV,1785,1796,confident
326,329,326,https://www.zotero.org/jaguillette/items/collectionKey/3KQ5I42Q/itemKey/3S433JSV,1785,1796,confident
327,330,327,https://www.zotero.org/jaguillette/items/collectionKey/3KQ5I42Q/itemKey/3S433JSV,1785,1796,confident
328,331,328,https://www.zotero.org/jaguillette/items/collectionKey/3KQ5I42Q/itemKey/3S433JSV,1785,1796,confident
329,332,329,https://www.zotero.org/jaguillette/items/collectionKey/3KQ5I42Q/itemKey/3S433JSV,1785,1796,confident
330,333,330,https://www.zotero.org/jaguillette/items/collectionKey/3KQ5I42Q/itemKey/3S433JSV,1785,1796,confident
331,334,331,https://www.zotero.org/jaguillette/items/collectionKey/3KQ5I42Q/itemKey/3S433JSV,1785,1796,confident
332,335,332,https://www.zotero.org/jaguillette/items/collectionKey/3KQ5I42Q/itemKey/3S433JSV,1785,1796,confident
333,336,333,https://www.zotero.org/jaguillette/items/collectionKey/3KQ5I42Q/itemKey/3S433JSV,1785,1796,confident
334,337,334,https://www.zotero.org/jaguillette/items/collectionKey/3KQ5I42Q/itemKey/3S433JSV,1785,1796,confident
335,338,335,https://www.zotero.org/jaguillette/items/collectionKey/3KQ5I42Q/itemKey/3S433JSV,1785,1796,confident
336,339,336,https://www.zotero.org/jaguillette/items/collectionKey/3KQ5I42Q/itemKey/3S433JSV,1785,1796,confident
337,340,337,https://www.zotero.org/jaguillette/items/collectionKey/3KQ5I42Q/itemKey/3S433JSV,1785,1796,confident
338,341,338,https://www.zotero.org/jaguillette/items/collectionKey/3KQ5I42Q/itemKey/3S433JSV,1785,1796,confident
339,342,339,https://www.zotero.org/jaguillette/items/collectionKey/3KQ5I42Q/itemKey/3S433JSV,1785,1796,confident
340,343,340,https://www.zotero.org/jaguillette/items/collectionKey/3KQ5I42Q/itemKey/3S433JSV,1785,1796,confident
341,344,341,https://www.zotero.org/jaguillette/items/collectionKey/3KQ5I42Q/itemKey/3S433JSV,1785,1796,confident
342,345,342,https://www.zotero.org/jaguillette/items/collectionKey/3KQ5I42Q/itemKey/3S433JSV,1785,1796,confident
343,346,343,https://www.zotero.org/jaguillette/items/collectionKey/3KQ5I42Q/itemKey/3S433JSV,1785,1796,confident
344,347,344,https://www.zotero.org/jaguillette/items/collectionKey/3KQ5I42Q/itemKey/3S433JSV,1785,1796,confident
345,348,345,https://www.zotero.org/jaguillette/items/collectionKey/3KQ5I42Q/itemKey/3S433JSV,1785,1796,confident
346,349,346,https://www.zotero.org/jaguillette/items/collectionKey/3KQ5I42Q/itemKey/3S433JSV,1785,1796,confident
347,350,347,https://www.zotero.org/jaguillette/items/collectionKey/3KQ5I42Q/itemKey/3S433JSV,1785,1796,confident
348,351,348,https://www.zotero.org/jaguillette/items/collectionKey/3KQ5I42Q/itemKey/3S433JSV,1785,1796,confident
349,352,349,https://www.zotero.org/jaguillette/items/collectionKey/3KQ5I42Q/itemKey/3S433JSV,1785,1796,confident
350,353,350,https://www.zotero.org/jaguillette/items/collectionKey/3KQ5I42Q/itemKey/3S433JSV,1785,1796,confident
351,354,351,https://www.zotero.org/jaguillette/items/collectionKey/3KQ5I42Q/itemKey/3S433JSV,1785,1796,confident
352,355,352,https://www.zotero.org/jaguillette/items/collectionKey/3KQ5I42Q/itemKey/3S433JSV,1785,1796,confident
353,356,353,https://www.zotero.org/jaguillette/items/collectionKey/3KQ5I42Q/itemKey/3S433JSV,1785,1796,confident
354,357,354,https://www.zotero.org/jaguillette/items/collectionKey/3KQ5I42Q/itemKey/3S433JSV,1785,1796,confident
355,358,355,https://www.zotero.org/jaguillette/items/collectionKey/3KQ5I42Q/itemKey/3S433JSV,1785,1796,confident
356,359,356,https://www.zotero.org/jaguillette/items/collectionKey/3KQ5I42Q/itemKey/3S433JSV,1785,1796,confident
357,360,357,https://www.zotero.org/jaguillette/items/collectionKey/3KQ5I42Q/itemKey/3S433JSV,1785,1796,confident
358,361,358,https://www.zotero.org/jaguillette/items/collectionKey/3KQ5I42Q/itemKey/3S433JSV,1785,1796,confident
359,362,359,https://www.zotero.org/jaguillette/items/collectionKey/3KQ5I42Q/itemKey/3S433JSV,1785,1796,confident
360,363,360,https://www.zotero.org/jaguillette/items/collectionKey/3KQ5I42Q/itemKey/3S433JSV,1785,1796,confident
361,364,361,https://www.zotero.org/jaguillette/items/collectionKey/3KQ5I42Q/itemKey/3S433JSV,1785,1796,confident
362,365,362,https://www.zotero.org/jaguillette/items/collectionKey/3KQ5I42Q/itemKey/3S433JSV,1785,1796,confident
363,366,363,https://www.zotero.org/jaguillette/items/collectionKey/3KQ5I42Q/itemKey/3S433JSV,1785,1796,confident
364,367,364,https://www.zotero.org/jaguillette/items/collectionKey/3KQ5I42Q/itemKey/3S433JSV,1785,1796,confident
365,368,365,https://www.zotero.org/jaguillette/items/collectionKey/3KQ5I42Q/itemKey/3S433JSV,1785,1796,confident
366,369,366,https://www.zotero.org/jaguillette/items/collectionKey/3KQ5I42Q/itemKey/3S433JSV,1785,1796,confident
367,370,367,https://www.zotero.org/jaguillette/items/collectionKey/3KQ5I42Q/itemKey/3S433JSV,1785,1796,confident
368,371,368,https://www.zotero.org/jaguillette/items/collectionKey/3KQ5I42Q/itemKey/3S433JSV,1785,1796,confident
369,372,369,https://www.zotero.org/jaguillette/items/collectionKey/3KQ5I42Q/itemKey/3S433JSV,1785,1796,confident
370,373,370,https://www.zotero.org/jaguillette/items/collectionKey/3KQ5I42Q/itemKey/3S433JSV,1785,1796,confident
371,374,371,https://www.zotero.org/jaguillette/items/collectionKey/3KQ5I42Q/itemKey/3S433JSV,1785,1796,confident
372,375,372,https://www.zotero.org/jaguillette/items/collectionKey/3KQ5I42Q/itemKey/3S433JSV,1785,1796,confident
373,376,373,https://www.zotero.org/jaguillette/items/collectionKey/3KQ5I42Q/itemKey/3S433JSV,1785,1796,confident
374,377,374,https://www.zotero.org/jaguillette/items/collectionKey/3KQ5I42Q/itemKey/3S433JSV,1785,1796,confident
375,378,375,https://www.zotero.org/jaguillette/items/collectionKey/3KQ5I42Q/itemKey/3S433JSV,1785,1796,confident
376,379,376,https://www.zotero.org/jaguillette/items/collectionKey/3KQ5I42Q/itemKey/3S433JSV,1785,1796,confident
377,380,377,https://www.zotero.org/jaguillette/items/collectionKey/3KQ5I42Q/itemKey/3S433JSV,1785,1796,confident
378,381,378,https://www.zotero.org/jaguillette/items/collectionKey/3KQ5I42Q/itemKey/3S433JSV,1785,1796,confident
379,382,379,https://www.zotero.org/jaguillette/items/collectionKey/3KQ5I42Q/itemKey/3S433JSV,1785,1796,confident
380,383,380,https://www.zotero.org/jaguillette/items/collectionKey/3KQ5I42Q/itemKey/3S433JSV,1785,1796,confident
381,384,381,https://www.zotero.org/jaguillette/items/collectionKey/3KQ5I42Q/itemKey/3S433JSV,1785,1796,confident
382,385,382,https://www.zotero.org/jaguillette/items/collectionKey/3KQ5I42Q/itemKey/3S433JSV,1785,1796,confident
383,386,383,https://www.zotero.org/jaguillette/items/collectionKey/3KQ5I42Q/itemKey/3S433JSV,1785,1796,confident
384,387,384,https://www.zotero.org/jaguillette/items/collectionKey/3KQ5I42Q/itemKey/3S433JSV,1785,1796,confident
385,388,385,https://www.zotero.org/jaguillette/items/collectionKey/3KQ5I42Q/itemKey/3S433JSV,1785,1796,confident
386,389,386,https://www.zotero.org/jaguillette/items/collectionKey/3KQ5I42Q/itemKey/3S433JSV,1785,1796,confident
387,390,387,https://www.zotero.org/jaguillette/items/collectionKey/3KQ5I42Q/itemKey/3S433JSV,1785,1796,confident
388,391,388,https://www.zotero.org/jaguillette/items/collectionKey/3KQ5I42Q/itemKey/3S433JSV,1785,1796,confident
389,392,389,https://www.zotero.org/jaguillette/items/collectionKey/3KQ5I42Q/itemKey/3S433JSV,1785,1796,confident
390,393,390,https://www.zotero.org/jaguillette/items/collectionKey/3KQ5I42Q/itemKey/3S433JSV,1785,1796,confident
391,394,391,https://www.zotero.org/jaguillette/items/collectionKey/3KQ5I42Q/itemKey/3S433JSV,1785,1796,confident
392,395,392,https://www.zotero.org/jaguillette/items/collectionKey/3KQ5I42Q/itemKey/3S433JSV,1785,1796,confident
393,396,393,https://www.zotero.org/jaguillette/items/collectionKey/3KQ5I42Q/itemKey/3S433JSV,1785,1796,confident
394,397,394,https://www.zotero.org/jaguillette/items/collectionKey/3KQ5I42Q/itemKey/3S433JSV,1785,1796,confident
395,398,395,https://www.zotero.org/jaguillette/items/collectionKey/3KQ5I42Q/itemKey/3S433JSV,1785,1796,confident
396,399,396,https://www.zotero.org/jaguillette/items/collectionKey/3KQ5I42Q/itemKey/3S433JSV,1785,1796,confident
397,400,397,https://www.zotero.org/jaguillette/items/collectionKey/3KQ5I42Q/itemKey/3S433JSV,1785,1796,confident
398,401,398,https://www.zotero.org/jaguillette/items/collectionKey/3KQ5I42Q/itemKey/3S433JSV,1785,1796,confident
399,402,399,https://www.zotero.org/jaguillette/items/collectionKey/3KQ5I42Q/itemKey/3S433JSV,1785,1796,confident
400,403,400,https://www.zotero.org/jaguillette/items/collectionKey/3KQ5I42Q/itemKey/3S433JSV,1785,1796,confident
401,404,401,https://www.zotero.org/jaguillette/items/collectionKey/3KQ5I42Q/itemKey/3S433JSV,1785,1796,confident
402,405,402,https://www.zotero.org/jaguillette/items/collectionKey/3KQ5I42Q/itemKey/3S433JSV,1785,1796,confident
403,406,403,https://www.zotero.org/jaguillette/items/collectionKey/3KQ5I42Q/itemKey/3S433JSV,1785,1796,confident
404,407,404,https://www.zotero.org/jaguillette/items/collectionKey/3KQ5I42Q/itemKey/3S433JSV,1785,1796,confident
405,408,405,https://www.zotero.org/jaguillette/items/collectionKey/3KQ5I42Q/itemKey/3S433JSV,1785,1796,confident
406,409,406,https://www.zotero.org/jaguillette/items/collectionKey/3KQ5I42Q/itemKey/3S433JSV,1785,1796,confident
407,410,407,https://www.zotero.org/jaguillette/items/collectionKey/3KQ5I42Q/itemKey/3S433JSV,1785,1796,confident
408,411,408,https://www.zotero.org/jaguillette/items/collectionKey/3KQ5I42Q/itemKey/3S433JSV,1785,1796,confident
409,412,409,https://www.zotero.org/jaguillette/items/collectionKey/3KQ5I42Q/itemKey/3S433JSV,1785,1796,confident
410,413,410,https://www.zotero.org/jaguillette/items/collectionKey/3KQ5I42Q/itemKey/3S433JSV,1785,1796,confident
411,414,411,https://www.zotero.org/jaguillette/items/collectionKey/3KQ5I42Q/itemKey/3S433JSV,1785,1796,confident
412,415,412,https://www.zotero.org/jaguillette/items/collectionKey/3KQ5I42Q/itemKey/3S433JSV,1785,1796,confident
413,416,413,https://www.zotero.org/jaguillette/items/collectionKey/3KQ5I42Q/itemKey/3S433JSV,1785,1796,confident
414,417,414,https://www.zotero.org/jaguillette/items/collectionKey/3KQ5I42Q/itemKey/3S433JSV,1785,1796,confident
415,418,415,https://www.zotero.org/jaguillette/items/collectionKey/3KQ5I42Q/itemKey/3S433JSV,1785,1796,confident
416,419,416,https://www.zotero.org/jaguillette/items/collectionKey/3KQ5I42Q/itemKey/3S433JSV,1785,1796,confident
417,420,417,https://www.zotero.org/jaguillette/items/collectionKey/3KQ5I42Q/itemKey/3S433JSV,1785,1796,confident
418,421,418,https://www.zotero.org/jaguillette/items/collectionKey/3KQ5I42Q/itemKey/3S433JSV,1785,1796,confident
419,422,419,https://www.zotero.org/jaguillette/items/collectionKey/3KQ5I42Q/itemKey/3S433JSV,1785,1796,confident
420,423,420,https://www.zotero.org/jaguillette/items/collectionKey/3KQ5I42Q/itemKey/3S433JSV,1785,1796,confident
421,424,421,https://www.zotero.org/jaguillette/items/collectionKey/3KQ5I42Q/itemKey/3S433JSV,1785,1796,confident
422,425,422,https://www.zotero.org/jaguillette/items/collectionKey/3KQ5I42Q/itemKey/3S433JSV,1785,1796,confident
423,426,423,https://www.zotero.org/jaguillette/items/collectionKey/3KQ5I42Q/itemKey/3S433JSV,1785,1796,confident
424,427,424,https://www.zotero.org/jaguillette/items/collectionKey/3KQ5I42Q/itemKey/3S433JSV,1785,1796,confident
425,428,425,https://www.zotero.org/jaguillette/items/collectionKey/3KQ5I42Q/itemKey/3S433JSV,1785,1796,confident
426,429,426,https://www.zotero.org/jaguillette/items/collectionKey/3KQ5I42Q/itemKey/3S433JSV,1785,1796,confident
427,430,427,https://www.zotero.org/jaguillette/items/collectionKey/3KQ5I42Q/itemKey/3S433JSV,1785,1796,confident
428,431,428,https://www.zotero.org/jaguillette/items/collectionKey/3KQ5I42Q/itemKey/3S433JSV,1785,1796,confident
429,432,429,https://www.zotero.org/jaguillette/items/collectionKey/3KQ5I42Q/itemKey/3S433JSV,1785,1796,confident
430,433,430,https://www.zotero.org/jaguillette/items/collectionKey/3KQ5I42Q/itemKey/3S433JSV,1785,1796,confident
431,434,431,https://www.zotero.org/jaguillette/items/collectionKey/3KQ5I42Q/itemKey/3S433JSV,1785,1796,confident
432,435,432,https://www.zotero.org/jaguillette/items/collectionKey/3KQ5I42Q/itemKey/3S433JSV,1785,1796,confident
433,436,433,https://www.zotero.org/jaguillette/items/collectionKey/3KQ5I42Q/itemKey/3S433JSV,1785,1796,confident
434,437,434,https://www.zotero.org/jaguillette/items/collectionKey/3KQ5I42Q/itemKey/3S433JSV,1785,1796,confident
435,438,435,https://www.zotero.org/jaguillette/items/collectionKey/3KQ5I42Q/itemKey/3S433JSV,1785,1796,confident
436,439,436,https://www.zotero.org/jaguillette/items/collectionKey/3KQ5I42Q/itemKey/3S433JSV,1785,1796,confident
437,440,437,https://www.zotero.org/jaguillette/items/collectionKey/3KQ5I42Q/itemKey/3S433JSV,1785,1796,confident
438,441,438,https://www.zotero.org/jaguillette/items/collectionKey/3KQ5I42Q/itemKey/3S433JSV,1785,1796,confident
439,442,439,https://www.zotero.org/jaguillette/items/collectionKey/3KQ5I42Q/itemKey/3S433JSV,1785,1796,confident
440,443,440,https://www.zotero.org/jaguillette/items/collectionKey/3KQ5I42Q/itemKey/3S433JSV,1785,1796,confident
441,444,441,https://www.zotero.org/jaguillette/items/collectionKey/3KQ5I42Q/itemKey/3S433JSV,1785,1796,confident
442,445,442,https://www.zotero.org/jaguillette/items/collectionKey/3KQ5I42Q/itemKey/3S433JSV,1785,1796,confident
443,446,443,https://www.zotero.org/jaguillette/items/collectionKey/3KQ5I42Q/itemKey/3S433JSV,1785,1796,confident
444,447,444,https://www.zotero.org/jaguillette/items/collectionKey/3KQ5I42Q/itemKey/3S433JSV,1785,1796,confident
445,448,445,https://www.zotero.org/jaguillette/items/collectionKey/3KQ5I42Q/itemKey/3S433JSV,1785,1796,confident
446,449,446,https://www.zotero.org/jaguillette/items/collectionKey/3KQ5I42Q/itemKey/3S433JSV,1785,1796,confident
447,450,447,https://www.zotero.org/jaguillette/items/collectionKey/3KQ5I42Q/itemKey/3S433JSV,1785,1796,confident
448,451,448,https://www.zotero.org/jaguillette/items/collectionKey/3KQ5I42Q/itemKey/3S433JSV,1785,1796,confident
449,452,449,https://www.zotero.org/jaguillette/items/collectionKey/3KQ5I42Q/itemKey/3S433JSV,1785,1796,confident
450,453,450,https://www.zotero.org/jaguillette/items/collectionKey/3KQ5I42Q/itemKey/3S433JSV,1785,1796,confident
451,454,451,https://www.zotero.org/jaguillette/items/collectionKey/3KQ5I42Q/itemKey/3S433JSV,1785,1796,confident
452,455,452,https://www.zotero.org/jaguillette/items/collectionKey/3KQ5I42Q/itemKey/3S433JSV,1785,1796,confident
453,456,453,https://www.zotero.org/jaguillette/items/collectionKey/3KQ5I42Q/itemKey/3S433JSV,1785,1796,confident
454,457,454,https://www.zotero.org/jaguillette/items/collectionKey/3KQ5I42Q/itemKey/3S433JSV,1785,1796,confident
455,458,455,https://www.zotero.org/jaguillette/items/collectionKey/3KQ5I42Q/itemKey/3S433JSV,1785,1796,confident
456,459,456,https://www.zotero.org/jaguillette/items/collectionKey/3KQ5I42Q/itemKey/3S433JSV,1785,1796,confident
457,460,457,https://www.zotero.org/jaguillette/items/collectionKey/3KQ5I42Q/itemKey/3S433JSV,1785,1796,confident
458,461,458,https://www.zotero.org/jaguillette/items/collectionKey/3KQ5I42Q/itemKey/3S433JSV,1785,1796,confident
459,462,459,https://www.zotero.org/jaguillette/items/collectionKey/3KQ5I42Q/itemKey/3S433JSV,1785,1796,confident
460,463,460,https://www.zotero.org/jaguillette/items/collectionKey/3KQ5I42Q/itemKey/3S433JSV,1785,1796,confident
461,464,461,https://www.zotero.org/jaguillette/items/collectionKey/3KQ5I42Q/itemKey/3S433JSV,1785,1796,confident
462,465,462,https://www.zotero.org/jaguillette/items/collectionKey/3KQ5I42Q/itemKey/3S433JSV,1785,1796,confident
463,466,463,https://www.zotero.org/jaguillette/items/collectionKey/3KQ5I42Q/itemKey/3S433JSV,1785,1796,confident
464,467,464,https://www.zotero.org/jaguillette/items/collectionKey/3KQ5I42Q/itemKey/3S433JSV,1785,1796,confident
465,468,465,https://www.zotero.org/jaguillette/items/collectionKey/3KQ5I42Q/itemKey/3S433JSV,1785,1796,confident
466,469,466,https://www.zotero.org/jaguillette/items/collectionKey/3KQ5I42Q/itemKey/3S433JSV,1785,1796,confident
467,470,467,https://www.zotero.org/jaguillette/items/collectionKey/3KQ5I42Q/itemKey/3S433JSV,1785,1796,confident
468,471,468,https://www.zotero.org/jaguillette/items/collectionKey/3KQ5I42Q/itemKey/3S433JSV,1785,1796,confident
469,472,469,https://www.zotero.org/jaguillette/items/collectionKey/3KQ5I42Q/itemKey/3S433JSV,1785,1796,confident
470,473,470,https://www.zotero.org/jaguillette/items/collectionKey/3KQ5I42Q/itemKey/3S433JSV,1785,1796,confident
471,474,471,https://www.zotero.org/jaguillette/items/collectionKey/3KQ5I42Q/itemKey/3S433JSV,1785,1796,confident
472,475,472,https://www.zotero.org/jaguillette/items/collectionKey/3KQ5I42Q/itemKey/3S433JSV,1785,1796,confident
473,476,473,https://www.zotero.org/jaguillette/items/collectionKey/3KQ5I42Q/itemKey/3S433JSV,1785,1796,confident
474,477,474,https://www.zotero.org/jaguillette/items/collectionKey/3KQ5I42Q/itemKey/3S433JSV,1785,1796,confident
475,478,475,https://www.zotero.org/jaguillette/items/collectionKey/3KQ5I42Q/itemKey/3S433JSV,1785,1796,confident
476,479,476,https://www.zotero.org/jaguillette/items/collectionKey/3KQ5I42Q/itemKey/3S433JSV,1785,1796,confident
477,480,477,https://www.zotero.org/jaguillette/items/collectionKey/3KQ5I42Q/itemKey/3S433JSV,1785,1796,confident
478,481,478,https://www.zotero.org/jaguillette/items/collectionKey/3KQ5I42Q/itemKey/3S433JSV,1785,1796,confident
479,482,479,https://www.zotero.org/jaguillette/items/collectionKey/3KQ5I42Q/itemKey/3S433JSV,1785,1796,confident
480,483,480,https://www.zotero.org/jaguillette/items/collectionKey/3KQ5I42Q/itemKey/3S433JSV,1785,1796,confident
481,484,481,https://www.zotero.org/jaguillette/items/collectionKey/3KQ5I42Q/itemKey/3S433JSV,1785,1796,confident
482,485,482,https://www.zotero.org/jaguillette/items/collectionKey/3KQ5I42Q/itemKey/3S433JSV,1785,1796,confident
483,486,483,https://www.zotero.org/jaguillette/items/collectionKey/3KQ5I42Q/itemKey/3S433JSV,1785,1796,confident
484,487,484,https://www.zotero.org/jaguillette/items/collectionKey/3KQ5I42Q/itemKey/3S433JSV,1785,1796,confident
485,488,485,https://www.zotero.org/jaguillette/items/collectionKey/3KQ5I42Q/itemKey/3S433JSV,1785,1796,confident
486,489,486,https://www.zotero.org/jaguillette/items/collectionKey/3KQ5I42Q/itemKey/3S433JSV,1785,1796,confident
487,490,487,https://www.zotero.org/jaguillette/items/collectionKey/3KQ5I42Q/itemKey/3S433JSV,1785,1796,confident
488,491,488,https://www.zotero.org/jaguillette/items/collectionKey/3KQ5I42Q/itemKey/3S433JSV,1785,1796,confident
489,492,489,https://www.zotero.org/jaguillette/items/collectionKey/3KQ5I42Q/itemKey/3S433JSV,1785,1796,confident
490,493,490,https://www.zotero.org/jaguillette/items/collectionKey/3KQ5I42Q/itemKey/3S433JSV,1785,1796,confident
491,494,491,https://www.zotero.org/jaguillette/items/collectionKey/3KQ5I42Q/itemKey/3S433JSV,1785,1796,confident
492,495,492,https://www.zotero.org/jaguillette/items/collectionKey/3KQ5I42Q/itemKey/3S433JSV,1785,1796,confident
493,496,493,https://www.zotero.org/jaguillette/items/collectionKey/3KQ5I42Q/itemKey/3S433JSV,1785,1796,confident
494,497,494,https://www.zotero.org/jaguillette/items/collectionKey/3KQ5I42Q/itemKey/3S433JSV,1785,1796,confident
495,498,495,https://www.zotero.org/jaguillette/items/collectionKey/3KQ5I42Q/itemKey/3S433JSV,1785,1796,confident
496,499,496,https://www.zotero.org/jaguillette/items/collectionKey/3KQ5I42Q/itemKey/3S433JSV,1785,1796,confident
497,500,497,https://www.zotero.org/jaguillette/items/collectionKey/3KQ5I42Q/itemKey/3S433JSV,1785,1796,confident
498,501,498,https://www.zotero.org/jaguillette/items/collectionKey/3KQ5I42Q/itemKey/3S433JSV,1785,1796,confident
499,502,499,https://www.zotero.org/jaguillette/items/collectionKey/3KQ5I42Q/itemKey/3S433JSV,1785,1796,confident
500,503,500,https://www.zotero.org/jaguillette/items/collectionKey/3KQ5I42Q/itemKey/3S433JSV,1785,1796,confident
501,504,501,https://www.zotero.org/jaguillette/items/collectionKey/3KQ5I42Q/itemKey/3S433JSV,1785,1796,confident
502,505,502,https://www.zotero.org/jaguillette/items/collectionKey/3KQ5I42Q/itemKey/3S433JSV,1785,1796,confident
503,506,503,https://www.zotero.org/jaguillette/items/collectionKey/3KQ5I42Q/itemKey/3S433JSV,1785,1796,confident
504,507,504,https://www.zotero.org/jaguillette/items/collectionKey/3KQ5I42Q/itemKey/3S433JSV,1785,1796,confident
505,508,505,https://www.zotero.org/jaguillette/items/collectionKey/3KQ5I42Q/itemKey/3S433JSV,1785,1796,confident
506,509,506,https://www.zotero.org/jaguillette/items/collectionKey/3KQ5I42Q/itemKey/3S433JSV,1785,1796,confident
507,510,507,https://www.zotero.org/jaguillette/items/collectionKey/3KQ5I42Q/itemKey/3S433JSV,1785,1796,confident
508,511,508,https://www.zotero.org/jaguillette/items/collectionKey/3KQ5I42Q/itemKey/3S433JSV,1785,1796,confident
509,512,509,https://www.zotero.org/jaguillette/items/collectionKey/3KQ5I42Q/itemKey/3S433JSV,1785,1796,confident
510,513,510,https://www.zotero.org/jaguillette/items/collectionKey/3KQ5I42Q/itemKey/3S433JSV,1785,1796,confident
511,514,511,https://www.zotero.org/jaguillette/items/collectionKey/3KQ5I42Q/itemKey/3S433JSV,1785,1796,confident
512,515,512,https://www.zotero.org/jaguillette/items/collectionKey/3KQ5I42Q/itemKey/3S433JSV,1785,1796,confident
513,516,513,https://www.zotero.org/jaguillette/items/collectionKey/3KQ5I42Q/itemKey/3S433JSV,1785,1796,confident
514,517,514,https://www.zotero.org/jaguillette/items/collectionKey/3KQ5I42Q/itemKey/3S433JSV,1785,1796,confident
515,518,515,https://www.zotero.org/jaguillette/items/collectionKey/3KQ5I42Q/itemKey/3S433JSV,1785,1796,confident
516,519,516,https://www.zotero.org/jaguillette/items/collectionKey/3KQ5I42Q/itemKey/3S433JSV,1785,1796,confident
517,520,517,https://www.zotero.org/jaguillette/items/collectionKey/3KQ5I42Q/itemKey/3S433JSV,1785,1796,confident
518,521,518,https://www.zotero.org/jaguillette/items/collectionKey/3KQ5I42Q/itemKey/3S433JSV,1785,1796,confident
519,522,519,https://www.zotero.org/jaguillette/items/collectionKey/3KQ5I42Q/itemKey/3S433JSV,1785,1796,confident
520,523,520,https://www.zotero.org/jaguillette/items/collectionKey/3KQ5I42Q/itemKey/3S433JSV,1785,1796,confident
521,524,521,https://www.zotero.org/jaguillette/items/collectionKey/3KQ5I42Q/itemKey/3S433JSV,1785,1796,confident
522,525,522,https://www.zotero.org/jaguillette/items/collectionKey/3KQ5I42Q/itemKey/3S433JSV,1785,1796,confident
523,526,523,https://www.zotero.org/jaguillette/items/collectionKey/3KQ5I42Q/itemKey/3S433JSV,1785,1796,confident
524,527,524,https://www.zotero.org/jaguillette/items/collectionKey/3KQ5I42Q/itemKey/3S433JSV,1785,1796,confident
525,528,525,https://www.zotero.org/jaguillette/items/collectionKey/3KQ5I42Q/itemKey/3S433JSV,1785,1796,confident
526,529,526,https://www.zotero.org/jaguillette/items/collectionKey/3KQ5I42Q/itemKey/3S433JSV,1785,1796,confident
527,530,527,https://www.zotero.org/jaguillette/items/collectionKey/3KQ5I42Q/itemKey/3S433JSV,1785,1796,confident
528,531,528,https://www.zotero.org/jaguillette/items/collectionKey/3KQ5I42Q/itemKey/3S433JSV,1785,1796,confident
529,532,529,https://www.zotero.org/jaguillette/items/collectionKey/3KQ5I42Q/itemKey/3S433JSV,1785,1796,confident
530,533,530,https://www.zotero.org/jaguillette/items/collectionKey/3KQ5I42Q/itemKey/3S433JSV,1785,1796,confident
531,534,531,https://www.zotero.org/jaguillette/items/collectionKey/3KQ5I42Q/itemKey/3S433JSV,1785,1796,confident
532,535,532,https://www.zotero.org/jaguillette/items/collectionKey/3KQ5I42Q/itemKey/3S433JSV,1785,1796,confident
533,536,533,https://www.zotero.org/jaguillette/items/collectionKey/3KQ5I42Q/itemKey/3S433JSV,1785,1796,confident
534,537,534,https://www.zotero.org/jaguillette/items/collectionKey/3KQ5I42Q/itemKey/3S433JSV,1785,1796,confident
535,538,535,https://www.zotero.org/jaguillette/items/collectionKey/3KQ5I42Q/itemKey/3S433JSV,1785,1796,confident
536,539,536,https://www.zotero.org/jaguillette/items/collectionKey/3KQ5I42Q/itemKey/3S433JSV,1785,1796,confident
537,540,537,https://www.zotero.org/jaguillette/items/collectionKey/3KQ5I42Q/itemKey/3S433JSV,1785,1796,confident
538,541,538,https://www.zotero.org/jaguillette/items/collectionKey/3KQ5I42Q/itemKey/3S433JSV,1785,1796,confident
539,542,539,https://www.zotero.org/jaguillette/items/collectionKey/3KQ5I42Q/itemKey/3S433JSV,1785,1796,confident
540,543,540,https://www.zotero.org/jaguillette/items/collectionKey/3KQ5I42Q/itemKey/3S433JSV,1785,1796,confident
541,544,541,https://www.zotero.org/jaguillette/items/collectionKey/3KQ5I42Q/itemKey/3S433JSV,1785,1796,confident
542,545,542,https://www.zotero.org/jaguillette/items/collectionKey/3KQ5I42Q/itemKey/3S433JSV,1785,1796,confident
543,546,543,https://www.zotero.org/jaguillette/items/collectionKey/3KQ5I42Q/itemKey/3S433JSV,1785,1796,confident
544,547,544,https://www.zotero.org/jaguillette/items/collectionKey/3KQ5I42Q/itemKey/3S433JSV,1785,1796,confident
545,548,545,https://www.zotero.org/jaguillette/items/collectionKey/3KQ5I42Q/itemKey/3S433JSV,1785,1796,confident
546,549,546,https://www.zotero.org/jaguillette/items/collectionKey/3KQ5I42Q/itemKey/3S433JSV,1785,1796,confident
547,550,547,https://www.zotero.org/jaguillette/items/collectionKey/3KQ5I42Q/itemKey/3S433JSV,1785,1796,confident
548,551,548,https://www.zotero.org/jaguillette/items/collectionKey/3KQ5I42Q/itemKey/3S433JSV,1785,1796,confident
549,552,549,https://www.zotero.org/jaguillette/items/collectionKey/3KQ5I42Q/itemKey/3S433JSV,1785,1796,confident
550,553,550,https://www.zotero.org/jaguillette/items/collectionKey/3KQ5I42Q/itemKey/3S433JSV,1785,1796,confident
551,554,551,https://www.zotero.org/jaguillette/items/collectionKey/3KQ5I42Q/itemKey/3S433JSV,1785,1796,confident
552,556,552,https://www.zotero.org/jaguillette/items/collectionKey/3KQ5I42Q/itemKey/3S433JSV,1785,1796,confident
553,557,553,https://www.zotero.org/jaguillette/items/collectionKey/3KQ5I42Q/itemKey/3S433JSV,1785,1796,confident
554,558,554,https://www.zotero.org/jaguillette/items/collectionKey/3KQ5I42Q/itemKey/3S433JSV,1785,1796,confident
555,559,555,https://www.zotero.org/jaguillette/items/collectionKey/3KQ5I42Q/itemKey/3S433JSV,1785,1796,confident
556,560,556,https://www.zotero.org/jaguillette/items/collectionKey/3KQ5I42Q/itemKey/3S433JSV,1785,1796,confident
557,561,557,https://www.zotero.org/jaguillette/items/collectionKey/3KQ5I42Q/itemKey/3S433JSV,1785,1796,confident
558,562,558,https://www.zotero.org/jaguillette/items/collectionKey/3KQ5I42Q/itemKey/3S433JSV,1785,1796,confident
559,563,559,https://www.zotero.org/jaguillette/items/collectionKey/3KQ5I42Q/itemKey/3S433JSV,1785,1796,confident
560,564,560,https://www.zotero.org/jaguillette/items/collectionKey/3KQ5I42Q/itemKey/3S433JSV,1785,1796,confident
561,565,561,https://www.zotero.org/jaguillette/items/collectionKey/3KQ5I42Q/itemKey/3S433JSV,1785,1796,confident
562,566,562,https://www.zotero.org/jaguillette/items/collectionKey/3KQ5I42Q/itemKey/3S433JSV,1785,1796,confident
563,567,563,https://www.zotero.org/jaguillette/items/collectionKey/3KQ5I42Q/itemKey/3S433JSV,1785,1796,confident
564,568,564,https://www.zotero.org/jaguillette/items/collectionKey/3KQ5I42Q/itemKey/3S433JSV,1785,1796,confident
565,569,565,https://www.zotero.org/jaguillette/items/collectionKey/3KQ5I42Q/itemKey/3S433JSV,1785,1796,confident
566,570,566,https://www.zotero.org/jaguillette/items/collectionKey/3KQ5I42Q/itemKey/3S433JSV,1785,1796,confident
567,571,567,https://www.zotero.org/jaguillette/items/collectionKey/3KQ5I42Q/itemKey/3S433JSV,1785,1796,confident
568,572,568,https://www.zotero.org/jaguillette/items/collectionKey/3KQ5I42Q/itemKey/3S433JSV,1785,1796,confident
569,573,569,https://www.zotero.org/jaguillette/items/collectionKey/3KQ5I42Q/itemKey/3S433JSV,1785,1796,confident
570,574,570,https://www.zotero.org/jaguillette/items/collectionKey/3KQ5I42Q/itemKey/3S433JSV,1785,1796,confident
571,575,571,https://www.zotero.org/jaguillette/items/collectionKey/3KQ5I42Q/itemKey/3S433JSV,1785,1796,confident
572,576,572,https://www.zotero.org/jaguillette/items/collectionKey/3KQ5I42Q/itemKey/3S433JSV,1785,1796,confident
573,577,573,https://www.zotero.org/jaguillette/items/collectionKey/3KQ5I42Q/itemKey/3S433JSV,1785,1796,confident
574,578,574,https://www.zotero.org/jaguillette/items/collectionKey/3KQ5I42Q/itemKey/3S433JSV,1785,1796,confident
575,579,575,https://www.zotero.org/jaguillette/items/collectionKey/3KQ5I42Q/itemKey/3S433JSV,1785,1796,confident
576,580,576,https://www.zotero.org/jaguillette/items/collectionKey/3KQ5I42Q/itemKey/3S433JSV,1785,1796,confident
577,581,577,https://www.zotero.org/jaguillette/items/collectionKey/3KQ5I42Q/itemKey/3S433JSV,1785,1796,confident
578,582,578,https://www.zotero.org/jaguillette/items/collectionKey/3KQ5I42Q/itemKey/3S433JSV,1785,1796,confident
579,583,579,https://www.zotero.org/jaguillette/items/collectionKey/3KQ5I42Q/itemKey/3S433JSV,1785,1796,confident
580,584,580,https://www.zotero.org/jaguillette/items/collectionKey/3KQ5I42Q/itemKey/3S433JSV,1785,1796,confident
581,585,581,https://www.zotero.org/jaguillette/items/collectionKey/3KQ5I42Q/itemKey/3S433JSV,1785,1796,confident
582,586,582,https://www.zotero.org/jaguillette/items/collectionKey/3KQ5I42Q/itemKey/3S433JSV,1785,1796,confident
583,587,583,https://www.zotero.org/jaguillette/items/collectionKey/3KQ5I42Q/itemKey/3S433JSV,1785,1796,confident
584,588,584,https://www.zotero.org/jaguillette/items/collectionKey/3KQ5I42Q/itemKey/3S433JSV,1785,1796,confident
585,589,585,https://www.zotero.org/jaguillette/items/collectionKey/3KQ5I42Q/itemKey/3S433JSV,1785,1796,confident
586,590,586,https://www.zotero.org/jaguillette/items/collectionKey/3KQ5I42Q/itemKey/3S433JSV,1785,1796,confident
587,591,587,https://www.zotero.org/jaguillette/items/collectionKey/3KQ5I42Q/itemKey/3S433JSV,1785,1796,confident
588,592,588,https://www.zotero.org/jaguillette/items/collectionKey/3KQ5I42Q/itemKey/3S433JSV,1785,1796,confident
589,593,589,https://www.zotero.org/jaguillette/items/collectionKey/3KQ5I42Q/itemKey/3S433JSV,1785,1796,confident
590,594,590,https://www.zotero.org/jaguillette/items/collectionKey/3KQ5I42Q/itemKey/3S433JSV,1785,1796,confident
591,595,591,https://www.zotero.org/jaguillette/items/collectionKey/3KQ5I42Q/itemKey/3S433JSV,1785,1796,confident
592,596,592,https://www.zotero.org/jaguillette/items/collectionKey/3KQ5I42Q/itemKey/3S433JSV,1785,1796,confident
593,597,593,https://www.zotero.org/jaguillette/items/collectionKey/3KQ5I42Q/itemKey/3S433JSV,1785,1796,confident
594,598,594,https://www.zotero.org/jaguillette/items/collectionKey/3KQ5I42Q/itemKey/3S433JSV,1785,1796,confident
595,599,595,https://www.zotero.org/jaguillette/items/collectionKey/3KQ5I42Q/itemKey/3S433JSV,1785,1796,confident
596,600,596,https://www.zotero.org/jaguillette/items/collectionKey/3KQ5I42Q/itemKey/3S433JSV,1785,1796,confident
597,601,597,https://www.zotero.org/jaguillette/items/collectionKey/3KQ5I42Q/itemKey/3S433JSV,1785,1796,confident
598,602,598,https://www.zotero.org/jaguillette/items/collectionKey/3KQ5I42Q/itemKey/3S433JSV,1785,1796,confident
599,603,599,https://www.zotero.org/jaguillette/items/collectionKey/3KQ5I42Q/itemKey/3S433JSV,1785,1796,confident
600,604,600,https://www.zotero.org/jaguillette/items/collectionKey/3KQ5I42Q/itemKey/3S433JSV,1785,1796,confident
601,605,601,https://www.zotero.org/jaguillette/items/collectionKey/3KQ5I42Q/itemKey/3S433JSV,1785,1796,confident
602,606,602,https://www.zotero.org/jaguillette/items/collectionKey/3KQ5I42Q/itemKey/3S433JSV,1785,1796,confident
603,607,603,https://www.zotero.org/jaguillette/items/collectionKey/3KQ5I42Q/itemKey/3S433JSV,1785,1796,confident
604,608,604,https://www.zotero.org/jaguillette/items/collectionKey/3KQ5I42Q/itemKey/3S433JSV,1785,1796,confident
605,609,605,https://www.zotero.org/jaguillette/items/collectionKey/3KQ5I42Q/itemKey/3S433JSV,1785,1796,confident
606,610,606,https://www.zotero.org/jaguillette/items/collectionKey/3KQ5I42Q/itemKey/3S433JSV,1785,1796,confident
607,611,607,https://www.zotero.org/jaguillette/items/collectionKey/3KQ5I42Q/itemKey/3S433JSV,1785,1796,confident
608,612,608,https://www.zotero.org/jaguillette/items/collectionKey/3KQ5I42Q/itemKey/3S433JSV,1785,1796,confident
609,613,609,https://www.zotero.org/jaguillette/items/collectionKey/3KQ5I42Q/itemKey/3S433JSV,1785,1796,confident
610,614,610,https://www.zotero.org/jaguillette/items/collectionKey/3KQ5I42Q/itemKey/3S433JSV,1785,1796,confident
611,615,611,https://www.zotero.org/jaguillette/items/collectionKey/3KQ5I42Q/itemKey/3S433JSV,1785,1796,confident
612,616,612,https://www.zotero.org/jaguillette/items/collectionKey/3KQ5I42Q/itemKey/3S433JSV,1785,1796,confident
613,617,613,https://www.zotero.org/jaguillette/items/collectionKey/3KQ5I42Q/itemKey/3S433JSV,1785,1796,confident
614,618,614,https://www.zotero.org/jaguillette/items/collectionKey/3KQ5I42Q/itemKey/3S433JSV,1785,1796,confident
615,619,615,https://www.zotero.org/jaguillette/items/collectionKey/3KQ5I42Q/itemKey/3S433JSV,1785,1796,confident
616,620,616,https://www.zotero.org/jaguillette/items/collectionKey/3KQ5I42Q/itemKey/3S433JSV,1785,1796,confident
617,621,617,https://www.zotero.org/jaguillette/items/collectionKey/3KQ5I42Q/itemKey/3S433JSV,1785,1796,confident
618,622,618,https://www.zotero.org/jaguillette/items/collectionKey/3KQ5I42Q/itemKey/3S433JSV,1785,1796,confident
619,623,619,https://www.zotero.org/jaguillette/items/collectionKey/3KQ5I42Q/itemKey/3S433JSV,1785,1796,confident
620,624,620,https://www.zotero.org/jaguillette/items/collectionKey/3KQ5I42Q/itemKey/3S433JSV,1785,1796,confident
621,625,621,https://www.zotero.org/jaguillette/items/collectionKey/3KQ5I42Q/itemKey/3S433JSV,1785,1796,confident
622,626,622,https://www.zotero.org/jaguillette/items/collectionKey/3KQ5I42Q/itemKey/3S433JSV,1785,1796,confident
623,627,623,https://www.zotero.org/jaguillette/items/collectionKey/3KQ5I42Q/itemKey/3S433JSV,1785,1796,confident
624,628,624,https://www.zotero.org/jaguillette/items/collectionKey/3KQ5I42Q/itemKey/3S433JSV,1785,1796,confident
625,629,625,https://www.zotero.org/jaguillette/items/collectionKey/3KQ5I42Q/itemKey/3S433JSV,1785,1796,confident
626,630,626,https://www.zotero.org/jaguillette/items/collectionKey/3KQ5I42Q/itemKey/3S433JSV,1785,1796,confident
627,631,627,https://www.zotero.org/jaguillette/items/collectionKey/3KQ5I42Q/itemKey/3S433JSV,1785,1796,confident
628,632,628,https://www.zotero.org/jaguillette/items/collectionKey/3KQ5I42Q/itemKey/3S433JSV,1785,1796,confident
629,633,629,https://www.zotero.org/jaguillette/items/collectionKey/3KQ5I42Q/itemKey/3S433JSV,1785,1796,confident
630,634,630,https://www.zotero.org/jaguillette/items/collectionKey/3KQ5I42Q/itemKey/3S433JSV,1785,1796,confident
631,635,631,https://www.zotero.org/jaguillette/items/collectionKey/3KQ5I42Q/itemKey/3S433JSV,1785,1796,confident
632,636,632,https://www.zotero.org/jaguillette/items/collectionKey/3KQ5I42Q/itemKey/3S433JSV,1785,1796,confident
633,637,633,https://www.zotero.org/jaguillette/items/collectionKey/3KQ5I42Q/itemKey/3S433JSV,1785,1796,confident
634,638,634,https://www.zotero.org/jaguillette/items/collectionKey/3KQ5I42Q/itemKey/3S433JSV,1785,1796,confident
635,639,635,https://www.zotero.org/jaguillette/items/collectionKey/3KQ5I42Q/itemKey/3S433JSV,1785,1796,confident
636,640,636,https://www.zotero.org/jaguillette/items/collectionKey/3KQ5I42Q/itemKey/3S433JSV,1785,1796,confident
637,641,637,https://www.zotero.org/jaguillette/items/collectionKey/3KQ5I42Q/itemKey/3S433JSV,1785,1796,confident
638,642,638,https://www.zotero.org/jaguillette/items/collectionKey/3KQ5I42Q/itemKey/3S433JSV,1785,1796,confident
639,643,639,https://www.zotero.org/jaguillette/items/collectionKey/3KQ5I42Q/itemKey/3S433JSV,1785,1796,confident
640,644,640,https://www.zotero.org/jaguillette/items/collectionKey/3KQ5I42Q/itemKey/3S433JSV,1785,1796,confident
641,645,641,https://www.zotero.org/jaguillette/items/collectionKey/3KQ5I42Q/itemKey/3S433JSV,1785,1796,confident
642,646,642,https://www.zotero.org/jaguillette/items/collectionKey/3KQ5I42Q/itemKey/3S433JSV,1785,1796,confident
643,647,643,https://www.zotero.org/jaguillette/items/collectionKey/3KQ5I42Q/itemKey/3S433JSV,1785,1796,confident
644,648,644,https://www.zotero.org/jaguillette/items/collectionKey/3KQ5I42Q/itemKey/3S433JSV,1785,1796,confident
645,649,645,https://www.zotero.org/jaguillette/items/collectionKey/3KQ5I42Q/itemKey/3S433JSV,1785,1796,confident
646,650,646,https://www.zotero.org/jaguillette/items/collectionKey/3KQ5I42Q/itemKey/3S433JSV,1785,1796,confident
647,651,647,https://www.zotero.org/jaguillette/items/collectionKey/3KQ5I42Q/itemKey/3S433JSV,1785,1796,confident
648,652,648,https://www.zotero.org/jaguillette/items/collectionKey/3KQ5I42Q/itemKey/3S433JSV,1785,1796,confident
649,653,649,https://www.zotero.org/jaguillette/items/collectionKey/3KQ5I42Q/itemKey/3S433JSV,1785,1796,confident
650,654,650,https://www.zotero.org/jaguillette/items/collectionKey/3KQ5I42Q/itemKey/3S433JSV,1785,1796,confident
651,655,651,https://www.zotero.org/jaguillette/items/collectionKey/3KQ5I42Q/itemKey/3S433JSV,1785,1796,confident
652,656,652,https://www.zotero.org/jaguillette/items/collectionKey/3KQ5I42Q/itemKey/3S433JSV,1785,1796,confident
653,657,653,https://www.zotero.org/jaguillette/items/collectionKey/3KQ5I42Q/itemKey/3S433JSV,1785,1796,confident
654,658,654,https://www.zotero.org/jaguillette/items/collectionKey/3KQ5I42Q/itemKey/3S433JSV,1785,1796,confident
655,659,655,https://www.zotero.org/jaguillette/items/collectionKey/3KQ5I42Q/itemKey/3S433JSV,1785,1796,confident
656,660,656,https://www.zotero.org/jaguillette/items/collectionKey/3KQ5I42Q/itemKey/3S433JSV,1785,1796,confident
657,661,657,https://www.zotero.org/jaguillette/items/collectionKey/3KQ5I42Q/itemKey/3S433JSV,1785,1796,confident
658,662,658,https://www.zotero.org/jaguillette/items/collectionKey/3KQ5I42Q/itemKey/3S433JSV,1785,1796,confident
659,663,659,https://www.zotero.org/jaguillette/items/collectionKey/3KQ5I42Q/itemKey/3S433JSV,1785,1796,confident
660,664,660,https://www.zotero.org/jaguillette/items/collectionKey/3KQ5I42Q/itemKey/3S433JSV,1785,1796,confident
661,665,661,https://www.zotero.org/jaguillette/items/collectionKey/3KQ5I42Q/itemKey/3S433JSV,1785,1796,confident
662,666,662,https://www.zotero.org/jaguillette/items/collectionKey/3KQ5I42Q/itemKey/3S433JSV,1785,1796,confident
663,667,663,https://www.zotero.org/jaguillette/items/collectionKey/3KQ5I42Q/itemKey/3S433JSV,1785,1796,confident
664,668,664,https://www.zotero.org/jaguillette/items/collectionKey/3KQ5I42Q/itemKey/3S433JSV,1785,1796,confident
665,669,665,https://www.zotero.org/jaguillette/items/collectionKey/3KQ5I42Q/itemKey/3S433JSV,1785,1796,confident
666,670,666,https://www.zotero.org/jaguillette/items/collectionKey/3KQ5I42Q/itemKey/3S433JSV,1785,1796,confident
667,671,667,https://www.zotero.org/jaguillette/items/collectionKey/3KQ5I42Q/itemKey/3S433JSV,1785,1796,confident
668,672,668,https://www.zotero.org/jaguillette/items/collectionKey/3KQ5I42Q/itemKey/3S433JSV,1785,1796,confident
669,673,669,https://www.zotero.org/jaguillette/items/collectionKey/3KQ5I42Q/itemKey/3S433JSV,1785,1796,confident
670,674,670,https://www.zotero.org/jaguillette/items/collectionKey/3KQ5I42Q/itemKey/3S433JSV,1785,1796,confident
671,675,671,https://www.zotero.org/jaguillette/items/collectionKey/3KQ5I42Q/itemKey/3S433JSV,1785,1796,confident
672,676,672,https://www.zotero.org/jaguillette/items/collectionKey/3KQ5I42Q/itemKey/3S433JSV,1785,1796,confident
673,677,673,https://www.zotero.org/jaguillette/items/collectionKey/3KQ5I42Q/itemKey/3S433JSV,1785,1796,confident
674,678,674,https://www.zotero.org/jaguillette/items/collectionKey/3KQ5I42Q/itemKey/3S433JSV,1785,1796,confident
675,679,675,https://www.zotero.org/jaguillette/items/collectionKey/3KQ5I42Q/itemKey/3S433JSV,1785,1796,confident
676,680,676,https://www.zotero.org/jaguillette/items/collectionKey/3KQ5I42Q/itemKey/3S433JSV,1785,1796,confident
677,681,677,https://www.zotero.org/jaguillette/items/collectionKey/3KQ5I42Q/itemKey/3S433JSV,1785,1796,confident
678,682,678,https://www.zotero.org/jaguillette/items/collectionKey/3KQ5I42Q/itemKey/3S433JSV,1785,1796,confident
679,683,679,https://www.zotero.org/jaguillette/items/collectionKey/3KQ5I42Q/itemKey/3S433JSV,1785,1796,confident
680,684,680,https://www.zotero.org/jaguillette/items/collectionKey/3KQ5I42Q/itemKey/3S433JSV,1785,1796,confident
681,685,681,https://www.zotero.org/jaguillette/items/collectionKey/3KQ5I42Q/itemKey/3S433JSV,1785,1796,confident
682,686,682,https://www.zotero.org/jaguillette/items/collectionKey/3KQ5I42Q/itemKey/3S433JSV,1785,1796,confident
683,687,683,https://www.zotero.org/jaguillette/items/collectionKey/3KQ5I42Q/itemKey/3S433JSV,1785,1796,confident
684,688,684,https://www.zotero.org/jaguillette/items/collectionKey/3KQ5I42Q/itemKey/3S433JSV,1785,1796,confident
685,689,685,https://www.zotero.org/jaguillette/items/collectionKey/3KQ5I42Q/itemKey/3S433JSV,1785,1796,confident
686,690,686,https://www.zotero.org/jaguillette/items/collectionKey/3KQ5I42Q/itemKey/3S433JSV,1785,1796,confident
687,691,687,https://www.zotero.org/jaguillette/items/collectionKey/3KQ5I42Q/itemKey/3S433JSV,1785,1796,confident
688,692,688,https://www.zotero.org/jaguillette/items/collectionKey/3KQ5I42Q/itemKey/3S433JSV,1785,1796,confident
689,693,689,https://www.zotero.org/jaguillette/items/collectionKey/3KQ5I42Q/itemKey/3S433JSV,1785,1796,confident
690,694,690,https://www.zotero.org/jaguillette/items/collectionKey/3KQ5I42Q/itemKey/3S433JSV,1785,1796,confident
691,695,691,https://www.zotero.org/jaguillette/items/collectionKey/3KQ5I42Q/itemKey/3S433JSV,1785,1796,confident
692,696,692,https://www.zotero.org/jaguillette/items/collectionKey/3KQ5I42Q/itemKey/3S433JSV,1785,1796,confident
693,697,693,https://www.zotero.org/jaguillette/items/collectionKey/3KQ5I42Q/itemKey/3S433JSV,1785,1796,confident
694,698,694,https://www.zotero.org/jaguillette/items/collectionKey/3KQ5I42Q/itemKey/3S433JSV,1785,1796,confident
695,699,695,https://www.zotero.org/jaguillette/items/collectionKey/3KQ5I42Q/itemKey/3S433JSV,1785,1796,confident
696,700,696,https://www.zotero.org/jaguillette/items/collectionKey/3KQ5I42Q/itemKey/3S433JSV,1785,1796,confident
697,701,697,https://www.zotero.org/jaguillette/items/collectionKey/3KQ5I42Q/itemKey/3S433JSV,1785,1796,confident
698,702,698,https://www.zotero.org/jaguillette/items/collectionKey/3KQ5I42Q/itemKey/3S433JSV,1785,1796,confident
699,703,699,https://www.zotero.org/jaguillette/items/collectionKey/3KQ5I42Q/itemKey/3S433JSV,1785,1796,confident
700,704,700,https://www.zotero.org/jaguillette/items/collectionKey/3KQ5I42Q/itemKey/3S433JSV,1785,1796,confident
701,705,701,https://www.zotero.org/jaguillette/items/collectionKey/3KQ5I42Q/itemKey/3S433JSV,1785,1796,confident
702,706,702,https://www.zotero.org/jaguillette/items/collectionKey/3KQ5I42Q/itemKey/3S433JSV,1785,1796,confident
703,707,703,https://www.zotero.org/jaguillette/items/collectionKey/3KQ5I42Q/itemKey/3S433JSV,1785,1796,confident
704,708,704,https://www.zotero.org/jaguillette/items/collectionKey/3KQ5I42Q/itemKey/3S433JSV,1785,1796,confident
705,709,705,https://www.zotero.org/jaguillette/items/collectionKey/3KQ5I42Q/itemKey/3S433JSV,1785,1796,confident
706,710,706,https://www.zotero.org/jaguillette/items/collectionKey/3KQ5I42Q/itemKey/3S433JSV,1785,1796,confident
707,711,707,https://www.zotero.org/jaguillette/items/collectionKey/3KQ5I42Q/itemKey/3S433JSV,1785,1796,confident
708,712,708,https://www.zotero.org/jaguillette/items/collectionKey/3KQ5I42Q/itemKey/3S433JSV,1785,1796,confident
709,713,709,https://www.zotero.org/jaguillette/items/collectionKey/3KQ5I42Q/itemKey/3S433JSV,1785,1796,confident
710,714,710,https://www.zotero.org/jaguillette/items/collectionKey/3KQ5I42Q/itemKey/3S433JSV,1785,1796,confident
711,715,711,https://www.zotero.org/jaguillette/items/collectionKey/3KQ5I42Q/itemKey/3S433JSV,1785,1796,confident
712,716,712,https://www.zotero.org/jaguillette/items/collectionKey/3KQ5I42Q/itemKey/3S433JSV,1785,1796,confident
713,717,713,https://www.zotero.org/jaguillette/items/collectionKey/3KQ5I42Q/itemKey/3S433JSV,1785,1796,confident
714,718,714,https://www.zotero.org/jaguillette/items/collectionKey/3KQ5I42Q/itemKey/3S433JSV,1785,1796,confident
715,719,715,https://www.zotero.org/jaguillette/items/collectionKey/3KQ5I42Q/itemKey/3S433JSV,1785,1796,confident
716,720,716,https://www.zotero.org/jaguillette/items/collectionKey/3KQ5I42Q/itemKey/3S433JSV,1785,1796,confident
717,721,717,https://www.zotero.org/jaguillette/items/collectionKey/3KQ5I42Q/itemKey/3S433JSV,1785,1796,confident
718,722,718,https://www.zotero.org/jaguillette/items/collectionKey/3KQ5I42Q/itemKey/3S433JSV,1785,1796,confident
719,723,719,https://www.zotero.org/jaguillette/items/collectionKey/3KQ5I42Q/itemKey/3S433JSV,1785,1796,confident
720,724,720,https://www.zotero.org/jaguillette/items/collectionKey/3KQ5I42Q/itemKey/3S433JSV,1785,1796,confident
721,725,721,https://www.zotero.org/jaguillette/items/collectionKey/3KQ5I42Q/itemKey/3S433JSV,1785,1796,confident
722,726,722,https://www.zotero.org/jaguillette/items/collectionKey/3KQ5I42Q/itemKey/3S433JSV,1785,1796,confident
723,727,723,https://www.zotero.org/jaguillette/items/collectionKey/3KQ5I42Q/itemKey/3S433JSV,1785,1796,confident
724,728,724,https://www.zotero.org/jaguillette/items/collectionKey/3KQ5I42Q/itemKey/3S433JSV,1785,1796,confident
725,729,725,https://www.zotero.org/jaguillette/items/collectionKey/3KQ5I42Q/itemKey/3S433JSV,1785,1796,confident
726,730,726,https://www.zotero.org/jaguillette/items/collectionKey/3KQ5I42Q/itemKey/3S433JSV,1785,1796,confident
727,731,727,https://www.zotero.org/jaguillette/items/collectionKey/3KQ5I42Q/itemKey/3S433JSV,1785,1796,confident
728,732,728,https://www.zotero.org/jaguillette/items/collectionKey/3KQ5I42Q/itemKey/3S433JSV,1785,1796,confident
729,733,729,https://www.zotero.org/jaguillette/items/collectionKey/3KQ5I42Q/itemKey/3S433JSV,1785,1796,confident
730,734,730,https://www.zotero.org/jaguillette/items/collectionKey/3KQ5I42Q/itemKey/3S433JSV,1785,1796,confident
731,735,731,https://www.zotero.org/jaguillette/items/collectionKey/3KQ5I42Q/itemKey/3S433JSV,1785,1796,confident
732,736,732,https://www.zotero.org/jaguillette/items/collectionKey/3KQ5I42Q/itemKey/3S433JSV,1785,1796,confident
733,737,733,https://www.zotero.org/jaguillette/items/collectionKey/3KQ5I42Q/itemKey/3S433JSV,1785,1796,confident
734,738,734,https://www.zotero.org/jaguillette/items/collectionKey/3KQ5I42Q/itemKey/3S433JSV,1785,1796,confident
735,739,735,https://www.zotero.org/jaguillette/items/collectionKey/3KQ5I42Q/itemKey/3S433JSV,1785,1796,confident
736,740,736,https://www.zotero.org/jaguillette/items/collectionKey/3KQ5I42Q/itemKey/3S433JSV,1785,1796,confident
737,741,737,https://www.zotero.org/jaguillette/items/collectionKey/3KQ5I42Q/itemKey/3S433JSV,1785,1796,confident
738,742,738,https://www.zotero.org/jaguillette/items/collectionKey/3KQ5I42Q/itemKey/3S433JSV,1785,1796,confident
739,743,739,https://www.zotero.org/jaguillette/items/collectionKey/3KQ5I42Q/itemKey/3S433JSV,1785,1796,confident
740,744,740,https://www.zotero.org/jaguillette/items/collectionKey/3KQ5I42Q/itemKey/3S433JSV,1785,1796,confident
741,746,741,https://www.zotero.org/jaguillette/items/collectionKey/3KQ5I42Q/itemKey/3S433JSV,1785,1796,confident
742,749,742,https://www.zotero.org/jaguillette/items/collectionKey/3KQ5I42Q/itemKey/3S433JSV,1785,1796,confident
743,750,743,https://www.zotero.org/jaguillette/items/collectionKey/3KQ5I42Q/itemKey/3S433JSV,1785,1796,confident
744,753,744,https://www.zotero.org/jaguillette/items/collectionKey/3KQ5I42Q/itemKey/3S433JSV,1785,1796,confident
745,754,745,https://www.zotero.org/jaguillette/items/collectionKey/3KQ5I42Q/itemKey/3S433JSV,1785,1796,confident
746,755,746,https://www.zotero.org/jaguillette/items/collectionKey/3KQ5I42Q/itemKey/3S433JSV,1785,1796,confident
747,756,747,https://www.zotero.org/jaguillette/items/collectionKey/3KQ5I42Q/itemKey/3S433JSV,1785,1796,confident
748,757,748,https://www.zotero.org/jaguillette/items/collectionKey/3KQ5I42Q/itemKey/3S433JSV,1785,1796,confident
749,758,749,https://www.zotero.org/jaguillette/items/collectionKey/3KQ5I42Q/itemKey/3S433JSV,1785,1796,confident
750,759,750,https://www.zotero.org/jaguillette/items/collectionKey/3KQ5I42Q/itemKey/3S433JSV,1785,1796,confident
751,760,751,https://www.zotero.org/jaguillette/items/collectionKey/3KQ5I42Q/itemKey/3S433JSV,1785,1796,confident
752,761,752,https://www.zotero.org/jaguillette/items/collectionKey/3KQ5I42Q/itemKey/3S433JSV,1785,1796,confident
753,762,753,https://www.zotero.org/jaguillette/items/collectionKey/3KQ5I42Q/itemKey/3S433JSV,1785,1796,confident
754,763,754,https://www.zotero.org/jaguillette/items/collectionKey/3KQ5I42Q/itemKey/3S433JSV,1785,1796,confident
755,764,755,https://www.zotero.org/jaguillette/items/collectionKey/3KQ5I42Q/itemKey/3S433JSV,1785,1796,confident
756,765,756,https://www.zotero.org/jaguillette/items/collectionKey/3KQ5I42Q/itemKey/3S433JSV,1785,1796,confident