ID,child,parent,sourceLink,startDate,endDate,confidence
1,1,756,https://www.zotero.org/jaguillette/items/collectionKey/3KQ5I42Q/itemKey/3S433JSV,1785,1796,confident
2,2,756,https://www.zotero.org/jaguillette/items/collectionKey/3KQ5I42Q/itemKey/3S433JSV,1785,1796,confident
3,3,756,https://www.zotero.org/jaguillette/items/collectionKey/3KQ5I42Q/itemKey/3S433JSV,1785,1796,confident
4,4,756,https://www.zotero.org/jaguillette/items/collectionKey/3KQ5I42Q/itemKey/3S433JSV,1785,1796,confident
5,5,756,https://www.zotero.org/jaguillette/items/collectionKey/3KQ5I42Q/itemKey/3S433JSV,1785,1796,confident
6,6,756,https://www.zotero.org/jaguillette/items/collectionKey/3KQ5I42Q/itemKey/3S433JSV,1785,1796,confident
7,7,756,https://www.zotero.org/jaguillette/items/collectionKey/3KQ5I42Q/itemKey/3S433JSV,1785,1796,confident
8,8,756,https://www.zotero.org/jaguillette/items/collectionKey/3KQ5I42Q/itemKey/3S433JSV,1785,1796,confident
9,9,756,https://www.zotero.org/jaguillette/items/collectionKey/3KQ5I42Q/itemKey/3S433JSV,1785,1796,confident
10,10,756,https://www.zotero.org/jaguillette/items/collectionKey/3KQ5I42Q/itemKey/3S433JSV,1785,1796,confident
11,11,756,https://www.zotero.org/jaguillette/items/collectionKey/3KQ5I42Q/itemKey/3S433JSV,1785,1796,confident
12,12,756,https://www.zotero.org/jaguillette/items/collectionKey/3KQ5I42Q/itemKey/3S433JSV,1785,1796,confident
13,13,756,https://www.zotero.org/jaguillette/items/collectionKey/3KQ5I42Q/itemKey/3S433JSV,1785,1796,confident
14,14,756,https://www.zotero.org/jaguillette/items/collectionKey/3KQ5I42Q/itemKey/3S433JSV,1785,1796,confident
15,15,756,https://www.zotero.org/jaguillette/items/collectionKey/3KQ5I42Q/itemKey/3S433JSV,1785,1796,confident
16,16,756,https://www.zotero.org/jaguillette/items/collectionKey/3KQ5I42Q/itemKey/3S433JSV,1785,1796,confident
17,17,756,https://www.zotero.org/jaguillette/items/collectionKey/3KQ5I42Q/itemKey/3S433JSV,1785,1796,confident
18,18,756,https://www.zotero.org/jaguillette/items/collectionKey/3KQ5I42Q/itemKey/3S433JSV,1785,1796,confident
19,19,756,https://www.zotero.org/jaguillette/items/collectionKey/3KQ5I42Q/itemKey/3S433JSV,1785,1796,confident
20,20,756,https://www.zotero.org/jaguillette/items/collectionKey/3KQ5I42Q/itemKey/3S433JSV,1785,1796,confident
21,21,756,https://www.zotero.org/jaguillette/items/collectionKey/3KQ5I42Q/itemKey/3S433JSV,1785,1796,confident
22,22,756,https://www.zotero.org/jaguillette/items/collectionKey/3KQ5I42Q/itemKey/3S433JSV,1785,1796,confident
23,23,756,https://www.zotero.org/jaguillette/items/collectionKey/3KQ5I42Q/itemKey/3S433JSV,1785,1796,confident
24,24,756,https://www.zotero.org/jaguillette/items/collectionKey/3KQ5I42Q/itemKey/3S433JSV,1785,1796,confident
25,25,756,https://www.zotero.org/jaguillette/items/collectionKey/3KQ5I42Q/itemKey/3S433JSV,1785,1796,confident
26,26,756,https://www.zotero.org/jaguillette/items/collectionKey/3KQ5I42Q/itemKey/3S433JSV,1785,1796,confident
27,27,756,https://www.zotero.org/jaguillette/items/collectionKey/3KQ5I42Q/itemKey/3S433JSV,1785,1796,confident
28,28,756,https://www.zotero.org/jaguillette/items/collectionKey/3KQ5I42Q/itemKey/3S433JSV,1785,1796,confident
29,29,756,https://www.zotero.org/jaguillette/items/collectionKey/3KQ5I42Q/itemKey/3S433JSV,1785,1796,confident
30,30,756,https://www.zotero.org/jaguillette/items/collectionKey/3KQ5I42Q/itemKey/3S433JSV,1785,1796,confident
31,31,756,https://www.zotero.org/jaguillette/items/collectionKey/3KQ5I42Q/itemKey/3S433JSV,1785,1796,confident
32,32,756,https://www.zotero.org/jaguillette/items/collectionKey/3KQ5I42Q/itemKey/3S433JSV,1785,1796,confident
33,33,756,https://www.zotero.org/jaguillette/items/collectionKey/3KQ5I42Q/itemKey/3S433JSV,1785,1796,confident
34,34,756,https://www.zotero.org/jaguillette/items/collectionKey/3KQ5I42Q/itemKey/3S433JSV,1785,1796,confident
35,35,756,https://www.zotero.org/jaguillette/items/collectionKey/3KQ5I42Q/itemKey/3S433JSV,1785,1796,confident
36,36,756,https://www.zotero.org/jaguillette/items/collectionKey/3KQ5I42Q/itemKey/3S433JSV,1785,1796,confident
37,37,756,https://www.zotero.org/jaguillette/items/collectionKey/3KQ5I42Q/itemKey/3S433JSV,1785,1796,confident
38,38,756,https://www.zotero.org/jaguillette/items/collectionKey/3KQ5I42Q/itemKey/3S433JSV,1785,1796,confident
39,39,756,https://www.zotero.org/jaguillette/items/collectionKey/3KQ5I42Q/itemKey/3S433JSV,1785,1796,confident
40,40,756,https://www.zotero.org/jaguillette/items/collectionKey/3KQ5I42Q/itemKey/3S433JSV,1785,1796,confident
41,41,756,https://www.zotero.org/jaguillette/items/collectionKey/3KQ5I42Q/itemKey/3S433JSV,1785,1796,confident
42,42,1,https://www.zotero.org/jaguillette/items/collectionKey/3KQ5I42Q/itemKey/3S433JSV,1785,1796,confident
43,43,2,https://www.zotero.org/jaguillette/items/collectionKey/3KQ5I42Q/itemKey/3S433JSV,1785,1796,confident
44,44,3,https://www.zotero.org/jaguillette/items/collectionKey/3KQ5I42Q/itemKey/3S433JSV,1785,1796,confident
45,45,4,https://www.zotero.org/jaguillette/items/collectionKey/3KQ5I42Q/itemKey/3S433JSV,1785,1796,confident
46,46,5,https://www.zotero.org/jaguillette/items/collectionKey/3KQ5I42Q/itemKey/3S433JSV,1785,1796,confident
47,47,6,https://www.zotero.org/jaguillette/items/collectionKey/3KQ5I42Q/itemKey/3S433JSV,1785,1796,confident
48,48,7,https://www.zotero.org/jaguillette/items/collectionKey/3KQ5I42Q/itemKey/3S433JSV,1785,1796,confident
49,49,8,https://www.zotero.org/jaguillette/items/collectionKey/3KQ5I42Q/itemKey/3S433JSV,1785,1796,confident
50,50,9,https://www.zotero.org/jaguillette/items/collectionKey/3KQ5I42Q/itemKey/3S433JSV,1785,1796,confident
51,51,10,https://www.zotero.org/jaguillette/items/collectionKey/3KQ5I42Q/itemKey/3S433JSV,1785,1796,confident
52,52,11,https://www.zotero.org/jaguillette/items/collectionKey/3KQ5I42Q/itemKey/3S433JSV,1785,1796,confident
53,53,12,https://www.zotero.org/jaguillette/items/collectionKey/3KQ5I42Q/itemKey/3S433JSV,1785,1796,confident
54,54,13,https://www.zotero.org/jaguillette/items/collectionKey/3KQ5I42Q/itemKey/3S433JSV,1785,1796,confident
55,55,14,https://www.zotero.org/jaguillette/items/collectionKey/3KQ5I42Q/itemKey/3S433JSV,1785,1796,confident
56,56,15,https://www.zotero.org/jaguillette/items/collectionKey/3KQ5I42Q/itemKey/3S433JSV,1785,1796,confident
57,57,16,https://www.zotero.org/jaguillette/items/collectionKey/3KQ5I42Q/itemKey/3S433JSV,1785,1796,confident
58,58,17,https://www.zotero.org/jaguillette/items/collectionKey/3KQ5I42Q/itemKey/3S433JSV,1785,1796,confident
59,59,18,https://www.zotero.org/jaguillette/items/collectionKey/3KQ5I42Q/itemKey/3S433JSV,1785,1796,confident
60,60,19,https://www.zotero.org/jaguillette/items/collectionKey/3KQ5I42Q/itemKey/3S433JSV,1785,1796,confident
61,61,20,https://www.zotero.org/jaguillette/items/collectionKey/3KQ5I42Q/itemKey/3S433JSV,1785,1796,confident
62,62,21,https://www.zotero.org/jaguillette/items/collectionKey/3KQ5I42Q/itemKey/3S433JSV,1785,1796,confident
63,63,22,https://www.zotero.org/jaguillette/items/collectionKey/3KQ5I42Q/itemKey/3S433JSV,1785,1796,confident
64,64,23,https://www.zotero.org/jaguillette/items/collectionKey/3KQ5I42Q/itemKey/3S433JSV,1785,1796,confident
65,65,24,https://www.zotero.org/jaguillette/items/collectionKey/3KQ5I42Q/itemKey/3S433JSV,1785,1796,confident
66,66,25,https://www.zotero.org/jaguillette/items/collectionKey/3KQ5I42Q/itemKey/3S433JSV,1785,1796,confident
67,67,26,https://www.zotero.org/jaguillette/items/collectionKey/3KQ5I42Q/itemKey/3S433JSV,1785,1796,confident
68,68,27,https://www.zotero.org/jaguillette/items/collectionKey/3KQ5I42Q/itemKey/3S433JSV,1785,1796,confident
69,69,28,https://www.zotero.org/jaguillette/items/collectionKey/3KQ5I42Q/itemKey/3S433JSV,1785,1796,confident
70,70,29,https://www.zotero.org/jaguillette/items/collectionKey/3KQ5I42Q/itemKey/3S433JSV,1785,1796,confident
71,71,30,https://www.zotero.org/jaguillette/items/collectionKey/3KQ5I42Q/itemKey/3S433JSV,1785,1796,confident
72,72,31,https://www.zotero.org/jaguillette/items/collectionKey/3KQ5I42Q/itemKey/3S433JSV,1785,1796,confident
73,73,32,https://www.zotero.org/jaguillette/items/collectionKey/3KQ5I42Q/itemKey/3S433JSV,1785,1796,confident
74,74,33,https://www.zotero.org/jaguillette/items/collectionKey/3KQ5I42Q/itemKey/3S433JSV,1785,1796,confident
75,75,34,https://www.zotero.org/jaguillette/items/collectionKey/3KQ5I42Q/itemKey/3S433JSV,1785,1796,confident
76,76,35,https://www.zotero.org/jaguillette/items/collectionKey/3KQ5I42Q/itemKey/3S433JSV,1785,1796,confident
77,77,36,https://www.zotero.org/jaguillette/items/collectionKey/3KQ5I42Q/itemKey/3S433JSV,1785,1796,confident
78,78,37,https://www.zotero.org/jaguillette/items/collectionKey/3KQ5I42Q/itemKey/3S433JSV,1785,1796,confident
79,79,38,https://www.zotero.org/jaguillette/items/collectionKey/3KQ5I42Q/itemKey/3S433JSV,1785,1796,confident
80,80,39,https://www.zotero.org/jaguillette/items/collectionKey/3KQ5I42Q/itemKey/3S433JSV,1785,1796,confident
81,81,30,https://www.zotero.org/jaguillette/items/collectionKey/3KQ5I42Q/itemKey/3S433JSV,1785,1796,confident
82,82,35,https://www.zotero.org/jaguillette/items/collectionKey/3KQ5I42Q/itemKey/3S433JSV,1785,1796,confident
83,83,17,https://www.zotero.org/jaguillette/items/collectionKey/3KQ5I42Q/itemKey/3S433JSV,1785,1796,confident
84,84,37,https://www.zotero.org/jaguillette/items/collectionKey/3KQ5I42Q/itemKey/3S433JSV,1785,1796,confident
85,85,16,https://www.zotero.org/jaguillette/items/collectionKey/3KQ5I42Q/itemKey/3S433JSV,1785,1796,confident
86,86,33,https://www.zotero.org/jaguillette/items/collectionKey/3KQ5I42Q/itemKey/3S433JSV,1785,1796,confident
87,87,35,https://www.zotero.org/jaguillette/items/collectionKey/3KQ5I42Q/itemKey/3S433JSV,1785,1796,confident
88,88,16,https://www.zotero.org/jaguillette/items/collectionKey/3KQ5I42Q/itemKey/3S433JSV,1785,1796,confident
89,89,15,https://www.zotero.org/jaguillette/items/collectionKey/3KQ5I42Q/itemKey/3S433JSV,1785,1796,confident
90,90,18,https://www.zotero.org/jaguillette/items/collectionKey/3KQ5I42Q/itemKey/3S433JSV,1785,1796,confident
91,91,5,https://www.zotero.org/jaguillette/items/collectionKey/3KQ5I42Q/itemKey/3S433JSV,1785,1796,confident
92,92,25,https://www.zotero.org/jaguillette/items/collectionKey/3KQ5I42Q/itemKey/3S433JSV,1785,1796,confident
93,93,35,https://www.zotero.org/jaguillette/items/collectionKey/3KQ5I42Q/itemKey/3S433JSV,1785,1796,confident
94,94,1,https://www.zotero.org/jaguillette/items/collectionKey/3KQ5I42Q/itemKey/3S433JSV,1785,1796,confident
95,95,9,https://www.zotero.org/jaguillette/items/collectionKey/3KQ5I42Q/itemKey/3S433JSV,1785,1796,confident
96,96,1,https://www.zotero.org/jaguillette/items/collectionKey/3KQ5I42Q/itemKey/3S433JSV,1785,1796,confident
97,97,38,https://www.zotero.org/jaguillette/items/collectionKey/3KQ5I42Q/itemKey/3S433JSV,1785,1796,confident
98,98,3,https://www.zotero.org/jaguillette/items/collectionKey/3KQ5I42Q/itemKey/3S433JSV,1785,1796,confident
99,99,24,https://www.zotero.org/jaguillette/items/collectionKey/3KQ5I42Q/itemKey/3S433JSV,1785,1796,confident
100,100,1,https://www.zotero.org/jaguillette/items/collectionKey/3KQ5I42Q/itemKey/3S433JSV,1785,1796,confident
101,101,28,https://www.zotero.org/jaguillette/items/collectionKey/3KQ5I42Q/itemKey/3S433JSV,1785,1796,confident
102,102,21,https://www.zotero.org/jaguillette/items/collectionKey/3KQ5I42Q/itemKey/3S433JSV,1785,1796,confident
103,103,35,https://www.zotero.org/jaguillette/items/collectionKey/3KQ5I42Q/itemKey/3S433JSV,1785,1796,confident
104,104,28,https://www.zotero.org/jaguillette/items/collectionKey/3KQ5I42Q/itemKey/3S433JSV,1785,1796,confident
105,105,1,https://www.zotero.org/jaguillette/items/collectionKey/3KQ5I42Q/itemKey/3S433JSV,1785,1796,confident
106,106,33,https://www.zotero.org/jaguillette/items/collectionKey/3KQ5I42Q/itemKey/3S433JSV,1785,1796,confident
107,107,37,https://www.zotero.org/jaguillette/items/collectionKey/3KQ5I42Q/itemKey/3S433JSV,1785,1796,confident
108,108,28,https://www.zotero.org/jaguillette/items/collectionKey/3KQ5I42Q/itemKey/3S433JSV,1785,1796,confident
109,109,33,https://www.zotero.org/jaguillette/items/collectionKey/3KQ5I42Q/itemKey/3S433JSV,1785,1796,confident
110,110,35,https://www.zotero.org/jaguillette/items/collectionKey/3KQ5I42Q/itemKey/3S433JSV,1785,1796,confident
111,111,22,https://www.zotero.org/jaguillette/items/collectionKey/3KQ5I42Q/itemKey/3S433JSV,1785,1796,confident
112,112,14,https://www.zotero.org/jaguillette/items/collectionKey/3KQ5I42Q/itemKey/3S433JSV,1785,1796,confident
113,113,9,https://www.zotero.org/jaguillette/items/collectionKey/3KQ5I42Q/itemKey/3S433JSV,1785,1796,confident
114,114,16,https://www.zotero.org/jaguillette/items/collectionKey/3KQ5I42Q/itemKey/3S433JSV,1785,1796,confident
115,115,12,https://www.zotero.org/jaguillette/items/collectionKey/3KQ5I42Q/itemKey/3S433JSV,1785,1796,confident
116,116,32,https://www.zotero.org/jaguillette/items/collectionKey/3KQ5I42Q/itemKey/3S433JSV,1785,1796,confident
117,117,1,https://www.zotero.org/jaguillette/items/collectionKey/3KQ5I42Q/itemKey/3S433JSV,1785,1796,confident
118,118,15,https://www.zotero.org/jaguillette/items/collectionKey/3KQ5I42Q/itemKey/3S433JSV,1785,1796,confident
119,119,22,https://www.zotero.org/jaguillette/items/collectionKey/3KQ5I42Q/itemKey/3S433JSV,1785,1796,confident
120,120,32,https://www.zotero.org/jaguillette/items/collectionKey/3KQ5I42Q/itemKey/3S433JSV,1785,1796,confident
121,121,21,https://www.zotero.org/jaguillette/items/collectionKey/3KQ5I42Q/itemKey/3S433JSV,1785,1796,confident
122,122,13,https://www.zotero.org/jaguillette/items/collectionKey/3KQ5I42Q/itemKey/3S433JSV,1785,1796,confident
123,123,39,https://www.zotero.org/jaguillette/items/collectionKey/3KQ5I42Q/itemKey/3S433JSV,1785,1796,confident
124,124,2,https://www.zotero.org/jaguillette/items/collectionKey/3KQ5I42Q/itemKey/3S433JSV,1785,1796,confident
125,125,13,https://www.zotero.org/jaguillette/items/collectionKey/3KQ5I42Q/itemKey/3S433JSV,1785,1796,confident
126,126,37,https://www.zotero.org/jaguillette/items/collectionKey/3KQ5I42Q/itemKey/3S433JSV,1785,1796,confident
127,127,1,https://www.zotero.org/jaguillette/items/collectionKey/3KQ5I42Q/itemKey/3S433JSV,1785,1796,confident
128,128,16,https://www.zotero.org/jaguillette/items/collectionKey/3KQ5I42Q/itemKey/3S433JSV,1785,1796,confident
129,129,22,https://www.zotero.org/jaguillette/items/collectionKey/3KQ5I42Q/itemKey/3S433JSV,1785,1796,confident
130,130,22,https://www.zotero.org/jaguillette/items/collectionKey/3KQ5I42Q/itemKey/3S433JSV,1785,1796,confident
131,131,35,https://www.zotero.org/jaguillette/items/collectionKey/3KQ5I42Q/itemKey/3S433JSV,1785,1796,confident
132,132,38,https://www.zotero.org/jaguillette/items/collectionKey/3KQ5I42Q/itemKey/3S433JSV,1785,1796,confident
133,133,16,https://www.zotero.org/jaguillette/items/collectionKey/3KQ5I42Q/itemKey/3S433JSV,1785,1796,confident
134,134,25,https://www.zotero.org/jaguillette/items/collectionKey/3KQ5I42Q/itemKey/3S433JSV,1785,1796,confident
135,135,13,https://www.zotero.org/jaguillette/items/collectionKey/3KQ5I42Q/itemKey/3S433JSV,1785,1796,confident
136,136,39,https://www.zotero.org/jaguillette/items/collectionKey/3KQ5I42Q/itemKey/3S433JSV,1785,1796,confident
137,137,38,https://www.zotero.org/jaguillette/items/collectionKey/3KQ5I42Q/itemKey/3S433JSV,1785,1796,confident
138,138,8,https://www.zotero.org/jaguillette/items/collectionKey/3KQ5I42Q/itemKey/3S433JSV,1785,1796,confident
139,139,39,https://www.zotero.org/jaguillette/items/collectionKey/3KQ5I42Q/itemKey/3S433JSV,1785,1796,confident
140,140,38,https://www.zotero.org/jaguillette/items/collectionKey/3KQ5I42Q/itemKey/3S433JSV,1785,1796,confident
141,141,16,https://www.zotero.org/jaguillette/items/collectionKey/3KQ5I42Q/itemKey/3S433JSV,1785,1796,confident
142,142,39,https://www.zotero.org/jaguillette/items/collectionKey/3KQ5I42Q/itemKey/3S433JSV,1785,1796,confident
143,143,1,https://www.zotero.org/jaguillette/items/collectionKey/3KQ5I42Q/itemKey/3S433JSV,1785,1796,confident
144,144,22,https://www.zotero.org/jaguillette/items/collectionKey/3KQ5I42Q/itemKey/3S433JSV,1785,1796,confident
145,145,11,https://www.zotero.org/jaguillette/items/collectionKey/3KQ5I42Q/itemKey/3S433JSV,1785,1796,confident
146,147,19,https://www.zotero.org/jaguillette/items/collectionKey/3KQ5I42Q/itemKey/3S433JSV,1785,1796,confident
147,148,16,https://www.zotero.org/jaguillette/items/collectionKey/3KQ5I42Q/itemKey/3S433JSV,1785,1796,confident
148,149,19,https://www.zotero.org/jaguillette/items/collectionKey/3KQ5I42Q/itemKey/3S433JSV,1785,1796,confident
149,150,3,https://www.zotero.org/jaguillette/items/collectionKey/3KQ5I42Q/itemKey/3S433JSV,1785,1796,confident
150,151,32,https://www.zotero.org/jaguillette/items/collectionKey/3KQ5I42Q/itemKey/3S433JSV,1785,1796,confident
151,152,36,https://www.zotero.org/jaguillette/items/collectionKey/3KQ5I42Q/itemKey/3S433JSV,1785,1796,confident
152,153,16,https://www.zotero.org/jaguillette/items/collectionKey/3KQ5I42Q/itemKey/3S433JSV,1785,1796,confident
153,155,14,https://www.zotero.org/jaguillette/items/collectionKey/3KQ5I42Q/itemKey/3S433JSV,1785,1796,confident
154,156,32,https://www.zotero.org/jaguillette/items/collectionKey/3KQ5I42Q/itemKey/3S433JSV,1785,1796,confident
155,157,14,https://www.zotero.org/jaguillette/items/collectionKey/3KQ5I42Q/itemKey/3S433JSV,1785,1796,confident
156,158,4,https://www.zotero.org/jaguillette/items/collectionKey/3KQ5I42Q/itemKey/3S433JSV,1785,1796,confident
157,159,29,https://www.zotero.org/jaguillette/items/collectionKey/3KQ5I42Q/itemKey/3S433JSV,1785,1796,confident
158,160,37,https://www.zotero.org/jaguillette/items/collectionKey/3KQ5I42Q/itemKey/3S433JSV,1785,1796,confident
159,161,38,https://www.zotero.org/jaguillette/items/collectionKey/3KQ5I42Q/itemKey/3S433JSV,1785,1796,confident
160,162,32,https://www.zotero.org/jaguillette/items/collectionKey/3KQ5I42Q/itemKey/3S433JSV,1785,1796,confident
161,163,1,https://www.zotero.org/jaguillette/items/collectionKey/3KQ5I42Q/itemKey/3S433JSV,1785,1796,confident
162,164,21,https://www.zotero.org/jaguillette/items/collectionKey/3KQ5I42Q/itemKey/3S433JSV,1785,1796,confident
163,165,37,https://www.zotero.org/jaguillette/items/collectionKey/3KQ5I42Q/itemKey/3S433JSV,1785,1796,confident
164,166,24,https://www.zotero.org/jaguillette/items/collectionKey/3KQ5I42Q/itemKey/3S433JSV,1785,1796,confident
165,167,27,https://www.zotero.org/jaguillette/items/collectionKey/3KQ5I42Q/itemKey/3S433JSV,1785,1796,confident
166,168,33,https://www.zotero.org/jaguillette/items/collectionKey/3KQ5I42Q/itemKey/3S433JSV,1785,1796,confident
167,169,27,https://www.zotero.org/jaguillette/items/collectionKey/3KQ5I42Q/itemKey/3S433JSV,1785,1796,confident
168,170,3,https://www.zotero.org/jaguillette/items/collectionKey/3KQ5I42Q/itemKey/3S433JSV,1785,1796,confident
169,171,25,https://www.zotero.org/jaguillette/items/collectionKey/3KQ5I42Q/itemKey/3S433JSV,1785,1796,confident
170,172,13,https://www.zotero.org/jaguillette/items/collectionKey/3KQ5I42Q/itemKey/3S433JSV,1785,1796,confident
171,173,17,https://www.zotero.org/jaguillette/items/collectionKey/3KQ5I42Q/itemKey/3S433JSV,1785,1796,confident
172,174,4,https://www.zotero.org/jaguillette/items/collectionKey/3KQ5I42Q/itemKey/3S433JSV,1785,1796,confident
173,175,32,https://www.zotero.org/jaguillette/items/collectionKey/3KQ5I42Q/itemKey/3S433JSV,1785,1796,confident
174,176,31,https://www.zotero.org/jaguillette/items/collectionKey/3KQ5I42Q/itemKey/3S433JSV,1785,1796,confident
175,177,9,https://www.zotero.org/jaguillette/items/collectionKey/3KQ5I42Q/itemKey/3S433JSV,1785,1796,confident
176,178,12,https://www.zotero.org/jaguillette/items/collectionKey/3KQ5I42Q/itemKey/3S433JSV,1785,1796,confident
177,179,9,https://www.zotero.org/jaguillette/items/collectionKey/3KQ5I42Q/itemKey/3S433JSV,1785,1796,confident
178,180,5,https://www.zotero.org/jaguillette/items/collectionKey/3KQ5I42Q/itemKey/3S433JSV,1785,1796,confident
179,181,13,https://www.zotero.org/jaguillette/items/collectionKey/3KQ5I42Q/itemKey/3S433JSV,1785,1796,confident
180,182,3,https://www.zotero.org/jaguillette/items/collectionKey/3KQ5I42Q/itemKey/3S433JSV,1785,1796,confident
181,183,13,https://www.zotero.org/jaguillette/items/collectionKey/3KQ5I42Q/itemKey/3S433JSV,1785,1796,confident
182,184,30,https://www.zotero.org/jaguillette/items/collectionKey/3KQ5I42Q/itemKey/3S433JSV,1785,1796,confident
183,185,7,https://www.zotero.org/jaguillette/items/collectionKey/3KQ5I42Q/itemKey/3S433JSV,1785,1796,confident
184,186,35,https://www.zotero.org/jaguillette/items/collectionKey/3KQ5I42Q/itemKey/3S433JSV,1785,1796,confident
185,187,4,https://www.zotero.org/jaguillette/items/collectionKey/3KQ5I42Q/itemKey/3S433JSV,1785,1796,confident
186,188,37,https://www.zotero.org/jaguillette/items/collectionKey/3KQ5I42Q/itemKey/3S433JSV,1785,1796,confident
187,189,21,https://www.zotero.org/jaguillette/items/collectionKey/3KQ5I42Q/itemKey/3S433JSV,1785,1796,confident
188,190,29,https://www.zotero.org/jaguillette/items/collectionKey/3KQ5I42Q/itemKey/3S433JSV,1785,1796,confident
189,191,11,https://www.zotero.org/jaguillette/items/collectionKey/3KQ5I42Q/itemKey/3S433JSV,1785,1796,confident
190,192,4,https://www.zotero.org/jaguillette/items/collectionKey/3KQ5I42Q/itemKey/3S433JSV,1785,1796,confident
191,193,32,https://www.zotero.org/jaguillette/items/collectionKey/3KQ5I42Q/itemKey/3S433JSV,1785,1796,confident
192,194,12,https://www.zotero.org/jaguillette/items/collectionKey/3KQ5I42Q/itemKey/3S433JSV,1785,1796,confident
193,195,38,https://www.zotero.org/jaguillette/items/collectionKey/3KQ5I42Q/itemKey/3S433JSV,1785,1796,confident
194,196,17,https://www.zotero.org/jaguillette/items/collectionKey/3KQ5I42Q/itemKey/3S433JSV,1785,1796,confident
195,197,40,https://www.zotero.org/jaguillette/items/collectionKey/3KQ5I42Q/itemKey/3S433JSV,1785,1796,confident
196,198,20,https://www.zotero.org/jaguillette/items/collectionKey/3KQ5I42Q/itemKey/3S433JSV,1785,1796,confident
197,199,37,https://www.zotero.org/jaguillette/items/collectionKey/3KQ5I42Q/itemKey/3S433JSV,1785,1796,confident
198,200,23,https://www.zotero.org/jaguillette/items/collectionKey/3KQ5I42Q/itemKey/3S433JSV,1785,1796,confident
199,201,28,https://www.zotero.org/jaguillette/items/collectionKey/3KQ5I42Q/itemKey/3S433JSV,1785,1796,confident
200,202,27,https://www.zotero.org/jaguillette/items/collectionKey/3KQ5I42Q/itemKey/3S433JSV,1785,1796,confident
201,203,21,https://www.zotero.org/jaguillette/items/collectionKey/3KQ5I42Q/itemKey/3S433JSV,1785,1796,confident
202,204,5,https://www.zotero.org/jaguillette/items/collectionKey/3KQ5I42Q/itemKey/3S433JSV,1785,1796,confident
203,205,16,https://www.zotero.org/jaguillette/items/collectionKey/3KQ5I42Q/itemKey/3S433JSV,1785,1796,confident
204,206,1,https://www.zotero.org/jaguillette/items/collectionKey/3KQ5I42Q/itemKey/3S433JSV,1785,1796,confident
205,207,11,https://www.zotero.org/jaguillette/items/collectionKey/3KQ5I42Q/itemKey/3S433JSV,1785,1796,confident
206,208,1,https://www.zotero.org/jaguillette/items/collectionKey/3KQ5I42Q/itemKey/3S433JSV,1785,1796,confident
207,209,35,https://www.zotero.org/jaguillette/items/collectionKey/3KQ5I42Q/itemKey/3S433JSV,1785,1796,confident
208,210,12,https://www.zotero.org/jaguillette/items/collectionKey/3KQ5I42Q/itemKey/3S433JSV,1785,1796,confident
209,211,25,https://www.zotero.org/jaguillette/items/collectionKey/3KQ5I42Q/itemKey/3S433JSV,1785,1796,confident
210,212,11,https://www.zotero.org/jaguillette/items/collectionKey/3KQ5I42Q/itemKey/3S433JSV,1785,1796,confident
211,213,3,https://www.zotero.org/jaguillette/items/collectionKey/3KQ5I42Q/itemKey/3S433JSV,1785,1796,confident
212,214,25,https://www.zotero.org/jaguillette/items/collectionKey/3KQ5I42Q/itemKey/3S433JSV,1785,1796,confident
213,215,30,https://www.zotero.org/jaguillette/items/collectionKey/3KQ5I42Q/itemKey/3S433JSV,1785,1796,confident
214,216,37,https://www.zotero.org/jaguillette/items/collectionKey/3KQ5I42Q/itemKey/3S433JSV,1785,1796,confident
215,217,14,https://www.zotero.org/jaguillette/items/collectionKey/3KQ5I42Q/itemKey/3S433JSV,1785,1796,confident
216,218,7,https://www.zotero.org/jaguillette/items/collectionKey/3KQ5I42Q/itemKey/3S433JSV,1785,1796,confident
217,219,9,https://www.zotero.org/jaguillette/items/collectionKey/3KQ5I42Q/itemKey/3S433JSV,1785,1796,confident
218,220,20,https://www.zotero.org/jaguillette/items/collectionKey/3KQ5I42Q/itemKey/3S433JSV,1785,1796,confident
219,221,22,https://www.zotero.org/jaguillette/items/collectionKey/3KQ5I42Q/itemKey/3S433JSV,1785,1796,confident
220,222,3,https://www.zotero.org/jaguillette/items/collectionKey/3KQ5I42Q/itemKey/3S433JSV,1785,1796,confident
221,223,38,https://www.zotero.org/jaguillette/items/collectionKey/3KQ5I42Q/itemKey/3S433JSV,1785,1796,confident
222,224,35,https://www.zotero.org/jaguillette/items/collectionKey/3KQ5I42Q/itemKey/3S433JSV,1785,1796,confident
223,225,23,https://www.zotero.org/jaguillette/items/collectionKey/3KQ5I42Q/itemKey/3S433JSV,1785,1796,confident
224,226,40,https://www.zotero.org/jaguillette/items/collectionKey/3KQ5I42Q/itemKey/3S433JSV,1785,1796,confident
225,227,14,https://www.zotero.org/jaguillette/items/collectionKey/3KQ5I42Q/itemKey/3S433JSV,1785,1796,confident
226,228,12,https://www.zotero.org/jaguillette/items/collectionKey/3KQ5I42Q/itemKey/3S433JSV,1785,1796,confident
227,229,12,https://www.zotero.org/jaguillette/items/collectionKey/3KQ5I42Q/itemKey/3S433JSV,1785,1796,confident
228,230,28,https://www.zotero.org/jaguillette/items/collectionKey/3KQ5I42Q/itemKey/3S433JSV,1785,1796,confident
229,231,32,https://www.zotero.org/jaguillette/items/collectionKey/3KQ5I42Q/itemKey/3S433JSV,1785,1796,confident
230,232,12,https://www.zotero.org/jaguillette/items/collectionKey/3KQ5I42Q/itemKey/3S433JSV,1785,1796,confident
231,233,3,https://www.zotero.org/jaguillette/items/collectionKey/3KQ5I42Q/itemKey/3S433JSV,1785,1796,confident
232,234,21,https://www.zotero.org/jaguillette/items/collectionKey/3KQ5I42Q/itemKey/3S433JSV,1785,1796,confident
233,235,39,https://www.zotero.org/jaguillette/items/collectionKey/3KQ5I42Q/itemKey/3S433JSV,1785,1796,confident
234,236,37,https://www.zotero.org/jaguillette/items/collectionKey/3KQ5I42Q/itemKey/3S433JSV,1785,1796,confident
235,237,35,https://www.zotero.org/jaguillette/items/collectionKey/3KQ5I42Q/itemKey/3S433JSV,1785,1796,confident
236,238,9,https://www.zotero.org/jaguillette/items/collectionKey/3KQ5I42Q/itemKey/3S433JSV,1785,1796,confident
237,239,33,https://www.zotero.org/jaguillette/items/collectionKey/3KQ5I42Q/itemKey/3S433JSV,1785,1796,confident
238,240,5,https://www.zotero.org/jaguillette/items/collectionKey/3KQ5I42Q/itemKey/3S433JSV,1785,1796,confident
239,241,12,https://www.zotero.org/jaguillette/items/collectionKey/3KQ5I42Q/itemKey/3S433JSV,1785,1796,confident
240,242,29,https://www.zotero.org/jaguillette/items/collectionKey/3KQ5I42Q/itemKey/3S433JSV,1785,1796,confident
241,243,14,https://www.zotero.org/jaguillette/items/collectionKey/3KQ5I42Q/itemKey/3S433JSV,1785,1796,confident
242,244,15,https://www.zotero.org/jaguillette/items/collectionKey/3KQ5I42Q/itemKey/3S433JSV,1785,1796,confident
243,245,39,https://www.zotero.org/jaguillette/items/collectionKey/3KQ5I42Q/itemKey/3S433JSV,1785,1796,confident
244,246,15,https://www.zotero.org/jaguillette/items/collectionKey/3KQ5I42Q/itemKey/3S433JSV,1785,1796,confident
245,247,28,https://www.zotero.org/jaguillette/items/collectionKey/3KQ5I42Q/itemKey/3S433JSV,1785,1796,confident
246,248,17,https://www.zotero.org/jaguillette/items/collectionKey/3KQ5I42Q/itemKey/3S433JSV,1785,1796,confident
247,249,6,https://www.zotero.org/jaguillette/items/collectionKey/3KQ5I42Q/itemKey/3S433JSV,1785,1796,confident
248,250,29,https://www.zotero.org/jaguillette/items/collectionKey/3KQ5I42Q/itemKey/3S433JSV,1785,1796,confident
249,251,12,https://www.zotero.org/jaguillette/items/collectionKey/3KQ5I42Q/itemKey/3S433JSV,1785,1796,confident
250,252,1,https://www.zotero.org/jaguillette/items/collectionKey/3KQ5I42Q/itemKey/3S433JSV,1785,1796,confident
251,253,4,https://www.zotero.org/jaguillette/items/collectionKey/3KQ5I42Q/itemKey/3S433JSV,1785,1796,confident
252,254,30,https://www.zotero.org/jaguillette/items/collectionKey/3KQ5I42Q/itemKey/3S433JSV,1785,1796,confident
253,255,15,https://www.zotero.org/jaguillette/items/collectionKey/3KQ5I42Q/itemKey/3S433JSV,1785,1796,confident
254,256,21,https://www.zotero.org/jaguillette/items/collectionKey/3KQ5I42Q/itemKey/3S433JSV,1785,1796,confident
255,257,12,https://www.zotero.org/jaguillette/items/collectionKey/3KQ5I42Q/itemKey/3S433JSV,1785,1796,confident
256,258,18,https://www.zotero.org/jaguillette/items/collectionKey/3KQ5I42Q/itemKey/3S433JSV,1785,1796,confident
257,259,25,https://www.zotero.org/jaguillette/items/collectionKey/3KQ5I42Q/itemKey/3S433JSV,1785,1796,confident
258,260,39,https://www.zotero.org/jaguillette/items/collectionKey/3KQ5I42Q/itemKey/3S433JSV,1785,1796,confident
259,261,4,https://www.zotero.org/jaguillette/items/collectionKey/3KQ5I42Q/itemKey/3S433JSV,1785,1796,confident
260,262,4,https://www.zotero.org/jaguillette/items/collectionKey/3KQ5I42Q/itemKey/3S433JSV,1785,1796,confident
261,263,15,https://www.zotero.org/jaguillette/items/collectionKey/3KQ5I42Q/itemKey/3S433JSV,1785,1796,confident
262,264,27,https://www.zotero.org/jaguillette/items/collectionKey/3KQ5I42Q/itemKey/3S433JSV,1785,1796,confident
263,265,29,https://www.zotero.org/jaguillette/items/collectionKey/3KQ5I42Q/itemKey/3S433JSV,1785,1796,confident
264,266,8,https://www.zotero.org/jaguillette/items/collectionKey/3KQ5I42Q/itemKey/3S433JSV,1785,1796,confident
265,267,18,https://www.zotero.org/jaguillette/items/collectionKey/3KQ5I42Q/itemKey/3S433JSV,1785,1796,confident
266,268,37,https://www.zotero.org/jaguillette/items/collectionKey/3KQ5I42Q/itemKey/3S433JSV,1785,1796,confident
267,269,11,https://www.zotero.org/jaguillette/items/collectionKey/3KQ5I42Q/itemKey/3S433JSV,1785,1796,confident
268,270,1,https://www.zotero.org/jaguillette/items/collectionKey/3KQ5I42Q/itemKey/3S433JSV,1785,1796,confident
269,271,1,https://www.zotero.org/jaguillette/items/collectionKey/3KQ5I42Q/itemKey/3S433JSV,1785,1796,confident
270,272,1,https://www.zotero.org/jaguillette/items/collectionKey/3KQ5I42Q/itemKey/3S433JSV,1785,1796,confident
271,273,23,https://www.zotero.org/jaguillette/items/collectionKey/3KQ5I42Q/itemKey/3S433JSV,1785,1796,confident
272,274,32,https://www.zotero.org/jaguillette/items/collectionKey/3KQ5I42Q/itemKey/3S433JSV,1785,1796,confident
273,275,11,https://www.zotero.org/jaguillette/items/collectionKey/3KQ5I42Q/itemKey/3S433JSV,1785,1796,confident
274,276,31,https://www.zotero.org/jaguillette/items/collectionKey/3KQ5I42Q/itemKey/3S433JSV,1785,1796,confident
275,277,8,https://www.zotero.org/jaguillette/items/collectionKey/3KQ5I42Q/itemKey/3S433JSV,1785,1796,confident
276,278,37,https://www.zotero.org/jaguillette/items/collectionKey/3KQ5I42Q/itemKey/3S433JSV,1785,1796,confident
277,279,31,https://www.zotero.org/jaguillette/items/collectionKey/3KQ5I42Q/itemKey/3S433JSV,1785,1796,confident
278,280,6,https://www.zotero.org/jaguillette/items/collectionKey/3KQ5I42Q/itemKey/3S433JSV,1785,1796,confident
279,282,38,https://www.zotero.org/jaguillette/items/collectionKey/3KQ5I42Q/itemKey/3S433JSV,1785,1796,confident
280,283,39,https://www.zotero.org/jaguillette/items/collectionKey/3KQ5I42Q/itemKey/3S433JSV,1785,1796,confident
281,284,39,https://www.zotero.org/jaguillette/items/collectionKey/3KQ5I42Q/itemKey/3S433JSV,1785,1796,confident
282,285,39,https://www.zotero.org/jaguillette/items/collectionKey/3KQ5I42Q/itemKey/3S433JSV,1785,1796,confident
283,286,31,https://www.zotero.org/jaguillette/items/collectionKey/3KQ5I42Q/itemKey/3S433JSV,1785,1796,confident
284,287,31,https://www.zotero.org/jaguillette/items/collectionKey/3KQ5I42Q/itemKey/3S433JSV,1785,1796,confident
285,288,15,https://www.zotero.org/jaguillette/items/collectionKey/3KQ5I42Q/itemKey/3S433JSV,1785,1796,confident
286,289,15,https://www.zotero.org/jaguillette/items/collectionKey/3KQ5I42Q/itemKey/3S433JSV,1785,1796,confident
287,290,15,https://www.zotero.org/jaguillette/items/collectionKey/3KQ5I42Q/itemKey/3S433JSV,1785,1796,confident
288,291,32,https://www.zotero.org/jaguillette/items/collectionKey/3KQ5I42Q/itemKey/3S433JSV,1785,1796,confident
289,292,32,https://www.zotero.org/jaguillette/items/collectionKey/3KQ5I42Q/itemKey/3S433JSV,1785,1796,confident
290,293,17,https://www.zotero.org/jaguillette/items/collectionKey/3KQ5I42Q/itemKey/3S433JSV,1785,1796,confident
291,294,17,https://www.zotero.org/jaguillette/items/collectionKey/3KQ5I42Q/itemKey/3S433JSV,1785,1796,confident
292,295,17,https://www.zotero.org/jaguillette/items/collectionKey/3KQ5I42Q/itemKey/3S433JSV,1785,1796,confident
293,296,17,https://www.zotero.org/jaguillette/items/collectionKey/3KQ5I42Q/itemKey/3S433JSV,1785,1796,confident
294,297,17,https://www.zotero.org/jaguillette/items/collectionKey/3KQ5I42Q/itemKey/3S433JSV,1785,1796,confident
295,298,21,https://www.zotero.org/jaguillette/items/collectionKey/3KQ5I42Q/itemKey/3S433JSV,1785,1796,confident
296,299,35,https://www.zotero.org/jaguillette/items/collectionKey/3KQ5I42Q/itemKey/3S433JSV,1785,1796,confident
297,300,28,https://www.zotero.org/jaguillette/items/collectionKey/3KQ5I42Q/itemKey/3S433JSV,1785,1796,confident
298,301,28,https://www.zotero.org/jaguillette/items/collectionKey/3KQ5I42Q/itemKey/3S433JSV,1785,1796,confident
299,302,33,https://www.zotero.org/jaguillette/items/collectionKey/3KQ5I42Q/itemKey/3S433JSV,1785,1796,confident
300,303,7,https://www.zotero.org/jaguillette/items/collectionKey/3KQ5I42Q/itemKey/3S433JSV,1785,1796,confident
301,304,7,https://www.zotero.org/jaguillette/items/collectionKey/3KQ5I42Q/itemKey/3S433JSV,1785,1796,confident
302,305,34,https://www.zotero.org/jaguillette/items/collectionKey/3KQ5I42Q/itemKey/3S433JSV,1785,1796,confident
303,306,15,https://www.zotero.org/jaguillette/items/collectionKey/3KQ5I42Q/itemKey/3S433JSV,1785,1796,confident
304,307,18,https://www.zotero.org/jaguillette/items/collectionKey/3KQ5I42Q/itemKey/3S433JSV,1785,1796,confident
305,308,18,https://www.zotero.org/jaguillette/items/collectionKey/3KQ5I42Q/itemKey/3S433JSV,1785,1796,confident
306,309,38,https://www.zotero.org/jaguillette/items/collectionKey/3KQ5I42Q/itemKey/3S433JSV,1785,1796,confident
307,310,34,https://www.zotero.org/jaguillette/items/collectionKey/3KQ5I42Q/itemKey/3S433JSV,1785,1796,confident
308,311,33,https://www.zotero.org/jaguillette/items/collectionKey/3KQ5I42Q/itemKey/3S433JSV,1785,1796,confident
309,312,26,https://www.zotero.org/jaguillette/items/collectionKey/3KQ5I42Q/itemKey/3S433JSV,1785,1796,confident
310,313,31,https://www.zotero.org/jaguillette/items/collectionKey/3KQ5I42Q/itemKey/3S433JSV,1785,1796,confident
311,314,8,https://www.zotero.org/jaguillette/items/collectionKey/3KQ5I42Q/itemKey/3S433JSV,1785,1796,confident
312,315,38,https://www.zotero.org/jaguillette/items/collectionKey/3KQ5I42Q/itemKey/3S433JSV,1785,1796,confident
313,316,18,https://www.zotero.org/jaguillette/items/collectionKey/3KQ5I42Q/itemKey/3S433JSV,1785,1796,confident
314,317,21,https://www.zotero.org/jaguillette/items/collectionKey/3KQ5I42Q/itemKey/3S433JSV,1785,1796,confident
315,318,12,https://www.zotero.org/jaguillette/items/collectionKey/3KQ5I42Q/itemKey/3S433JSV,1785,1796,confident
316,319,34,https://www.zotero.org/jaguillette/items/collectionKey/3KQ5I42Q/itemKey/3S433JSV,1785,1796,confident
317,320,19,https://www.zotero.org/jaguillette/items/collectionKey/3KQ5I42Q/itemKey/3S433JSV,1785,1796,confident
318,321,6,https://www.zotero.org/jaguillette/items/collectionKey/3KQ5I42Q/itemKey/3S433JSV,1785,1796,confident
319,322,3,https://www.zotero.org/jaguillette/items/collectionKey/3KQ5I42Q/itemKey/3S433JSV,1785,1796,confident
320,323,27,https://www.zotero.org/jaguillette/items/collectionKey/3KQ5I42Q/itemKey/3S433JSV,1785,1796,confident
321,324,20,https://www.zotero.org/jaguillette/items/collectionKey/3KQ5I42Q/itemKey/3S433JSV,1785,1796,confident
322,325,33,https://www.zotero.org/jaguillette/items/collectionKey/3KQ5I42Q/itemKey/3S433JSV,1785,1796,confident
323,326,24,https://www.zotero.org/jaguillette/items/collectionKey/3KQ5I42Q/itemKey/3S433JSV,1785,1796,confident
324,327,14,https://www.zotero.org/jaguillette/items/collectionKey/3KQ5I42Q/itemKey/3S433JSV,1785,1796,confident
325,328,15,https://www.zotero.org/jaguillette/items/collectionKey/3KQ5I42Q/itemKey/3S433JSV,1785,1796,confident
326,329,18,https://www.zotero.org/jaguillette/items/collectionKey/3KQ5I42Q/itemKey/3S433JSV,1785,1796,confident
327,330,6,https://www.zotero.org/jaguillette/items/collectionKey/3KQ5I42Q/itemKey/3S433JSV,1785,1796,confident
328,331,29,https://www.zotero.org/jaguillette/items/collectionKey/3KQ5I42Q/itemKey/3S433JSV,1785,1796,confident
329,332,23,https://www.zotero.org/jaguillette/items/collectionKey/3KQ5I42Q/itemKey/3S433JSV,1785,1796,confident
330,333,37,https://www.zotero.org/jaguillette/items/collectionKey/3KQ5I42Q/itemKey/3S433JSV,1785,1796,confident
331,334,16,https://www.zotero.org/jaguillette/items/collectionKey/3KQ5I42Q/itemKey/3S433JSV,1785,1796,confident
332,335,22,https://www.zotero.org/jaguillette/items/collectionKey/3KQ5I42Q/itemKey/3S433JSV,1785,1796,confident
333,336,23,https://www.zotero.org/jaguillette/items/collectionKey/3KQ5I42Q/itemKey/3S433JSV,1785,1796,confident
334,337,22,https://www.zotero.org/jaguillette/items/collectionKey/3KQ5I42Q/itemKey/3S433JSV,1785,1796,confident
335,338,43,https://www.zotero.org/jaguillette/items/collectionKey/3KQ5I42Q/itemKey/3S433JSV,1785,1796,confident
336,339,46,https://www.zotero.org/jaguillette/items/collectionKey/3KQ5I42Q/itemKey/3S433JSV,1785,1796,confident
337,340,47,https://www.zotero.org/jaguillette/items/collectionKey/3KQ5I42Q/itemKey/3S433JSV,1785,1796,confident
338,341,50,https://www.zotero.org/jaguillette/items/collectionKey/3KQ5I42Q/itemKey/3S433JSV,1785,1796,confident
339,342,51,https://www.zotero.org/jaguillette/items/collectionKey/3KQ5I42Q/itemKey/3S433JSV,1785,1796,confident
340,343,55,https://www.zotero.org/jaguillette/items/collectionKey/3KQ5I42Q/itemKey/3S433JSV,1785,1796,confident
341,344,65,https://www.zotero.org/jaguillette/items/collectionKey/3KQ5I42Q/itemKey/3S433JSV,1785,1796,confident
342,345,70,https://www.zotero.org/jaguillette/items/collectionKey/3KQ5I42Q/itemKey/3S433JSV,1785,1796,confident
343,346,71,https://www.zotero.org/jaguillette/items/collectionKey/3KQ5I42Q/itemKey/3S433JSV,1785,1796,confident
344,347,72,https://www.zotero.org/jaguillette/items/collectionKey/3KQ5I42Q/itemKey/3S433JSV,1785,1796,confident
345,348,73,https://www.zotero.org/jaguillette/items/collectionKey/3KQ5I42Q/itemKey/3S433JSV,1785,1796,confident
346,349,74,https://www.zotero.org/jaguillette/items/collectionKey/3KQ5I42Q/itemKey/3S433JSV,1785,1796,confident
347,350,75,https://www.zotero.org/jaguillette/items/collectionKey/3KQ5I42Q/itemKey/3S433JSV,1785,1796,confident
348,351,76,https://www.zotero.org/jaguillette/items/collectionKey/3KQ5I42Q/itemKey/3S433JSV,1785,1796,confident
349,352,81,https://www.zotero.org/jaguillette/items/collectionKey/3KQ5I42Q/itemKey/3S433JSV,1785,1796,confident
350,353,82,https://www.zotero.org/jaguillette/items/collectionKey/3KQ5I42Q/itemKey/3S433JSV,1785,1796,confident
351,354,83,https://www.zotero.org/jaguillette/items/collectionKey/3KQ5I42Q/itemKey/3S433JSV,1785,1796,confident
352,355,84,https://www.zotero.org/jaguillette/items/collectionKey/3KQ5I42Q/itemKey/3S433JSV,1785,1796,confident
353,356,86,https://www.zotero.org/jaguillette/items/collectionKey/3KQ5I42Q/itemKey/3S433JSV,1785,1796,confident
354,357,89,https://www.zotero.org/jaguillette/items/collectionKey/3KQ5I42Q/itemKey/3S433JSV,1785,1796,confident
355,358,90,https://www.zotero.org/jaguillette/items/collectionKey/3KQ5I42Q/itemKey/3S433JSV,1785,1796,confident
356,359,91,https://www.zotero.org/jaguillette/items/collectionKey/3KQ5I42Q/itemKey/3S433JSV,1785,1796,confident
357,360,93,https://www.zotero.org/jaguillette/items/collectionKey/3KQ5I42Q/itemKey/3S433JSV,1785,1796,confident
358,361,94,https://www.zotero.org/jaguillette/items/collectionKey/3KQ5I42Q/itemKey/3S433JSV,1785,1796,confident
359,362,95,https://www.zotero.org/jaguillette/items/collectionKey/3KQ5I42Q/itemKey/3S433JSV,1785,1796,confident
360,363,96,https://www.zotero.org/jaguillette/items/collectionKey/3KQ5I42Q/itemKey/3S433JSV,1785,1796,confident
361,364,97,https://www.zotero.org/jaguillette/items/collectionKey/3KQ5I42Q/itemKey/3S433JSV,1785,1796,confident
362,365,98,https://www.zotero.org/jaguillette/items/collectionKey/3KQ5I42Q/itemKey/3S433JSV,1785,1796,confident
363,366,99,https://www.zotero.org/jaguillette/items/collectionKey/3KQ5I42Q/itemKey/3S433JSV,1785,1796,confident
364,367,100,https://www.zotero.org/jaguillette/items/collectionKey/3KQ5I42Q/itemKey/3S433JSV,1785,1796,confident
365,368,101,https://www.zotero.org/jaguillette/items/collectionKey/3KQ5I42Q/itemKey/3S433JSV,1785,1796,confident
366,369,102,https://www.zotero.org/jaguillette/items/collectionKey/3KQ5I42Q/itemKey/3S433JSV,1785,1796,confident
367,370,103,https://www.zotero.org/jaguillette/items/collectionKey/3KQ5I42Q/itemKey/3S433JSV,1785,1796,confident
368,371,104,https://www.zotero.org/jaguillette/items/collectionKey/3KQ5I42Q/itemKey/3S433JSV,1785,1796,confident
369,372,105,https://www.zotero.org/jaguillette/items/collectionKey/3KQ5I42Q/itemKey/3S433JSV,1785,1796,confident
370,373,106,https://www.zotero.org/jaguillette/items/collectionKey/3KQ5I42Q/itemKey/3S433JSV,1785,1796,confident
371,374,107,https://www.zotero.org/jaguillette/items/collectionKey/3KQ5I42Q/itemKey/3S433JSV,1785,1796,confident
372,375,108,https://www.zotero.org/jaguillette/items/collectionKey/3KQ5I42Q/itemKey/3S433JSV,1785,1796,confident
373,376,109,https://www.zotero.org/jaguillette/items/collectionKey/3KQ5I42Q/itemKey/3S433JSV,1785,1796,confident
374,377,110,https://www.zotero.org/jaguillette/items/collectionKey/3KQ5I42Q/itemKey/3S433JSV,1785,1796,confident
375,378,111,https://www.zotero.org/jaguillette/items/collectionKey/3KQ5I42Q/itemKey/3S433JSV,1785,1796,confident
376,379,112,https://www.zotero.org/jaguillette/items/collectionKey/3KQ5I42Q/itemKey/3S433JSV,1785,1796,confident
377,380,113,https://www.zotero.org/jaguillette/items/collectionKey/3KQ5I42Q/itemKey/3S433JSV,1785,1796,confident
378,381,115,https://www.zotero.org/jaguillette/items/collectionKey/3KQ5I42Q/itemKey/3S433JSV,1785,1796,confident
379,382,117,https://www.zotero.org/jaguillette/items/collectionKey/3KQ5I42Q/itemKey/3S433JSV,1785,1796,confident
380,383,118,https://www.zotero.org/jaguillette/items/collectionKey/3KQ5I42Q/itemKey/3S433JSV,1785,1796,confident
381,384,119,https://www.zotero.org/jaguillette/items/collectionKey/3KQ5I42Q/itemKey/3S433JSV,1785,1796,confident
382,385,121,https://www.zotero.org/jaguillette/items/collectionKey/3KQ5I42Q/itemKey/3S433JSV,1785,1796,confident
383,386,123,https://www.zotero.org/jaguillette/items/collectionKey/3KQ5I42Q/itemKey/3S433JSV,1785,1796,confident
384,387,125,https://www.zotero.org/jaguillette/items/collectionKey/3KQ5I42Q/itemKey/3S433JSV,1785,1796,confident
385,388,126,https://www.zotero.org/jaguillette/items/collectionKey/3KQ5I42Q/itemKey/3S433JSV,1785,1796,confident
386,389,127,https://www.zotero.org/jaguillette/items/collectionKey/3KQ5I42Q/itemKey/3S433JSV,1785,1796,confident
387,390,128,https://www.zotero.org/jaguillette/items/collectionKey/3KQ5I42Q/itemKey/3S433JSV,1785,1796,confident
388,391,129,https://www.zotero.org/jaguillette/items/collectionKey/3KQ5I42Q/itemKey/3S433JSV,1785,1796,confident
389,392,131,https://www.zotero.org/jaguillette/items/collectionKey/3KQ5I42Q/itemKey/3S433JSV,1785,1796,confident
390,393,132,https://www.zotero.org/jaguillette/items/collectionKey/3KQ5I42Q/itemKey/3S433JSV,1785,1796,confident
391,394,134,https://www.zotero.org/jaguillette/items/collectionKey/3KQ5I42Q/itemKey/3S433JSV,1785,1796,confident
392,395,135,https://www.zotero.org/jaguillette/items/collectionKey/3KQ5I42Q/itemKey/3S433JSV,1785,1796,confident
393,396,136,https://www.zotero.org/jaguillette/items/collectionKey/3KQ5I42Q/itemKey/3S433JSV,1785,1796,confident
394,397,137,https://www.zotero.org/jaguillette/items/collectionKey/3KQ5I42Q/itemKey/3S433JSV,1785,1796,confident
395,398,139,https://www.zotero.org/jaguillette/items/collectionKey/3KQ5I42Q/itemKey/3S433JSV,1785,1796,confident
396,399,141,https://www.zotero.org/jaguillette/items/collectionKey/3KQ5I42Q/itemKey/3S433JSV,1785,1796,confident
397,400,142,https://www.zotero.org/jaguillette/items/collectionKey/3KQ5I42Q/itemKey/3S433JSV,1785,1796,confident
398,401,143,https://www.zotero.org/jaguillette/items/collectionKey/3KQ5I42Q/itemKey/3S433JSV,1785,1796,confident
399,402,145,https://www.zotero.org/jaguillette/items/collectionKey/3KQ5I42Q/itemKey/3S433JSV,1785,1796,confident
400,403,148,https://www.zotero.org/jaguillette/items/collectionKey/3KQ5I42Q/itemKey/3S433JSV,1785,1796,confident
401,404,150,https://www.zotero.org/jaguillette/items/collectionKey/3KQ5I42Q/itemKey/3S433JSV,1785,1796,confident
402,405,151,https://www.zotero.org/jaguillette/items/collectionKey/3KQ5I42Q/itemKey/3S433JSV,1785,1796,confident
403,406,152,https://www.zotero.org/jaguillette/items/collectionKey/3KQ5I42Q/itemKey/3S433JSV,1785,1796,confident
404,407,153,https://www.zotero.org/jaguillette/items/collectionKey/3KQ5I42Q/itemKey/3S433JSV,1785,1796,confident
405,408,155,https://www.zotero.org/jaguillette/items/collectionKey/3KQ5I42Q/itemKey/3S433JSV,1785,1796,confident
406,409,157,https://www.zotero.org/jaguillette/items/collectionKey/3KQ5I42Q/itemKey/3S433JSV,1785,1796,confident
407,410,158,https://www.zotero.org/jaguillette/items/collectionKey/3KQ5I42Q/itemKey/3S433JSV,1785,1796,confident
408,411,32,https://www.zotero.org/jaguillette/items/collectionKey/3KQ5I42Q/itemKey/3S433JSV,1785,1796,confident
409,412,144,https://www.zotero.org/jaguillette/items/collectionKey/3KQ5I42Q/itemKey/3S433JSV,1785,1796,confident
410,413,159,https://www.zotero.org/jaguillette/items/collectionKey/3KQ5I42Q/itemKey/3S433JSV,1785,1796,confident
411,414,135,https://www.zotero.org/jaguillette/items/collectionKey/3KQ5I42Q/itemKey/3S433JSV,1785,1796,confident
412,415,132,https://www.zotero.org/jaguillette/items/collectionKey/3KQ5I42Q/itemKey/3S433JSV,1785,1796,confident
413,416,70,https://www.zotero.org/jaguillette/items/collectionKey/3KQ5I42Q/itemKey/3S433JSV,1785,1796,confident
414,417,11,https://www.zotero.org/jaguillette/items/collectionKey/3KQ5I42Q/itemKey/3S433JSV,1785,1796,confident
415,418,99,https://www.zotero.org/jaguillette/items/collectionKey/3KQ5I42Q/itemKey/3S433JSV,1785,1796,confident
416,419,54,https://www.zotero.org/jaguillette/items/collectionKey/3KQ5I42Q/itemKey/3S433JSV,1785,1796,confident
417,420,160,https://www.zotero.org/jaguillette/items/collectionKey/3KQ5I42Q/itemKey/3S433JSV,1785,1796,confident
418,421,161,https://www.zotero.org/jaguillette/items/collectionKey/3KQ5I42Q/itemKey/3S433JSV,1785,1796,confident
419,422,162,https://www.zotero.org/jaguillette/items/collectionKey/3KQ5I42Q/itemKey/3S433JSV,1785,1796,confident
420,423,135,https://www.zotero.org/jaguillette/items/collectionKey/3KQ5I42Q/itemKey/3S433JSV,1785,1796,confident
421,424,8,https://www.zotero.org/jaguillette/items/collectionKey/3KQ5I42Q/itemKey/3S433JSV,1785,1796,confident
422,425,163,https://www.zotero.org/jaguillette/items/collectionKey/3KQ5I42Q/itemKey/3S433JSV,1785,1796,confident
423,426,164,https://www.zotero.org/jaguillette/items/collectionKey/3KQ5I42Q/itemKey/3S433JSV,1785,1796,confident
424,427,103,https://www.zotero.org/jaguillette/items/collectionKey/3KQ5I42Q/itemKey/3S433JSV,1785,1796,confident
425,428,96,https://www.zotero.org/jaguillette/items/collectionKey/3KQ5I42Q/itemKey/3S433JSV,1785,1796,confident
426,429,165,https://www.zotero.org/jaguillette/items/collectionKey/3KQ5I42Q/itemKey/3S433JSV,1785,1796,confident
427,430,140,https://www.zotero.org/jaguillette/items/collectionKey/3KQ5I42Q/itemKey/3S433JSV,1785,1796,confident
428,431,124,https://www.zotero.org/jaguillette/items/collectionKey/3KQ5I42Q/itemKey/3S433JSV,1785,1796,confident
429,432,91,https://www.zotero.org/jaguillette/items/collectionKey/3KQ5I42Q/itemKey/3S433JSV,1785,1796,confident
430,433,166,https://www.zotero.org/jaguillette/items/collectionKey/3KQ5I42Q/itemKey/3S433JSV,1785,1796,confident
431,434,167,https://www.zotero.org/jaguillette/items/collectionKey/3KQ5I42Q/itemKey/3S433JSV,1785,1796,confident
432,435,168,https://www.zotero.org/jaguillette/items/collectionKey/3KQ5I42Q/itemKey/3S433JSV,1785,1796,confident
433,436,169,https://www.zotero.org/jaguillette/items/collectionKey/3KQ5I42Q/itemKey/3S433JSV,1785,1796,confident
434,437,132,https://www.zotero.org/jaguillette/items/collectionKey/3KQ5I42Q/itemKey/3S433JSV,1785,1796,confident
435,438,135,https://www.zotero.org/jaguillette/items/collectionKey/3KQ5I42Q/itemKey/3S433JSV,1785,1796,confident
436,439,25,https://www.zotero.org/jaguillette/items/collectionKey/3KQ5I42Q/itemKey/3S433JSV,1785,1796,confident
437,440,170,https://www.zotero.org/jaguillette/items/collectionKey/3KQ5I42Q/itemKey/3S433JSV,1785,1796,confident
438,441,171,https://www.zotero.org/jaguillette/items/collectionKey/3KQ5I42Q/itemKey/3S433JSV,1785,1796,confident
439,442,8,https://www.zotero.org/jaguillette/items/collectionKey/3KQ5I42Q/itemKey/3S433JSV,1785,1796,confident
440,443,54,https://www.zotero.org/jaguillette/items/collectionKey/3KQ5I42Q/itemKey/3S433JSV,1785,1796,confident
441,444,172,https://www.zotero.org/jaguillette/items/collectionKey/3KQ5I42Q/itemKey/3S433JSV,1785,1796,confident
442,445,173,https://www.zotero.org/jaguillette/items/collectionKey/3KQ5I42Q/itemKey/3S433JSV,1785,1796,confident
443,446,122,https://www.zotero.org/jaguillette/items/collectionKey/3KQ5I42Q/itemKey/3S433JSV,1785,1796,confident
444,447,87,https://www.zotero.org/jaguillette/items/collectionKey/3KQ5I42Q/itemKey/3S433JSV,1785,1796,confident
445,448,110,https://www.zotero.org/jaguillette/items/collectionKey/3KQ5I42Q/itemKey/3S433JSV,1785,1796,confident
446,449,82,https://www.zotero.org/jaguillette/items/collectionKey/3KQ5I42Q/itemKey/3S433JSV,1785,1796,confident
447,450,174,https://www.zotero.org/jaguillette/items/collectionKey/3KQ5I42Q/itemKey/3S433JSV,1785,1796,confident
448,451,99,https://www.zotero.org/jaguillette/items/collectionKey/3KQ5I42Q/itemKey/3S433JSV,1785,1796,confident
449,452,107,https://www.zotero.org/jaguillette/items/collectionKey/3KQ5I42Q/itemKey/3S433JSV,1785,1796,confident
450,453,140,https://www.zotero.org/jaguillette/items/collectionKey/3KQ5I42Q/itemKey/3S433JSV,1785,1796,confident
451,454,5,https://www.zotero.org/jaguillette/items/collectionKey/3KQ5I42Q/itemKey/3S433JSV,1785,1796,confident
452,455,149,https://www.zotero.org/jaguillette/items/collectionKey/3KQ5I42Q/itemKey/3S433JSV,1785,1796,confident
453,456,117,https://www.zotero.org/jaguillette/items/collectionKey/3KQ5I42Q/itemKey/3S433JSV,1785,1796,confident
454,457,175,https://www.zotero.org/jaguillette/items/collectionKey/3KQ5I42Q/itemKey/3S433JSV,1785,1796,confident
455,458,176,https://www.zotero.org/jaguillette/items/collectionKey/3KQ5I42Q/itemKey/3S433JSV,1785,1796,confident
456,459,177,https://www.zotero.org/jaguillette/items/collectionKey/3KQ5I42Q/itemKey/3S433JSV,1785,1796,confident
457,460,178,https://www.zotero.org/jaguillette/items/collectionKey/3KQ5I42Q/itemKey/3S433JSV,1785,1796,confident
458,461,131,https://www.zotero.org/jaguillette/items/collectionKey/3KQ5I42Q/itemKey/3S433JSV,1785,1796,confident
459,462,4,https://www.zotero.org/jaguillette/items/collectionKey/3KQ5I42Q/itemKey/3S433JSV,1785,1796,confident
460,463,179,https://www.zotero.org/jaguillette/items/collectionKey/3KQ5I42Q/itemKey/3S433JSV,1785,1796,confident
461,464,180,https://www.zotero.org/jaguillette/items/collectionKey/3KQ5I42Q/itemKey/3S433JSV,1785,1796,confident
462,465,147,https://www.zotero.org/jaguillette/items/collectionKey/3KQ5I42Q/itemKey/3S433JSV,1785,1796,confident
463,466,181,https://www.zotero.org/jaguillette/items/collectionKey/3KQ5I42Q/itemKey/3S433JSV,1785,1796,confident
464,467,29,https://www.zotero.org/jaguillette/items/collectionKey/3KQ5I42Q/itemKey/3S433JSV,1785,1796,confident
465,468,8,https://www.zotero.org/jaguillette/items/collectionKey/3KQ5I42Q/itemKey/3S433JSV,1785,1796,confident
466,469,32,https://www.zotero.org/jaguillette/items/collectionKey/3KQ5I42Q/itemKey/3S433JSV,1785,1796,confident
467,470,125,https://www.zotero.org/jaguillette/items/collectionKey/3KQ5I42Q/itemKey/3S433JSV,1785,1796,confident
468,471,74,https://www.zotero.org/jaguillette/items/collectionKey/3KQ5I42Q/itemKey/3S433JSV,1785,1796,confident
469,472,109,https://www.zotero.org/jaguillette/items/collectionKey/3KQ5I42Q/itemKey/3S433JSV,1785,1796,confident
470,473,149,https://www.zotero.org/jaguillette/items/collectionKey/3KQ5I42Q/itemKey/3S433JSV,1785,1796,confident
471,474,182,https://www.zotero.org/jaguillette/items/collectionKey/3KQ5I42Q/itemKey/3S433JSV,1785,1796,confident
472,475,183,https://www.zotero.org/jaguillette/items/collectionKey/3KQ5I42Q/itemKey/3S433JSV,1785,1796,confident
473,476,184,https://www.zotero.org/jaguillette/items/collectionKey/3KQ5I42Q/itemKey/3S433JSV,1785,1796,confident
474,477,84,https://www.zotero.org/jaguillette/items/collectionKey/3KQ5I42Q/itemKey/3S433JSV,1785,1796,confident
475,478,185,https://www.zotero.org/jaguillette/items/collectionKey/3KQ5I42Q/itemKey/3S433JSV,1785,1796,confident
476,479,129,https://www.zotero.org/jaguillette/items/collectionKey/3KQ5I42Q/itemKey/3S433JSV,1785,1796,confident
477,480,186,https://www.zotero.org/jaguillette/items/collectionKey/3KQ5I42Q/itemKey/3S433JSV,1785,1796,confident
478,481,135,https://www.zotero.org/jaguillette/items/collectionKey/3KQ5I42Q/itemKey/3S433JSV,1785,1796,confident
479,482,187,https://www.zotero.org/jaguillette/items/collectionKey/3KQ5I42Q/itemKey/3S433JSV,1785,1796,confident
480,483,188,https://www.zotero.org/jaguillette/items/collectionKey/3KQ5I42Q/itemKey/3S433JSV,1785,1796,confident
481,484,126,https://www.zotero.org/jaguillette/items/collectionKey/3KQ5I42Q/itemKey/3S433JSV,1785,1796,confident
482,485,189,https://www.zotero.org/jaguillette/items/collectionKey/3KQ5I42Q/itemKey/3S433JSV,1785,1796,confident
483,486,8,https://www.zotero.org/jaguillette/items/collectionKey/3KQ5I42Q/itemKey/3S433JSV,1785,1796,confident
484,487,45,https://www.zotero.org/jaguillette/items/collectionKey/3KQ5I42Q/itemKey/3S433JSV,1785,1796,confident
485,488,190,https://www.zotero.org/jaguillette/items/collectionKey/3KQ5I42Q/itemKey/3S433JSV,1785,1796,confident
486,489,122,https://www.zotero.org/jaguillette/items/collectionKey/3KQ5I42Q/itemKey/3S433JSV,1785,1796,confident
487,490,114,https://www.zotero.org/jaguillette/items/collectionKey/3KQ5I42Q/itemKey/3S433JSV,1785,1796,confident
488,491,191,https://www.zotero.org/jaguillette/items/collectionKey/3KQ5I42Q/itemKey/3S433JSV,1785,1796,confident
489,492,192,https://www.zotero.org/jaguillette/items/collectionKey/3KQ5I42Q/itemKey/3S433JSV,1785,1796,confident
490,493,193,https://www.zotero.org/jaguillette/items/collectionKey/3KQ5I42Q/itemKey/3S433JSV,1785,1796,confident
491,494,194,https://www.zotero.org/jaguillette/items/collectionKey/3KQ5I42Q/itemKey/3S433JSV,1785,1796,confident
492,495,195,https://www.zotero.org/jaguillette/items/collectionKey/3KQ5I42Q/itemKey/3S433JSV,1785,1796,confident
493,496,38,https://www.zotero.org/jaguillette/items/collectionKey/3KQ5I42Q/itemKey/3S433JSV,1785,1796,confident
494,497,97,https://www.zotero.org/jaguillette/items/collectionKey/3KQ5I42Q/itemKey/3S433JSV,1785,1796,confident
495,498,196,https://www.zotero.org/jaguillette/items/collectionKey/3KQ5I42Q/itemKey/3S433JSV,1785,1796,confident
496,499,198,https://www.zotero.org/jaguillette/items/collectionKey/3KQ5I42Q/itemKey/3S433JSV,1785,1796,confident
497,500,199,https://www.zotero.org/jaguillette/items/collectionKey/3KQ5I42Q/itemKey/3S433JSV,1785,1796,confident
498,501,201,https://www.zotero.org/jaguillette/items/collectionKey/3KQ5I42Q/itemKey/3S433JSV,1785,1796,confident
499,502,202,https://www.zotero.org/jaguillette/items/collectionKey/3KQ5I42Q/itemKey/3S433JSV,1785,1796,confident
500,503,204,https://www.zotero.org/jaguillette/items/collectionKey/3KQ5I42Q/itemKey/3S433JSV,1785,1796,confident
501,504,206,https://www.zotero.org/jaguillette/items/collectionKey/3KQ5I42Q/itemKey/3S433JSV,1785,1796,confident
502,505,208,https://www.zotero.org/jaguillette/items/collectionKey/3KQ5I42Q/itemKey/3S433JSV,1785,1796,confident
503,506,209,https://www.zotero.org/jaguillette/items/collectionKey/3KQ5I42Q/itemKey/3S433JSV,1785,1796,confident
504,507,210,https://www.zotero.org/jaguillette/items/collectionKey/3KQ5I42Q/itemKey/3S433JSV,1785,1796,confident
505,508,211,https://www.zotero.org/jaguillette/items/collectionKey/3KQ5I42Q/itemKey/3S433JSV,1785,1796,confident
506,509,213,https://www.zotero.org/jaguillette/items/collectionKey/3KQ5I42Q/itemKey/3S433JSV,1785,1796,confident
507,510,216,https://www.zotero.org/jaguillette/items/collectionKey/3KQ5I42Q/itemKey/3S433JSV,1785,1796,confident
508,511,217,https://www.zotero.org/jaguillette/items/collectionKey/3KQ5I42Q/itemKey/3S433JSV,1785,1796,confident
509,512,753,https://www.zotero.org/jaguillette/items/collectionKey/3KQ5I42Q/itemKey/3S433JSV,1785,1796,confident
510,513,221,https://www.zotero.org/jaguillette/items/collectionKey/3KQ5I42Q/itemKey/3S433JSV,1785,1796,confident
511,514,222,https://www.zotero.org/jaguillette/items/collectionKey/3KQ5I42Q/itemKey/3S433JSV,1785,1796,confident
512,515,23,https://www.zotero.org/jaguillette/items/collectionKey/3KQ5I42Q/itemKey/3S433JSV,1785,1796,confident
513,516,224,https://www.zotero.org/jaguillette/items/collectionKey/3KQ5I42Q/itemKey/3S433JSV,1785,1796,confident
514,517,115,https://www.zotero.org/jaguillette/items/collectionKey/3KQ5I42Q/itemKey/3S433JSV,1785,1796,confident
515,518,225,https://www.zotero.org/jaguillette/items/collectionKey/3KQ5I42Q/itemKey/3S433JSV,1785,1796,confident
516,519,226,https://www.zotero.org/jaguillette/items/collectionKey/3KQ5I42Q/itemKey/3S433JSV,1785,1796,confident
517,520,227,https://www.zotero.org/jaguillette/items/collectionKey/3KQ5I42Q/itemKey/3S433JSV,1785,1796,confident
518,521,32,https://www.zotero.org/jaguillette/items/collectionKey/3KQ5I42Q/itemKey/3S433JSV,1785,1796,confident
519,522,107,https://www.zotero.org/jaguillette/items/collectionKey/3KQ5I42Q/itemKey/3S433JSV,1785,1796,confident
520,523,228,https://www.zotero.org/jaguillette/items/collectionKey/3KQ5I42Q/itemKey/3S433JSV,1785,1796,confident
521,524,38,https://www.zotero.org/jaguillette/items/collectionKey/3KQ5I42Q/itemKey/3S433JSV,1785,1796,confident
522,525,229,https://www.zotero.org/jaguillette/items/collectionKey/3KQ5I42Q/itemKey/3S433JSV,1785,1796,confident
523,526,114,https://www.zotero.org/jaguillette/items/collectionKey/3KQ5I42Q/itemKey/3S433JSV,1785,1796,confident
524,527,110,https://www.zotero.org/jaguillette/items/collectionKey/3KQ5I42Q/itemKey/3S433JSV,1785,1796,confident
525,528,197,https://www.zotero.org/jaguillette/items/collectionKey/3KQ5I42Q/itemKey/3S433JSV,1785,1796,confident
526,529,230,https://www.zotero.org/jaguillette/items/collectionKey/3KQ5I42Q/itemKey/3S433JSV,1785,1796,confident
527,530,8,https://www.zotero.org/jaguillette/items/collectionKey/3KQ5I42Q/itemKey/3S433JSV,1785,1796,confident
528,531,14,https://www.zotero.org/jaguillette/items/collectionKey/3KQ5I42Q/itemKey/3S433JSV,1785,1796,confident
529,532,16,https://www.zotero.org/jaguillette/items/collectionKey/3KQ5I42Q/itemKey/3S433JSV,1785,1796,confident
530,533,231,https://www.zotero.org/jaguillette/items/collectionKey/3KQ5I42Q/itemKey/3S433JSV,1785,1796,confident
531,534,232,https://www.zotero.org/jaguillette/items/collectionKey/3KQ5I42Q/itemKey/3S433JSV,1785,1796,confident
532,535,8,https://www.zotero.org/jaguillette/items/collectionKey/3KQ5I42Q/itemKey/3S433JSV,1785,1796,confident
533,536,152,https://www.zotero.org/jaguillette/items/collectionKey/3KQ5I42Q/itemKey/3S433JSV,1785,1796,confident
534,537,54,https://www.zotero.org/jaguillette/items/collectionKey/3KQ5I42Q/itemKey/3S433JSV,1785,1796,confident
535,538,96,https://www.zotero.org/jaguillette/items/collectionKey/3KQ5I42Q/itemKey/3S433JSV,1785,1796,confident
536,539,233,https://www.zotero.org/jaguillette/items/collectionKey/3KQ5I42Q/itemKey/3S433JSV,1785,1796,confident
537,540,234,https://www.zotero.org/jaguillette/items/collectionKey/3KQ5I42Q/itemKey/3S433JSV,1785,1796,confident
538,541,235,https://www.zotero.org/jaguillette/items/collectionKey/3KQ5I42Q/itemKey/3S433JSV,1785,1796,confident
539,542,236,https://www.zotero.org/jaguillette/items/collectionKey/3KQ5I42Q/itemKey/3S433JSV,1785,1796,confident
540,543,54,https://www.zotero.org/jaguillette/items/collectionKey/3KQ5I42Q/itemKey/3S433JSV,1785,1796,confident
541,544,15,https://www.zotero.org/jaguillette/items/collectionKey/3KQ5I42Q/itemKey/3S433JSV,1785,1796,confident
542,545,106,https://www.zotero.org/jaguillette/items/collectionKey/3KQ5I42Q/itemKey/3S433JSV,1785,1796,confident
543,546,237,https://www.zotero.org/jaguillette/items/collectionKey/3KQ5I42Q/itemKey/3S433JSV,1785,1796,confident
544,547,238,https://www.zotero.org/jaguillette/items/collectionKey/3KQ5I42Q/itemKey/3S433JSV,1785,1796,confident
545,548,20,https://www.zotero.org/jaguillette/items/collectionKey/3KQ5I42Q/itemKey/3S433JSV,1785,1796,confident
546,549,125,https://www.zotero.org/jaguillette/items/collectionKey/3KQ5I42Q/itemKey/3S433JSV,1785,1796,confident
547,550,156,https://www.zotero.org/jaguillette/items/collectionKey/3KQ5I42Q/itemKey/3S433JSV,1785,1796,confident
548,551,125,https://www.zotero.org/jaguillette/items/collectionKey/3KQ5I42Q/itemKey/3S433JSV,1785,1796,confident
549,552,239,https://www.zotero.org/jaguillette/items/collectionKey/3KQ5I42Q/itemKey/3S433JSV,1785,1796,confident
550,553,240,https://www.zotero.org/jaguillette/items/collectionKey/3KQ5I42Q/itemKey/3S433JSV,1785,1796,confident
551,554,150,https://www.zotero.org/jaguillette/items/collectionKey/3KQ5I42Q/itemKey/3S433JSV,1785,1796,confident
552,556,8,https://www.zotero.org/jaguillette/items/collectionKey/3KQ5I42Q/itemKey/3S433JSV,1785,1796,confident
553,557,241,https://www.zotero.org/jaguillette/items/collectionKey/3KQ5I42Q/itemKey/3S433JSV,1785,1796,confident
554,558,242,https://www.zotero.org/jaguillette/items/collectionKey/3KQ5I42Q/itemKey/3S433JSV,1785,1796,confident
555,559,107,https://www.zotero.org/jaguillette/items/collectionKey/3KQ5I42Q/itemKey/3S433JSV,1785,1796,confident
556,560,243,https://www.zotero.org/jaguillette/items/collectionKey/3KQ5I42Q/itemKey/3S433JSV,1785,1796,confident
557,561,34,https://www.zotero.org/jaguillette/items/collectionKey/3KQ5I42Q/itemKey/3S433JSV,1785,1796,confident
558,562,154,https://www.zotero.org/jaguillette/items/collectionKey/3KQ5I42Q/itemKey/3S433JSV,1785,1796,confident
559,563,125,https://www.zotero.org/jaguillette/items/collectionKey/3KQ5I42Q/itemKey/3S433JSV,1785,1796,confident
560,564,99,https://www.zotero.org/jaguillette/items/collectionKey/3KQ5I42Q/itemKey/3S433JSV,1785,1796,confident
561,565,65,https://www.zotero.org/jaguillette/items/collectionKey/3KQ5I42Q/itemKey/3S433JSV,1785,1796,confident
562,566,35,https://www.zotero.org/jaguillette/items/collectionKey/3KQ5I42Q/itemKey/3S433JSV,1785,1796,confident
563,567,244,https://www.zotero.org/jaguillette/items/collectionKey/3KQ5I42Q/itemKey/3S433JSV,1785,1796,confident
564,568,99,https://www.zotero.org/jaguillette/items/collectionKey/3KQ5I42Q/itemKey/3S433JSV,1785,1796,confident
565,569,208,https://www.zotero.org/jaguillette/items/collectionKey/3KQ5I42Q/itemKey/3S433JSV,1785,1796,confident
566,570,107,https://www.zotero.org/jaguillette/items/collectionKey/3KQ5I42Q/itemKey/3S433JSV,1785,1796,confident
567,571,97,https://www.zotero.org/jaguillette/items/collectionKey/3KQ5I42Q/itemKey/3S433JSV,1785,1796,confident
568,572,21,https://www.zotero.org/jaguillette/items/collectionKey/3KQ5I42Q/itemKey/3S433JSV,1785,1796,confident
569,573,245,https://www.zotero.org/jaguillette/items/collectionKey/3KQ5I42Q/itemKey/3S433JSV,1785,1796,confident
570,574,246,https://www.zotero.org/jaguillette/items/collectionKey/3KQ5I42Q/itemKey/3S433JSV,1785,1796,confident
571,575,247,https://www.zotero.org/jaguillette/items/collectionKey/3KQ5I42Q/itemKey/3S433JSV,1785,1796,confident
572,576,30,https://www.zotero.org/jaguillette/items/collectionKey/3KQ5I42Q/itemKey/3S433JSV,1785,1796,confident
573,577,81,https://www.zotero.org/jaguillette/items/collectionKey/3KQ5I42Q/itemKey/3S433JSV,1785,1796,confident
574,578,107,https://www.zotero.org/jaguillette/items/collectionKey/3KQ5I42Q/itemKey/3S433JSV,1785,1796,confident
575,579,248,https://www.zotero.org/jaguillette/items/collectionKey/3KQ5I42Q/itemKey/3S433JSV,1785,1796,confident
576,580,249,https://www.zotero.org/jaguillette/items/collectionKey/3KQ5I42Q/itemKey/3S433JSV,1785,1796,confident
577,581,250,https://www.zotero.org/jaguillette/items/collectionKey/3KQ5I42Q/itemKey/3S433JSV,1785,1796,confident
578,582,132,https://www.zotero.org/jaguillette/items/collectionKey/3KQ5I42Q/itemKey/3S433JSV,1785,1796,confident
579,583,251,https://www.zotero.org/jaguillette/items/collectionKey/3KQ5I42Q/itemKey/3S433JSV,1785,1796,confident
580,584,252,https://www.zotero.org/jaguillette/items/collectionKey/3KQ5I42Q/itemKey/3S433JSV,1785,1796,confident
581,585,223,https://www.zotero.org/jaguillette/items/collectionKey/3KQ5I42Q/itemKey/3S433JSV,1785,1796,confident
582,586,253,https://www.zotero.org/jaguillette/items/collectionKey/3KQ5I42Q/itemKey/3S433JSV,1785,1796,confident
583,587,140,https://www.zotero.org/jaguillette/items/collectionKey/3KQ5I42Q/itemKey/3S433JSV,1785,1796,confident
584,588,254,https://www.zotero.org/jaguillette/items/collectionKey/3KQ5I42Q/itemKey/3S433JSV,1785,1796,confident
585,589,28,https://www.zotero.org/jaguillette/items/collectionKey/3KQ5I42Q/itemKey/3S433JSV,1785,1796,confident
586,590,215,https://www.zotero.org/jaguillette/items/collectionKey/3KQ5I42Q/itemKey/3S433JSV,1785,1796,confident
587,591,109,https://www.zotero.org/jaguillette/items/collectionKey/3KQ5I42Q/itemKey/3S433JSV,1785,1796,confident
588,592,14,https://www.zotero.org/jaguillette/items/collectionKey/3KQ5I42Q/itemKey/3S433JSV,1785,1796,confident
589,593,255,https://www.zotero.org/jaguillette/items/collectionKey/3KQ5I42Q/itemKey/3S433JSV,1785,1796,confident
590,594,16,https://www.zotero.org/jaguillette/items/collectionKey/3KQ5I42Q/itemKey/3S433JSV,1785,1796,confident
591,595,256,https://www.zotero.org/jaguillette/items/collectionKey/3KQ5I42Q/itemKey/3S433JSV,1785,1796,confident
592,596,257,https://www.zotero.org/jaguillette/items/collectionKey/3KQ5I42Q/itemKey/3S433JSV,1785,1796,confident
593,597,99,https://www.zotero.org/jaguillette/items/collectionKey/3KQ5I42Q/itemKey/3S433JSV,1785,1796,confident
594,598,258,https://www.zotero.org/jaguillette/items/collectionKey/3KQ5I42Q/itemKey/3S433JSV,1785,1796,confident
595,599,53,https://www.zotero.org/jaguillette/items/collectionKey/3KQ5I42Q/itemKey/3S433JSV,1785,1796,confident
596,600,15,https://www.zotero.org/jaguillette/items/collectionKey/3KQ5I42Q/itemKey/3S433JSV,1785,1796,confident
597,601,259,https://www.zotero.org/jaguillette/items/collectionKey/3KQ5I42Q/itemKey/3S433JSV,1785,1796,confident
598,602,22,https://www.zotero.org/jaguillette/items/collectionKey/3KQ5I42Q/itemKey/3S433JSV,1785,1796,confident
599,603,4,https://www.zotero.org/jaguillette/items/collectionKey/3KQ5I42Q/itemKey/3S433JSV,1785,1796,confident
600,604,102,https://www.zotero.org/jaguillette/items/collectionKey/3KQ5I42Q/itemKey/3S433JSV,1785,1796,confident
601,605,260,https://www.zotero.org/jaguillette/items/collectionKey/3KQ5I42Q/itemKey/3S433JSV,1785,1796,confident
602,606,91,https://www.zotero.org/jaguillette/items/collectionKey/3KQ5I42Q/itemKey/3S433JSV,1785,1796,confident
603,607,10,https://www.zotero.org/jaguillette/items/collectionKey/3KQ5I42Q/itemKey/3S433JSV,1785,1796,confident
604,608,125,https://www.zotero.org/jaguillette/items/collectionKey/3KQ5I42Q/itemKey/3S433JSV,1785,1796,confident
605,609,261,https://www.zotero.org/jaguillette/items/collectionKey/3KQ5I42Q/itemKey/3S433JSV,1785,1796,confident
606,610,262,https://www.zotero.org/jaguillette/items/collectionKey/3KQ5I42Q/itemKey/3S433JSV,1785,1796,confident
607,611,263,https://www.zotero.org/jaguillette/items/collectionKey/3KQ5I42Q/itemKey/3S433JSV,1785,1796,confident
608,612,264,https://www.zotero.org/jaguillette/items/collectionKey/3KQ5I42Q/itemKey/3S433JSV,1785,1796,confident
609,613,265,https://www.zotero.org/jaguillette/items/collectionKey/3KQ5I42Q/itemKey/3S433JSV,1785,1796,confident
610,614,266,https://www.zotero.org/jaguillette/items/collectionKey/3KQ5I42Q/itemKey/3S433JSV,1785,1796,confident
611,615,96,https://www.zotero.org/jaguillette/items/collectionKey/3KQ5I42Q/itemKey/3S433JSV,1785,1796,confident
612,616,216,https://www.zotero.org/jaguillette/items/collectionKey/3KQ5I42Q/itemKey/3S433JSV,1785,1796,confident
613,617,267,https://www.zotero.org/jaguillette/items/collectionKey/3KQ5I42Q/itemKey/3S433JSV,1785,1796,confident
614,618,38,https://www.zotero.org/jaguillette/items/collectionKey/3KQ5I42Q/itemKey/3S433JSV,1785,1796,confident
615,619,141,https://www.zotero.org/jaguillette/items/collectionKey/3KQ5I42Q/itemKey/3S433JSV,1785,1796,confident
616,620,268,https://www.zotero.org/jaguillette/items/collectionKey/3KQ5I42Q/itemKey/3S433JSV,1785,1796,confident
617,621,84,https://www.zotero.org/jaguillette/items/collectionKey/3KQ5I42Q/itemKey/3S433JSV,1785,1796,confident
618,622,128,https://www.zotero.org/jaguillette/items/collectionKey/3KQ5I42Q/itemKey/3S433JSV,1785,1796,confident
619,623,114,https://www.zotero.org/jaguillette/items/collectionKey/3KQ5I42Q/itemKey/3S433JSV,1785,1796,confident
620,624,216,https://www.zotero.org/jaguillette/items/collectionKey/3KQ5I42Q/itemKey/3S433JSV,1785,1796,confident
621,625,135,https://www.zotero.org/jaguillette/items/collectionKey/3KQ5I42Q/itemKey/3S433JSV,1785,1796,confident
622,626,269,https://www.zotero.org/jaguillette/items/collectionKey/3KQ5I42Q/itemKey/3S433JSV,1785,1796,confident
623,627,107,https://www.zotero.org/jaguillette/items/collectionKey/3KQ5I42Q/itemKey/3S433JSV,1785,1796,confident
624,628,221,https://www.zotero.org/jaguillette/items/collectionKey/3KQ5I42Q/itemKey/3S433JSV,1785,1796,confident
625,629,271,https://www.zotero.org/jaguillette/items/collectionKey/3KQ5I42Q/itemKey/3S433JSV,1785,1796,confident
626,630,272,https://www.zotero.org/jaguillette/items/collectionKey/3KQ5I42Q/itemKey/3S433JSV,1785,1796,confident
627,631,101,https://www.zotero.org/jaguillette/items/collectionKey/3KQ5I42Q/itemKey/3S433JSV,1785,1796,confident
628,632,107,https://www.zotero.org/jaguillette/items/collectionKey/3KQ5I42Q/itemKey/3S433JSV,1785,1796,confident
629,633,5,https://www.zotero.org/jaguillette/items/collectionKey/3KQ5I42Q/itemKey/3S433JSV,1785,1796,confident
630,634,273,https://www.zotero.org/jaguillette/items/collectionKey/3KQ5I42Q/itemKey/3S433JSV,1785,1796,confident
631,635,121,https://www.zotero.org/jaguillette/items/collectionKey/3KQ5I42Q/itemKey/3S433JSV,1785,1796,confident
632,636,105,https://www.zotero.org/jaguillette/items/collectionKey/3KQ5I42Q/itemKey/3S433JSV,1785,1796,confident
633,637,110,https://www.zotero.org/jaguillette/items/collectionKey/3KQ5I42Q/itemKey/3S433JSV,1785,1796,confident
634,638,209,https://www.zotero.org/jaguillette/items/collectionKey/3KQ5I42Q/itemKey/3S433JSV,1785,1796,confident
635,639,105,https://www.zotero.org/jaguillette/items/collectionKey/3KQ5I42Q/itemKey/3S433JSV,1785,1796,confident
636,640,139,https://www.zotero.org/jaguillette/items/collectionKey/3KQ5I42Q/itemKey/3S433JSV,1785,1796,confident
637,641,139,https://www.zotero.org/jaguillette/items/collectionKey/3KQ5I42Q/itemKey/3S433JSV,1785,1796,confident
638,642,274,https://www.zotero.org/jaguillette/items/collectionKey/3KQ5I42Q/itemKey/3S433JSV,1785,1796,confident
639,643,275,https://www.zotero.org/jaguillette/items/collectionKey/3KQ5I42Q/itemKey/3S433JSV,1785,1796,confident
640,644,199,https://www.zotero.org/jaguillette/items/collectionKey/3KQ5I42Q/itemKey/3S433JSV,1785,1796,confident
641,645,276,https://www.zotero.org/jaguillette/items/collectionKey/3KQ5I42Q/itemKey/3S433JSV,1785,1796,confident
642,646,78,https://www.zotero.org/jaguillette/items/collectionKey/3KQ5I42Q/itemKey/3S433JSV,1785,1796,confident
643,647,8,https://www.zotero.org/jaguillette/items/collectionKey/3KQ5I42Q/itemKey/3S433JSV,1785,1796,confident
644,648,8,https://www.zotero.org/jaguillette/items/collectionKey/3KQ5I42Q/itemKey/3S433JSV,1785,1796,confident
645,649,277,https://www.zotero.org/jaguillette/items/collectionKey/3KQ5I42Q/itemKey/3S433JSV,1785,1796,confident
646,650,132,https://www.zotero.org/jaguillette/items/collectionKey/3KQ5I42Q/itemKey/3S433JSV,1785,1796,confident
647,651,107,https://www.zotero.org/jaguillette/items/collectionKey/3KQ5I42Q/itemKey/3S433JSV,1785,1796,confident
648,652,107,https://www.zotero.org/jaguillette/items/collectionKey/3KQ5I42Q/itemKey/3S433JSV,1785,1796,confident
649,653,107,https://www.zotero.org/jaguillette/items/collectionKey/3KQ5I42Q/itemKey/3S433JSV,1785,1796,confident
650,654,278,https://www.zotero.org/jaguillette/items/collectionKey/3KQ5I42Q/itemKey/3S433JSV,1785,1796,confident
651,655,216,https://www.zotero.org/jaguillette/items/collectionKey/3KQ5I42Q/itemKey/3S433JSV,1785,1796,confident
652,656,156,https://www.zotero.org/jaguillette/items/collectionKey/3KQ5I42Q/itemKey/3S433JSV,1785,1796,confident
653,657,133,https://www.zotero.org/jaguillette/items/collectionKey/3KQ5I42Q/itemKey/3S433JSV,1785,1796,confident
654,658,117,https://www.zotero.org/jaguillette/items/collectionKey/3KQ5I42Q/itemKey/3S433JSV,1785,1796,confident
655,659,127,https://www.zotero.org/jaguillette/items/collectionKey/3KQ5I42Q/itemKey/3S433JSV,1785,1796,confident
656,660,279,https://www.zotero.org/jaguillette/items/collectionKey/3KQ5I42Q/itemKey/3S433JSV,1785,1796,confident
657,661,96,https://www.zotero.org/jaguillette/items/collectionKey/3KQ5I42Q/itemKey/3S433JSV,1785,1796,confident
658,662,280,https://www.zotero.org/jaguillette/items/collectionKey/3KQ5I42Q/itemKey/3S433JSV,1785,1796,confident
659,663,137,https://www.zotero.org/jaguillette/items/collectionKey/3KQ5I42Q/itemKey/3S433JSV,1785,1796,confident
660,664,97,https://www.zotero.org/jaguillette/items/collectionKey/3KQ5I42Q/itemKey/3S433JSV,1785,1796,confident
661,665,281,https://www.zotero.org/jaguillette/items/collectionKey/3KQ5I42Q/itemKey/3S433JSV,1785,1796,confident
662,666,282,https://www.zotero.org/jaguillette/items/collectionKey/3KQ5I42Q/itemKey/3S433JSV,1785,1796,confident
663,667,154,https://www.zotero.org/jaguillette/items/collectionKey/3KQ5I42Q/itemKey/3S433JSV,1785,1796,confident
664,668,142,https://www.zotero.org/jaguillette/items/collectionKey/3KQ5I42Q/itemKey/3S433JSV,1785,1796,confident
665,669,283,https://www.zotero.org/jaguillette/items/collectionKey/3KQ5I42Q/itemKey/3S433JSV,1785,1796,confident
666,670,80,https://www.zotero.org/jaguillette/items/collectionKey/3KQ5I42Q/itemKey/3S433JSV,1785,1796,confident
667,671,284,https://www.zotero.org/jaguillette/items/collectionKey/3KQ5I42Q/itemKey/3S433JSV,1785,1796,confident
668,672,285,https://www.zotero.org/jaguillette/items/collectionKey/3KQ5I42Q/itemKey/3S433JSV,1785,1796,confident
669,673,95,https://www.zotero.org/jaguillette/items/collectionKey/3KQ5I42Q/itemKey/3S433JSV,1785,1796,confident
670,674,88,https://www.zotero.org/jaguillette/items/collectionKey/3KQ5I42Q/itemKey/3S433JSV,1785,1796,confident
671,675,88,https://www.zotero.org/jaguillette/items/collectionKey/3KQ5I42Q/itemKey/3S433JSV,1785,1796,confident
672,676,88,https://www.zotero.org/jaguillette/items/collectionKey/3KQ5I42Q/itemKey/3S433JSV,1785,1796,confident
673,677,148,https://www.zotero.org/jaguillette/items/collectionKey/3KQ5I42Q/itemKey/3S433JSV,1785,1796,confident
674,678,16,https://www.zotero.org/jaguillette/items/collectionKey/3KQ5I42Q/itemKey/3S433JSV,1785,1796,confident
675,679,57,https://www.zotero.org/jaguillette/items/collectionKey/3KQ5I42Q/itemKey/3S433JSV,1785,1796,confident
676,680,131,https://www.zotero.org/jaguillette/items/collectionKey/3KQ5I42Q/itemKey/3S433JSV,1785,1796,confident
677,681,16,https://www.zotero.org/jaguillette/items/collectionKey/3KQ5I42Q/itemKey/3S433JSV,1785,1796,confident
678,682,133,https://www.zotero.org/jaguillette/items/collectionKey/3KQ5I42Q/itemKey/3S433JSV,1785,1796,confident
679,683,85,https://www.zotero.org/jaguillette/items/collectionKey/3KQ5I42Q/itemKey/3S433JSV,1785,1796,confident
680,684,286,https://www.zotero.org/jaguillette/items/collectionKey/3KQ5I42Q/itemKey/3S433JSV,1785,1796,confident
681,685,287,https://www.zotero.org/jaguillette/items/collectionKey/3KQ5I42Q/itemKey/3S433JSV,1785,1796,confident
682,686,288,https://www.zotero.org/jaguillette/items/collectionKey/3KQ5I42Q/itemKey/3S433JSV,1785,1796,confident
683,687,289,https://www.zotero.org/jaguillette/items/collectionKey/3KQ5I42Q/itemKey/3S433JSV,1785,1796,confident
684,688,290,https://www.zotero.org/jaguillette/items/collectionKey/3KQ5I42Q/itemKey/3S433JSV,1785,1796,confident
685,689,291,https://www.zotero.org/jaguillette/items/collectionKey/3KQ5I42Q/itemKey/3S433JSV,1785,1796,confident
686,690,32,https://www.zotero.org/jaguillette/items/collectionKey/3KQ5I42Q/itemKey/3S433JSV,1785,1796,confident
687,691,292,https://www.zotero.org/jaguillette/items/collectionKey/3KQ5I42Q/itemKey/3S433JSV,1785,1796,confident
688,692,32,https://www.zotero.org/jaguillette/items/collectionKey/3KQ5I42Q/itemKey/3S433JSV,1785,1796,confident
689,693,144,https://www.zotero.org/jaguillette/items/collectionKey/3KQ5I42Q/itemKey/3S433JSV,1785,1796,confident
690,694,144,https://www.zotero.org/jaguillette/items/collectionKey/3KQ5I42Q/itemKey/3S433JSV,1785,1796,confident
691,695,293,https://www.zotero.org/jaguillette/items/collectionKey/3KQ5I42Q/itemKey/3S433JSV,1785,1796,confident
692,696,294,https://www.zotero.org/jaguillette/items/collectionKey/3KQ5I42Q/itemKey/3S433JSV,1785,1796,confident
693,697,295,https://www.zotero.org/jaguillette/items/collectionKey/3KQ5I42Q/itemKey/3S433JSV,1785,1796,confident
694,698,109,https://www.zotero.org/jaguillette/items/collectionKey/3KQ5I42Q/itemKey/3S433JSV,1785,1796,confident
695,699,296,https://www.zotero.org/jaguillette/items/collectionKey/3KQ5I42Q/itemKey/3S433JSV,1785,1796,confident
696,700,297,https://www.zotero.org/jaguillette/items/collectionKey/3KQ5I42Q/itemKey/3S433JSV,1785,1796,confident
697,701,298,https://www.zotero.org/jaguillette/items/collectionKey/3KQ5I42Q/itemKey/3S433JSV,1785,1796,confident
698,702,299,https://www.zotero.org/jaguillette/items/collectionKey/3KQ5I42Q/itemKey/3S433JSV,1785,1796,confident
699,703,300,https://www.zotero.org/jaguillette/items/collectionKey/3KQ5I42Q/itemKey/3S433JSV,1785,1796,confident
700,704,301,https://www.zotero.org/jaguillette/items/collectionKey/3KQ5I42Q/itemKey/3S433JSV,1785,1796,confident
701,705,86,https://www.zotero.org/jaguillette/items/collectionKey/3KQ5I42Q/itemKey/3S433JSV,1785,1796,confident
702,706,302,https://www.zotero.org/jaguillette/items/collectionKey/3KQ5I42Q/itemKey/3S433JSV,1785,1796,confident
703,707,303,https://www.zotero.org/jaguillette/items/collectionKey/3KQ5I42Q/itemKey/3S433JSV,1785,1796,confident
704,708,304,https://www.zotero.org/jaguillette/items/collectionKey/3KQ5I42Q/itemKey/3S433JSV,1785,1796,confident
705,709,211,https://www.zotero.org/jaguillette/items/collectionKey/3KQ5I42Q/itemKey/3S433JSV,1785,1796,confident
706,710,305,https://www.zotero.org/jaguillette/items/collectionKey/3KQ5I42Q/itemKey/3S433JSV,1785,1796,confident
707,711,306,https://www.zotero.org/jaguillette/items/collectionKey/3KQ5I42Q/itemKey/3S433JSV,1785,1796,confident
708,712,307,https://www.zotero.org/jaguillette/items/collectionKey/3KQ5I42Q/itemKey/3S433JSV,1785,1796,confident
709,713,308,https://www.zotero.org/jaguillette/items/collectionKey/3KQ5I42Q/itemKey/3S433JSV,1785,1796,confident
710,714,309,https://www.zotero.org/jaguillette/items/collectionKey/3KQ5I42Q/itemKey/3S433JSV,1785,1796,confident
711,715,310,https://www.zotero.org/jaguillette/items/collectionKey/3KQ5I42Q/itemKey/3S433JSV,1785,1796,confident
712,716,311,https://www.zotero.org/jaguillette/items/collectionKey/3KQ5I42Q/itemKey/3S433JSV,1785,1796,confident
713,717,312,https://www.zotero.org/jaguillette/items/collectionKey/3KQ5I42Q/itemKey/3S433JSV,1785,1796,confident
714,718,313,https://www.zotero.org/jaguillette/items/collectionKey/3KQ5I42Q/itemKey/3S433JSV,1785,1796,confident
715,719,314,https://www.zotero.org/jaguillette/items/collectionKey/3KQ5I42Q/itemKey/3S433JSV,1785,1796,confident
716,720,315,https://www.zotero.org/jaguillette/items/collectionKey/3KQ5I42Q/itemKey/3S433JSV,1785,1796,confident
717,721,316,https://www.zotero.org/jaguillette/items/collectionKey/3KQ5I42Q/itemKey/3S433JSV,1785,1796,confident
718,722,317,https://www.zotero.org/jaguillette/items/collectionKey/3KQ5I42Q/itemKey/3S433JSV,1785,1796,confident
719,723,318,https://www.zotero.org/jaguillette/items/collectionKey/3KQ5I42Q/itemKey/3S433JSV,1785,1796,confident
720,724,319,https://www.zotero.org/jaguillette/items/collectionKey/3KQ5I42Q/itemKey/3S433JSV,1785,1796,confident
721,725,320,https://www.zotero.org/jaguillette/items/collectionKey/3KQ5I42Q/itemKey/3S433JSV,1785,1796,confident
722,726,321,https://www.zotero.org/jaguillette/items/collectionKey/3KQ5I42Q/itemKey/3S433JSV,1785,1796,confident
723,727,322,https://www.zotero.org/jaguillette/items/collectionKey/3KQ5I42Q/itemKey/3S433JSV,1785,1796,confident
724,728,323,https://www.zotero.org/jaguillette/items/collectionKey/3KQ5I42Q/itemKey/3S433JSV,1785,1796,confident
725,729,324,https://www.zotero.org/jaguillette/items/collectionKey/3KQ5I42Q/itemKey/3S433JSV,1785,1796,confident
726,730,325,https://www.zotero.org/jaguillette/items/collectionKey/3KQ5I42Q/itemKey/3S433JSV,1785,1796,confident
727,731,326,https://www.zotero.org/jaguillette/items/collectionKey/3KQ5I42Q/itemKey/3S433JSV,1785,1796,confident
728,732,327,https://www.zotero.org/jaguillette/items/collectionKey/3KQ5I42Q/itemKey/3S433JSV,1785,1796,confident
729,733,328,https://www.zotero.org/jaguillette/items/collectionKey/3KQ5I42Q/itemKey/3S433JSV,1785,1796,confident
730,734,329,https://www.zotero.org/jaguillette/items/collectionKey/3KQ5I42Q/itemKey/3S433JSV,1785,1796,confident
731,735,330,https://www.zotero.org/jaguillette/items/collectionKey/3KQ5I42Q/itemKey/3S433JSV,1785,1796,confident
732,736,331,https://www.zotero.org/jaguillette/items/collectionKey/3KQ5I42Q/itemKey/3S433JSV,1785,1796,confident
733,737,332,https://www.zotero.org/jaguillette/items/collectionKey/3KQ5I42Q/itemKey/3S433JSV,1785,1796,confident
734,738,333,https://www.zotero.org/jaguillette/items/collectionKey/3KQ5I42Q/itemKey/3S433JSV,1785,1796,confident
735,739,334,https://www.zotero.org/jaguillette/items/collectionKey/3KQ5I42Q/itemKey/3S433JSV,1785,1796,confident
736,740,335,https://www.zotero.org/jaguillette/items/collectionKey/3KQ5I42Q/itemKey/3S433JSV,1785,1796,confident
737,741,336,https://www.zotero.org/jaguillette/items/collectionKey/3KQ5I42Q/itemKey/3S433JSV,1785,1796,confident
738,742,337,https://www.zotero.org/jaguillette/items/collectionKey/3KQ5I42Q/itemKey/3S433JSV,1785,1796,confident
739,743,82,https://www.zotero.org/jaguillette/items/collectionKey/3KQ5I42Q/itemKey/3S433JSV,1785,1796,confident
740,744,136,https://www.zotero.org/jaguillette/items/collectionKey/3KQ5I42Q/itemKey/3S433JSV,1785,1796,confident
741,746,140,https://www.zotero.org/jaguillette/items/collectionKey/3KQ5I42Q/itemKey/3S433JSV,1785,1796,confident
742,749,8,https://www.zotero.org/jaguillette/items/collectionKey/3KQ5I42Q/itemKey/3S433JSV,1785,1796,confident
743,750,3,https://www.zotero.org/jaguillette/items/collectionKey/3KQ5I42Q/itemKey/3S433JSV,1785,1796,confident
744,753,18,https://www.zotero.org/jaguillette/items/collectionKey/3KQ5I42Q/itemKey/3S433JSV,1785,1796,confident
745,754,13,https://www.zotero.org/jaguillette/items/collectionKey/3KQ5I42Q/itemKey/3S433JSV,1785,1796,confident
746,755,8,https://www.zotero.org/jaguillette/items/collectionKey/3KQ5I42Q/itemKey/3S433JSV,1785,1796,confident
747,756,,https://www.zotero.org/jaguillette/items/collectionKey/3KQ5I42Q/itemKey/3S433JSV,1785,1796,confident
748,757,4,https://www.zotero.org/jaguillette/items/collectionKey/3KQ5I42Q/itemKey/3S433JSV,1785,1796,confident
749,758,95,https://www.zotero.org/jaguillette/items/collectionKey/3KQ5I42Q/itemKey/3S433JSV,1785,1796,confident
750,759,29,https://www.zotero.org/jaguillette/items/collectionKey/3KQ5I42Q/itemKey/3S433JSV,1785,1796,confident
751,760,32,https://www.zotero.org/jaguillette/items/collectionKey/3KQ5I42Q/itemKey/3S433JSV,1785,1796,confident
752,761,25,https://www.zotero.org/jaguillette/items/collectionKey/3KQ5I42Q/itemKey/3S433JSV,1785,1796,confident
753,762,111,https://www.zotero.org/jaguillette/items/collectionKey/3KQ5I42Q/itemKey/3S433JSV,1785,1796,confident
754,763,9,https://www.zotero.org/jaguillette/items/collectionKey/3KQ5I42Q/itemKey/3S433JSV,1785,1796,confident
755,764,98,https://www.zotero.org/jaguillette/items/collectionKey/3KQ5I42Q/itemKey/3S433JSV,1785,1796,confident
756,765,25,https://www.zotero.org/jaguillette/items/collectionKey/3KQ5I42Q/itemKey/3S433JSV,1785,1796,confident